model,stage,task,checkpoint_phase,checkpoint_step,layer_zero_based,layer_ordinal,phase,included_forward_positions,assignments,world_size,aggregation,source_sha256,load_cv,minimum_assignment_share,zero_hit_experts,zero_hit_scope
MoE12,base_sample,sample,base,1680,1,2,total,1181,2362,8,rank0_only_repeated_sampling,cd07ca948a121ff726504b8cfc5abf1b40ecb9ae8819e31a32b9c602ecde67eb,0.19174315806972855,0.09017781541066892,,measured_nonempty
MoE12,base_sample,sample,base,1680,1,2,prefill,60,120,8,rank0_only_repeated_sampling,cd07ca948a121ff726504b8cfc5abf1b40ecb9ae8819e31a32b9c602ecde67eb,0.29814239699997197,0.06666666666666667,,measured_nonempty
MoE12,base_sample,sample,base,1680,1,2,decode,1121,2242,8,rank0_only_repeated_sampling,cd07ca948a121ff726504b8cfc5abf1b40ecb9ae8819e31a32b9c602ecde67eb,0.20357559164913053,0.08742194469223907,,measured_nonempty
MoE12,base_sample,sample,base,1680,1,2,other,0,0,8,rank0_only_repeated_sampling,cd07ca948a121ff726504b8cfc5abf1b40ecb9ae8819e31a32b9c602ecde67eb,,,,no_positions_no_balance_evidence
MoE12,base_sample,sample,base,1680,3,4,total,1181,2362,8,rank0_only_repeated_sampling,cd07ca948a121ff726504b8cfc5abf1b40ecb9ae8819e31a32b9c602ecde67eb,0.08981433625608648,0.10795935647756139,,measured_nonempty
MoE12,base_sample,sample,base,1680,3,4,prefill,60,120,8,rank0_only_repeated_sampling,cd07ca948a121ff726504b8cfc5abf1b40ecb9ae8819e31a32b9c602ecde67eb,0.4307615994440029,0.041666666666666664,,measured_nonempty
MoE12,base_sample,sample,base,1680,3,4,decode,1121,2242,8,rank0_only_repeated_sampling,cd07ca948a121ff726504b8cfc5abf1b40ecb9ae8819e31a32b9c602ecde67eb,0.11209834587191131,0.10347903657448707,,measured_nonempty
MoE12,base_sample,sample,base,1680,3,4,other,0,0,8,rank0_only_repeated_sampling,cd07ca948a121ff726504b8cfc5abf1b40ecb9ae8819e31a32b9c602ecde67eb,,,,no_positions_no_balance_evidence
MoE12,base_sample,sample,base,1680,5,6,total,1181,2362,8,rank0_only_repeated_sampling,cd07ca948a121ff726504b8cfc5abf1b40ecb9ae8819e31a32b9c602ecde67eb,0.16724134204096627,0.0834038950042337,,measured_nonempty
MoE12,base_sample,sample,base,1680,5,6,prefill,60,120,8,rank0_only_repeated_sampling,cd07ca948a121ff726504b8cfc5abf1b40ecb9ae8819e31a32b9c602ecde67eb,0.4737556801183965,0.06666666666666667,,measured_nonempty
MoE12,base_sample,sample,base,1680,5,6,decode,1121,2242,8,rank0_only_repeated_sampling,cd07ca948a121ff726504b8cfc5abf1b40ecb9ae8819e31a32b9c602ecde67eb,0.18672643058260266,0.07805530776092774,,measured_nonempty
MoE12,base_sample,sample,base,1680,5,6,other,0,0,8,rank0_only_repeated_sampling,cd07ca948a121ff726504b8cfc5abf1b40ecb9ae8819e31a32b9c602ecde67eb,,,,no_positions_no_balance_evidence
MoE12,base_sample,sample,base,1680,7,8,total,1181,2362,8,rank0_only_repeated_sampling,cd07ca948a121ff726504b8cfc5abf1b40ecb9ae8819e31a32b9c602ecde67eb,0.07982293503802834,0.10626587637595258,,measured_nonempty
MoE12,base_sample,sample,base,1680,7,8,prefill,60,120,8,rank0_only_repeated_sampling,cd07ca948a121ff726504b8cfc5abf1b40ecb9ae8819e31a32b9c602ecde67eb,0.4509249752822894,0.03333333333333333,,measured_nonempty
MoE12,base_sample,sample,base,1680,7,8,decode,1121,2242,8,rank0_only_repeated_sampling,cd07ca948a121ff726504b8cfc5abf1b40ecb9ae8819e31a32b9c602ecde67eb,0.09081072364964299,0.10526315789473684,,measured_nonempty
MoE12,base_sample,sample,base,1680,7,8,other,0,0,8,rank0_only_repeated_sampling,cd07ca948a121ff726504b8cfc5abf1b40ecb9ae8819e31a32b9c602ecde67eb,,,,no_positions_no_balance_evidence
MoE12,base_sample,sample,base,1680,9,10,total,1181,2362,8,rank0_only_repeated_sampling,cd07ca948a121ff726504b8cfc5abf1b40ecb9ae8819e31a32b9c602ecde67eb,0.1563032594578724,0.08933107535986452,,measured_nonempty
MoE12,base_sample,sample,base,1680,9,10,prefill,60,120,8,rank0_only_repeated_sampling,cd07ca948a121ff726504b8cfc5abf1b40ecb9ae8819e31a32b9c602ecde67eb,0.3858612300930075,0.041666666666666664,,measured_nonempty
MoE12,base_sample,sample,base,1680,9,10,decode,1121,2242,8,rank0_only_repeated_sampling,cd07ca948a121ff726504b8cfc5abf1b40ecb9ae8819e31a32b9c602ecde67eb,0.18038825322873495,0.08251561106155218,,measured_nonempty
MoE12,base_sample,sample,base,1680,9,10,other,0,0,8,rank0_only_repeated_sampling,cd07ca948a121ff726504b8cfc5abf1b40ecb9ae8819e31a32b9c602ecde67eb,,,,no_positions_no_balance_evidence
MoE12,base_sample,sample,base,1680,11,12,total,1181,2362,8,rank0_only_repeated_sampling,cd07ca948a121ff726504b8cfc5abf1b40ecb9ae8819e31a32b9c602ecde67eb,0.15372238559408627,0.10245554614733277,,measured_nonempty
MoE12,base_sample,sample,base,1680,11,12,prefill,60,120,8,rank0_only_repeated_sampling,cd07ca948a121ff726504b8cfc5abf1b40ecb9ae8819e31a32b9c602ecde67eb,0.3815174380753199,0.06666666666666667,,measured_nonempty
MoE12,base_sample,sample,base,1680,11,12,decode,1121,2242,8,rank0_only_repeated_sampling,cd07ca948a121ff726504b8cfc5abf1b40ecb9ae8819e31a32b9c602ecde67eb,0.1621858525780678,0.10258697591436218,,measured_nonempty
MoE12,base_sample,sample,base,1680,11,12,other,0,0,8,rank0_only_repeated_sampling,cd07ca948a121ff726504b8cfc5abf1b40ecb9ae8819e31a32b9c602ecde67eb,,,,no_positions_no_balance_evidence
MoE12,base_bpb,train_bpb,base,1680,1,2,total,20971520,41943040,8,all_8_ranks_SUM_after_task,f6d4d8338d23c4a092b97d9daba14531cdbc1c72b3aadbfcd1cad214bef82f6f,0.157078169511438,0.10577580928802491,,measured_nonempty
MoE12,base_bpb,train_bpb,base,1680,1,2,prefill,0,0,8,all_8_ranks_SUM_after_task,f6d4d8338d23c4a092b97d9daba14531cdbc1c72b3aadbfcd1cad214bef82f6f,,,,no_positions_no_balance_evidence
MoE12,base_bpb,train_bpb,base,1680,1,2,decode,0,0,8,all_8_ranks_SUM_after_task,f6d4d8338d23c4a092b97d9daba14531cdbc1c72b3aadbfcd1cad214bef82f6f,,,,no_positions_no_balance_evidence
MoE12,base_bpb,train_bpb,base,1680,1,2,other,20971520,41943040,8,all_8_ranks_SUM_after_task,f6d4d8338d23c4a092b97d9daba14531cdbc1c72b3aadbfcd1cad214bef82f6f,0.157078169511438,0.10577580928802491,,measured_nonempty
MoE12,base_bpb,train_bpb,base,1680,3,4,total,20971520,41943040,8,all_8_ranks_SUM_after_task,f6d4d8338d23c4a092b97d9daba14531cdbc1c72b3aadbfcd1cad214bef82f6f,0.09157680834850282,0.10791530609130859,,measured_nonempty
MoE12,base_bpb,train_bpb,base,1680,3,4,prefill,0,0,8,all_8_ranks_SUM_after_task,f6d4d8338d23c4a092b97d9daba14531cdbc1c72b3aadbfcd1cad214bef82f6f,,,,no_positions_no_balance_evidence
MoE12,base_bpb,train_bpb,base,1680,3,4,decode,0,0,8,all_8_ranks_SUM_after_task,f6d4d8338d23c4a092b97d9daba14531cdbc1c72b3aadbfcd1cad214bef82f6f,,,,no_positions_no_balance_evidence
MoE12,base_bpb,train_bpb,base,1680,3,4,other,20971520,41943040,8,all_8_ranks_SUM_after_task,f6d4d8338d23c4a092b97d9daba14531cdbc1c72b3aadbfcd1cad214bef82f6f,0.09157680834850282,0.10791530609130859,,measured_nonempty
MoE12,base_bpb,train_bpb,base,1680,5,6,total,20971520,41943040,8,all_8_ranks_SUM_after_task,f6d4d8338d23c4a092b97d9daba14531cdbc1c72b3aadbfcd1cad214bef82f6f,0.1383077085068606,0.10754263401031494,,measured_nonempty
MoE12,base_bpb,train_bpb,base,1680,5,6,prefill,0,0,8,all_8_ranks_SUM_after_task,f6d4d8338d23c4a092b97d9daba14531cdbc1c72b3aadbfcd1cad214bef82f6f,,,,no_positions_no_balance_evidence
MoE12,base_bpb,train_bpb,base,1680,5,6,decode,0,0,8,all_8_ranks_SUM_after_task,f6d4d8338d23c4a092b97d9daba14531cdbc1c72b3aadbfcd1cad214bef82f6f,,,,no_positions_no_balance_evidence
MoE12,base_bpb,train_bpb,base,1680,5,6,other,20971520,41943040,8,all_8_ranks_SUM_after_task,f6d4d8338d23c4a092b97d9daba14531cdbc1c72b3aadbfcd1cad214bef82f6f,0.1383077085068606,0.10754263401031494,,measured_nonempty
MoE12,base_bpb,train_bpb,base,1680,7,8,total,20971520,41943040,8,all_8_ranks_SUM_after_task,f6d4d8338d23c4a092b97d9daba14531cdbc1c72b3aadbfcd1cad214bef82f6f,0.05702379922773006,0.11433718204498292,,measured_nonempty
MoE12,base_bpb,train_bpb,base,1680,7,8,prefill,0,0,8,all_8_ranks_SUM_after_task,f6d4d8338d23c4a092b97d9daba14531cdbc1c72b3aadbfcd1cad214bef82f6f,,,,no_positions_no_balance_evidence
MoE12,base_bpb,train_bpb,base,1680,7,8,decode,0,0,8,all_8_ranks_SUM_after_task,f6d4d8338d23c4a092b97d9daba14531cdbc1c72b3aadbfcd1cad214bef82f6f,,,,no_positions_no_balance_evidence
MoE12,base_bpb,train_bpb,base,1680,7,8,other,20971520,41943040,8,all_8_ranks_SUM_after_task,f6d4d8338d23c4a092b97d9daba14531cdbc1c72b3aadbfcd1cad214bef82f6f,0.05702379922773006,0.11433718204498292,,measured_nonempty
MoE12,base_bpb,train_bpb,base,1680,9,10,total,20971520,41943040,8,all_8_ranks_SUM_after_task,f6d4d8338d23c4a092b97d9daba14531cdbc1c72b3aadbfcd1cad214bef82f6f,0.09148802774718572,0.10624945163726807,,measured_nonempty
MoE12,base_bpb,train_bpb,base,1680,9,10,prefill,0,0,8,all_8_ranks_SUM_after_task,f6d4d8338d23c4a092b97d9daba14531cdbc1c72b3aadbfcd1cad214bef82f6f,,,,no_positions_no_balance_evidence
MoE12,base_bpb,train_bpb,base,1680,9,10,decode,0,0,8,all_8_ranks_SUM_after_task,f6d4d8338d23c4a092b97d9daba14531cdbc1c72b3aadbfcd1cad214bef82f6f,,,,no_positions_no_balance_evidence
MoE12,base_bpb,train_bpb,base,1680,9,10,other,20971520,41943040,8,all_8_ranks_SUM_after_task,f6d4d8338d23c4a092b97d9daba14531cdbc1c72b3aadbfcd1cad214bef82f6f,0.09148802774718572,0.10624945163726807,,measured_nonempty
MoE12,base_bpb,train_bpb,base,1680,11,12,total,20971520,41943040,8,all_8_ranks_SUM_after_task,f6d4d8338d23c4a092b97d9daba14531cdbc1c72b3aadbfcd1cad214bef82f6f,0.11157443407291197,0.11034939289093018,,measured_nonempty
MoE12,base_bpb,train_bpb,base,1680,11,12,prefill,0,0,8,all_8_ranks_SUM_after_task,f6d4d8338d23c4a092b97d9daba14531cdbc1c72b3aadbfcd1cad214bef82f6f,,,,no_positions_no_balance_evidence
MoE12,base_bpb,train_bpb,base,1680,11,12,decode,0,0,8,all_8_ranks_SUM_after_task,f6d4d8338d23c4a092b97d9daba14531cdbc1c72b3aadbfcd1cad214bef82f6f,,,,no_positions_no_balance_evidence
MoE12,base_bpb,train_bpb,base,1680,11,12,other,20971520,41943040,8,all_8_ranks_SUM_after_task,f6d4d8338d23c4a092b97d9daba14531cdbc1c72b3aadbfcd1cad214bef82f6f,0.11157443407291197,0.11034939289093018,,measured_nonempty
MoE12,base_bpb,val_bpb,base,1680,1,2,total,20971520,41943040,8,all_8_ranks_SUM_after_task,f6d4d8338d23c4a092b97d9daba14531cdbc1c72b3aadbfcd1cad214bef82f6f,0.15686419189078993,0.10610001087188721,,measured_nonempty
MoE12,base_bpb,val_bpb,base,1680,1,2,prefill,0,0,8,all_8_ranks_SUM_after_task,f6d4d8338d23c4a092b97d9daba14531cdbc1c72b3aadbfcd1cad214bef82f6f,,,,no_positions_no_balance_evidence
MoE12,base_bpb,val_bpb,base,1680,1,2,decode,0,0,8,all_8_ranks_SUM_after_task,f6d4d8338d23c4a092b97d9daba14531cdbc1c72b3aadbfcd1cad214bef82f6f,,,,no_positions_no_balance_evidence
MoE12,base_bpb,val_bpb,base,1680,1,2,other,20971520,41943040,8,all_8_ranks_SUM_after_task,f6d4d8338d23c4a092b97d9daba14531cdbc1c72b3aadbfcd1cad214bef82f6f,0.15686419189078993,0.10610001087188721,,measured_nonempty
MoE12,base_bpb,val_bpb,base,1680,3,4,total,20971520,41943040,8,all_8_ranks_SUM_after_task,f6d4d8338d23c4a092b97d9daba14531cdbc1c72b3aadbfcd1cad214bef82f6f,0.09162589623570662,0.10791137218475341,,measured_nonempty
MoE12,base_bpb,val_bpb,base,1680,3,4,prefill,0,0,8,all_8_ranks_SUM_after_task,f6d4d8338d23c4a092b97d9daba14531cdbc1c72b3aadbfcd1cad214bef82f6f,,,,no_positions_no_balance_evidence
MoE12,base_bpb,val_bpb,base,1680,3,4,decode,0,0,8,all_8_ranks_SUM_after_task,f6d4d8338d23c4a092b97d9daba14531cdbc1c72b3aadbfcd1cad214bef82f6f,,,,no_positions_no_balance_evidence
MoE12,base_bpb,val_bpb,base,1680,3,4,other,20971520,41943040,8,all_8_ranks_SUM_after_task,f6d4d8338d23c4a092b97d9daba14531cdbc1c72b3aadbfcd1cad214bef82f6f,0.09162589623570662,0.10791137218475341,,measured_nonempty
MoE12,base_bpb,val_bpb,base,1680,5,6,total,20971520,41943040,8,all_8_ranks_SUM_after_task,f6d4d8338d23c4a092b97d9daba14531cdbc1c72b3aadbfcd1cad214bef82f6f,0.138723425021089,0.1073582649230957,,measured_nonempty
MoE12,base_bpb,val_bpb,base,1680,5,6,prefill,0,0,8,all_8_ranks_SUM_after_task,f6d4d8338d23c4a092b97d9daba14531cdbc1c72b3aadbfcd1cad214bef82f6f,,,,no_positions_no_balance_evidence
MoE12,base_bpb,val_bpb,base,1680,5,6,decode,0,0,8,all_8_ranks_SUM_after_task,f6d4d8338d23c4a092b97d9daba14531cdbc1c72b3aadbfcd1cad214bef82f6f,,,,no_positions_no_balance_evidence
MoE12,base_bpb,val_bpb,base,1680,5,6,other,20971520,41943040,8,all_8_ranks_SUM_after_task,f6d4d8338d23c4a092b97d9daba14531cdbc1c72b3aadbfcd1cad214bef82f6f,0.138723425021089,0.1073582649230957,,measured_nonempty
MoE12,base_bpb,val_bpb,base,1680,7,8,total,20971520,41943040,8,all_8_ranks_SUM_after_task,f6d4d8338d23c4a092b97d9daba14531cdbc1c72b3aadbfcd1cad214bef82f6f,0.05742972170409997,0.11399188041687011,,measured_nonempty
MoE12,base_bpb,val_bpb,base,1680,7,8,prefill,0,0,8,all_8_ranks_SUM_after_task,f6d4d8338d23c4a092b97d9daba14531cdbc1c72b3aadbfcd1cad214bef82f6f,,,,no_positions_no_balance_evidence
MoE12,base_bpb,val_bpb,base,1680,7,8,decode,0,0,8,all_8_ranks_SUM_after_task,f6d4d8338d23c4a092b97d9daba14531cdbc1c72b3aadbfcd1cad214bef82f6f,,,,no_positions_no_balance_evidence
MoE12,base_bpb,val_bpb,base,1680,7,8,other,20971520,41943040,8,all_8_ranks_SUM_after_task,f6d4d8338d23c4a092b97d9daba14531cdbc1c72b3aadbfcd1cad214bef82f6f,0.05742972170409997,0.11399188041687011,,measured_nonempty
MoE12,base_bpb,val_bpb,base,1680,9,10,total,20971520,41943040,8,all_8_ranks_SUM_after_task,f6d4d8338d23c4a092b97d9daba14531cdbc1c72b3aadbfcd1cad214bef82f6f,0.0911504493787129,0.10646243095397949,,measured_nonempty
MoE12,base_bpb,val_bpb,base,1680,9,10,prefill,0,0,8,all_8_ranks_SUM_after_task,f6d4d8338d23c4a092b97d9daba14531cdbc1c72b3aadbfcd1cad214bef82f6f,,,,no_positions_no_balance_evidence
MoE12,base_bpb,val_bpb,base,1680,9,10,decode,0,0,8,all_8_ranks_SUM_after_task,f6d4d8338d23c4a092b97d9daba14531cdbc1c72b3aadbfcd1cad214bef82f6f,,,,no_positions_no_balance_evidence
MoE12,base_bpb,val_bpb,base,1680,9,10,other,20971520,41943040,8,all_8_ranks_SUM_after_task,f6d4d8338d23c4a092b97d9daba14531cdbc1c72b3aadbfcd1cad214bef82f6f,0.0911504493787129,0.10646243095397949,,measured_nonempty
MoE12,base_bpb,val_bpb,base,1680,11,12,total,20971520,41943040,8,all_8_ranks_SUM_after_task,f6d4d8338d23c4a092b97d9daba14531cdbc1c72b3aadbfcd1cad214bef82f6f,0.11089291051684702,0.11032946109771728,,measured_nonempty
MoE12,base_bpb,val_bpb,base,1680,11,12,prefill,0,0,8,all_8_ranks_SUM_after_task,f6d4d8338d23c4a092b97d9daba14531cdbc1c72b3aadbfcd1cad214bef82f6f,,,,no_positions_no_balance_evidence
MoE12,base_bpb,val_bpb,base,1680,11,12,decode,0,0,8,all_8_ranks_SUM_after_task,f6d4d8338d23c4a092b97d9daba14531cdbc1c72b3aadbfcd1cad214bef82f6f,,,,no_positions_no_balance_evidence
MoE12,base_bpb,val_bpb,base,1680,11,12,other,20971520,41943040,8,all_8_ranks_SUM_after_task,f6d4d8338d23c4a092b97d9daba14531cdbc1c72b3aadbfcd1cad214bef82f6f,0.11089291051684702,0.11032946109771728,,measured_nonempty
MoE12,core_00,hellaswag_zeroshot,base,1680,1,2,total,3233105,6466210,8,all_8_ranks_SUM_after_task,a8e96879bb2f724cfbd1f85da6d67a22d85734fa3a0dfc7f37f4007b4b76d280,0.21938798558558548,0.09034488518003592,,measured_nonempty
MoE12,core_00,hellaswag_zeroshot,base,1680,1,2,prefill,0,0,8,all_8_ranks_SUM_after_task,a8e96879bb2f724cfbd1f85da6d67a22d85734fa3a0dfc7f37f4007b4b76d280,,,,no_positions_no_balance_evidence
MoE12,core_00,hellaswag_zeroshot,base,1680,1,2,decode,0,0,8,all_8_ranks_SUM_after_task,a8e96879bb2f724cfbd1f85da6d67a22d85734fa3a0dfc7f37f4007b4b76d280,,,,no_positions_no_balance_evidence
MoE12,core_00,hellaswag_zeroshot,base,1680,1,2,other,3233105,6466210,8,all_8_ranks_SUM_after_task,a8e96879bb2f724cfbd1f85da6d67a22d85734fa3a0dfc7f37f4007b4b76d280,0.21938798558558548,0.09034488518003592,,measured_nonempty
MoE12,core_00,hellaswag_zeroshot,base,1680,3,4,total,3233105,6466210,8,all_8_ranks_SUM_after_task,a8e96879bb2f724cfbd1f85da6d67a22d85734fa3a0dfc7f37f4007b4b76d280,0.167637155024442,0.09212320663881934,,measured_nonempty
MoE12,core_00,hellaswag_zeroshot,base,1680,3,4,prefill,0,0,8,all_8_ranks_SUM_after_task,a8e96879bb2f724cfbd1f85da6d67a22d85734fa3a0dfc7f37f4007b4b76d280,,,,no_positions_no_balance_evidence
MoE12,core_00,hellaswag_zeroshot,base,1680,3,4,decode,0,0,8,all_8_ranks_SUM_after_task,a8e96879bb2f724cfbd1f85da6d67a22d85734fa3a0dfc7f37f4007b4b76d280,,,,no_positions_no_balance_evidence
MoE12,core_00,hellaswag_zeroshot,base,1680,3,4,other,3233105,6466210,8,all_8_ranks_SUM_after_task,a8e96879bb2f724cfbd1f85da6d67a22d85734fa3a0dfc7f37f4007b4b76d280,0.167637155024442,0.09212320663881934,,measured_nonempty
MoE12,core_00,hellaswag_zeroshot,base,1680,5,6,total,3233105,6466210,8,all_8_ranks_SUM_after_task,a8e96879bb2f724cfbd1f85da6d67a22d85734fa3a0dfc7f37f4007b4b76d280,0.21113619984297818,0.08239803532517502,,measured_nonempty
MoE12,core_00,hellaswag_zeroshot,base,1680,5,6,prefill,0,0,8,all_8_ranks_SUM_after_task,a8e96879bb2f724cfbd1f85da6d67a22d85734fa3a0dfc7f37f4007b4b76d280,,,,no_positions_no_balance_evidence
MoE12,core_00,hellaswag_zeroshot,base,1680,5,6,decode,0,0,8,all_8_ranks_SUM_after_task,a8e96879bb2f724cfbd1f85da6d67a22d85734fa3a0dfc7f37f4007b4b76d280,,,,no_positions_no_balance_evidence
MoE12,core_00,hellaswag_zeroshot,base,1680,5,6,other,3233105,6466210,8,all_8_ranks_SUM_after_task,a8e96879bb2f724cfbd1f85da6d67a22d85734fa3a0dfc7f37f4007b4b76d280,0.21113619984297818,0.08239803532517502,,measured_nonempty
MoE12,core_00,hellaswag_zeroshot,base,1680,7,8,total,3233105,6466210,8,all_8_ranks_SUM_after_task,a8e96879bb2f724cfbd1f85da6d67a22d85734fa3a0dfc7f37f4007b4b76d280,0.14244271919723037,0.09689988416707777,,measured_nonempty
MoE12,core_00,hellaswag_zeroshot,base,1680,7,8,prefill,0,0,8,all_8_ranks_SUM_after_task,a8e96879bb2f724cfbd1f85da6d67a22d85734fa3a0dfc7f37f4007b4b76d280,,,,no_positions_no_balance_evidence
MoE12,core_00,hellaswag_zeroshot,base,1680,7,8,decode,0,0,8,all_8_ranks_SUM_after_task,a8e96879bb2f724cfbd1f85da6d67a22d85734fa3a0dfc7f37f4007b4b76d280,,,,no_positions_no_balance_evidence
MoE12,core_00,hellaswag_zeroshot,base,1680,7,8,other,3233105,6466210,8,all_8_ranks_SUM_after_task,a8e96879bb2f724cfbd1f85da6d67a22d85734fa3a0dfc7f37f4007b4b76d280,0.14244271919723037,0.09689988416707777,,measured_nonempty
MoE12,core_00,hellaswag_zeroshot,base,1680,9,10,total,3233105,6466210,8,all_8_ranks_SUM_after_task,a8e96879bb2f724cfbd1f85da6d67a22d85734fa3a0dfc7f37f4007b4b76d280,0.22195182287124127,0.07034568936053731,,measured_nonempty
MoE12,core_00,hellaswag_zeroshot,base,1680,9,10,prefill,0,0,8,all_8_ranks_SUM_after_task,a8e96879bb2f724cfbd1f85da6d67a22d85734fa3a0dfc7f37f4007b4b76d280,,,,no_positions_no_balance_evidence
MoE12,core_00,hellaswag_zeroshot,base,1680,9,10,decode,0,0,8,all_8_ranks_SUM_after_task,a8e96879bb2f724cfbd1f85da6d67a22d85734fa3a0dfc7f37f4007b4b76d280,,,,no_positions_no_balance_evidence
MoE12,core_00,hellaswag_zeroshot,base,1680,9,10,other,3233105,6466210,8,all_8_ranks_SUM_after_task,a8e96879bb2f724cfbd1f85da6d67a22d85734fa3a0dfc7f37f4007b4b76d280,0.22195182287124127,0.07034568936053731,,measured_nonempty
MoE12,core_00,hellaswag_zeroshot,base,1680,11,12,total,3233105,6466210,8,all_8_ranks_SUM_after_task,a8e96879bb2f724cfbd1f85da6d67a22d85734fa3a0dfc7f37f4007b4b76d280,0.3110473381464388,0.07550806422927804,,measured_nonempty
MoE12,core_00,hellaswag_zeroshot,base,1680,11,12,prefill,0,0,8,all_8_ranks_SUM_after_task,a8e96879bb2f724cfbd1f85da6d67a22d85734fa3a0dfc7f37f4007b4b76d280,,,,no_positions_no_balance_evidence
MoE12,core_00,hellaswag_zeroshot,base,1680,11,12,decode,0,0,8,all_8_ranks_SUM_after_task,a8e96879bb2f724cfbd1f85da6d67a22d85734fa3a0dfc7f37f4007b4b76d280,,,,no_positions_no_balance_evidence
MoE12,core_00,hellaswag_zeroshot,base,1680,11,12,other,3233105,6466210,8,all_8_ranks_SUM_after_task,a8e96879bb2f724cfbd1f85da6d67a22d85734fa3a0dfc7f37f4007b4b76d280,0.3110473381464388,0.07550806422927804,,measured_nonempty
MoE12,core_01,jeopardy,base,1680,1,2,total,776918,1553836,8,all_8_ranks_SUM_after_task,fc835e9bc89cecdb0f8255ead8b9a9a0807ca8c1f3a03d45e1ce62e1305dd74a,0.5801372595146382,0.05204989458346956,,measured_nonempty
MoE12,core_01,jeopardy,base,1680,1,2,prefill,0,0,8,all_8_ranks_SUM_after_task,fc835e9bc89cecdb0f8255ead8b9a9a0807ca8c1f3a03d45e1ce62e1305dd74a,,,,no_positions_no_balance_evidence
MoE12,core_01,jeopardy,base,1680,1,2,decode,0,0,8,all_8_ranks_SUM_after_task,fc835e9bc89cecdb0f8255ead8b9a9a0807ca8c1f3a03d45e1ce62e1305dd74a,,,,no_positions_no_balance_evidence
MoE12,core_01,jeopardy,base,1680,1,2,other,776918,1553836,8,all_8_ranks_SUM_after_task,fc835e9bc89cecdb0f8255ead8b9a9a0807ca8c1f3a03d45e1ce62e1305dd74a,0.5801372595146382,0.05204989458346956,,measured_nonempty
MoE12,core_01,jeopardy,base,1680,3,4,total,776918,1553836,8,all_8_ranks_SUM_after_task,fc835e9bc89cecdb0f8255ead8b9a9a0807ca8c1f3a03d45e1ce62e1305dd74a,0.42664508912301746,0.062330902360352054,,measured_nonempty
MoE12,core_01,jeopardy,base,1680,3,4,prefill,0,0,8,all_8_ranks_SUM_after_task,fc835e9bc89cecdb0f8255ead8b9a9a0807ca8c1f3a03d45e1ce62e1305dd74a,,,,no_positions_no_balance_evidence
MoE12,core_01,jeopardy,base,1680,3,4,decode,0,0,8,all_8_ranks_SUM_after_task,fc835e9bc89cecdb0f8255ead8b9a9a0807ca8c1f3a03d45e1ce62e1305dd74a,,,,no_positions_no_balance_evidence
MoE12,core_01,jeopardy,base,1680,3,4,other,776918,1553836,8,all_8_ranks_SUM_after_task,fc835e9bc89cecdb0f8255ead8b9a9a0807ca8c1f3a03d45e1ce62e1305dd74a,0.42664508912301746,0.062330902360352054,,measured_nonempty
MoE12,core_01,jeopardy,base,1680,5,6,total,776918,1553836,8,all_8_ranks_SUM_after_task,fc835e9bc89cecdb0f8255ead8b9a9a0807ca8c1f3a03d45e1ce62e1305dd74a,0.5740635263928936,0.055426698827932934,,measured_nonempty
MoE12,core_01,jeopardy,base,1680,5,6,prefill,0,0,8,all_8_ranks_SUM_after_task,fc835e9bc89cecdb0f8255ead8b9a9a0807ca8c1f3a03d45e1ce62e1305dd74a,,,,no_positions_no_balance_evidence
MoE12,core_01,jeopardy,base,1680,5,6,decode,0,0,8,all_8_ranks_SUM_after_task,fc835e9bc89cecdb0f8255ead8b9a9a0807ca8c1f3a03d45e1ce62e1305dd74a,,,,no_positions_no_balance_evidence
MoE12,core_01,jeopardy,base,1680,5,6,other,776918,1553836,8,all_8_ranks_SUM_after_task,fc835e9bc89cecdb0f8255ead8b9a9a0807ca8c1f3a03d45e1ce62e1305dd74a,0.5740635263928936,0.055426698827932934,,measured_nonempty
MoE12,core_01,jeopardy,base,1680,7,8,total,776918,1553836,8,all_8_ranks_SUM_after_task,fc835e9bc89cecdb0f8255ead8b9a9a0807ca8c1f3a03d45e1ce62e1305dd74a,0.39657184172806426,0.06784692850468131,,measured_nonempty
MoE12,core_01,jeopardy,base,1680,7,8,prefill,0,0,8,all_8_ranks_SUM_after_task,fc835e9bc89cecdb0f8255ead8b9a9a0807ca8c1f3a03d45e1ce62e1305dd74a,,,,no_positions_no_balance_evidence
MoE12,core_01,jeopardy,base,1680,7,8,decode,0,0,8,all_8_ranks_SUM_after_task,fc835e9bc89cecdb0f8255ead8b9a9a0807ca8c1f3a03d45e1ce62e1305dd74a,,,,no_positions_no_balance_evidence
MoE12,core_01,jeopardy,base,1680,7,8,other,776918,1553836,8,all_8_ranks_SUM_after_task,fc835e9bc89cecdb0f8255ead8b9a9a0807ca8c1f3a03d45e1ce62e1305dd74a,0.39657184172806426,0.06784692850468131,,measured_nonempty
MoE12,core_01,jeopardy,base,1680,9,10,total,776918,1553836,8,all_8_ranks_SUM_after_task,fc835e9bc89cecdb0f8255ead8b9a9a0807ca8c1f3a03d45e1ce62e1305dd74a,0.5005182712762107,0.062079910621198116,,measured_nonempty
MoE12,core_01,jeopardy,base,1680,9,10,prefill,0,0,8,all_8_ranks_SUM_after_task,fc835e9bc89cecdb0f8255ead8b9a9a0807ca8c1f3a03d45e1ce62e1305dd74a,,,,no_positions_no_balance_evidence
MoE12,core_01,jeopardy,base,1680,9,10,decode,0,0,8,all_8_ranks_SUM_after_task,fc835e9bc89cecdb0f8255ead8b9a9a0807ca8c1f3a03d45e1ce62e1305dd74a,,,,no_positions_no_balance_evidence
MoE12,core_01,jeopardy,base,1680,9,10,other,776918,1553836,8,all_8_ranks_SUM_after_task,fc835e9bc89cecdb0f8255ead8b9a9a0807ca8c1f3a03d45e1ce62e1305dd74a,0.5005182712762107,0.062079910621198116,,measured_nonempty
MoE12,core_01,jeopardy,base,1680,11,12,total,776918,1553836,8,all_8_ranks_SUM_after_task,fc835e9bc89cecdb0f8255ead8b9a9a0807ca8c1f3a03d45e1ce62e1305dd74a,0.5226000557970498,0.06705019062500804,,measured_nonempty
MoE12,core_01,jeopardy,base,1680,11,12,prefill,0,0,8,all_8_ranks_SUM_after_task,fc835e9bc89cecdb0f8255ead8b9a9a0807ca8c1f3a03d45e1ce62e1305dd74a,,,,no_positions_no_balance_evidence
MoE12,core_01,jeopardy,base,1680,11,12,decode,0,0,8,all_8_ranks_SUM_after_task,fc835e9bc89cecdb0f8255ead8b9a9a0807ca8c1f3a03d45e1ce62e1305dd74a,,,,no_positions_no_balance_evidence
MoE12,core_01,jeopardy,base,1680,11,12,other,776918,1553836,8,all_8_ranks_SUM_after_task,fc835e9bc89cecdb0f8255ead8b9a9a0807ca8c1f3a03d45e1ce62e1305dd74a,0.5226000557970498,0.06705019062500804,,measured_nonempty
MoE12,core_02,bigbench_qa_wikidata,base,1680,1,2,total,2618160,5236320,8,all_8_ranks_SUM_after_task,e03341ae3b3966e93b8a8aba3b0e899068d9c593c3c25b43065e341b7267d594,0.7207796726721719,0.035147584563204694,,measured_nonempty
MoE12,core_02,bigbench_qa_wikidata,base,1680,1,2,prefill,0,0,8,all_8_ranks_SUM_after_task,e03341ae3b3966e93b8a8aba3b0e899068d9c593c3c25b43065e341b7267d594,,,,no_positions_no_balance_evidence
MoE12,core_02,bigbench_qa_wikidata,base,1680,1,2,decode,0,0,8,all_8_ranks_SUM_after_task,e03341ae3b3966e93b8a8aba3b0e899068d9c593c3c25b43065e341b7267d594,,,,no_positions_no_balance_evidence
MoE12,core_02,bigbench_qa_wikidata,base,1680,1,2,other,2618160,5236320,8,all_8_ranks_SUM_after_task,e03341ae3b3966e93b8a8aba3b0e899068d9c593c3c25b43065e341b7267d594,0.7207796726721719,0.035147584563204694,,measured_nonempty
MoE12,core_02,bigbench_qa_wikidata,base,1680,3,4,total,2618160,5236320,8,all_8_ranks_SUM_after_task,e03341ae3b3966e93b8a8aba3b0e899068d9c593c3c25b43065e341b7267d594,0.6811486744442208,0.01958913893726892,,measured_nonempty
MoE12,core_02,bigbench_qa_wikidata,base,1680,3,4,prefill,0,0,8,all_8_ranks_SUM_after_task,e03341ae3b3966e93b8a8aba3b0e899068d9c593c3c25b43065e341b7267d594,,,,no_positions_no_balance_evidence
MoE12,core_02,bigbench_qa_wikidata,base,1680,3,4,decode,0,0,8,all_8_ranks_SUM_after_task,e03341ae3b3966e93b8a8aba3b0e899068d9c593c3c25b43065e341b7267d594,,,,no_positions_no_balance_evidence
MoE12,core_02,bigbench_qa_wikidata,base,1680,3,4,other,2618160,5236320,8,all_8_ranks_SUM_after_task,e03341ae3b3966e93b8a8aba3b0e899068d9c593c3c25b43065e341b7267d594,0.6811486744442208,0.01958913893726892,,measured_nonempty
MoE12,core_02,bigbench_qa_wikidata,base,1680,5,6,total,2618160,5236320,8,all_8_ranks_SUM_after_task,e03341ae3b3966e93b8a8aba3b0e899068d9c593c3c25b43065e341b7267d594,0.7929604320913577,0.011570721422678521,,measured_nonempty
MoE12,core_02,bigbench_qa_wikidata,base,1680,5,6,prefill,0,0,8,all_8_ranks_SUM_after_task,e03341ae3b3966e93b8a8aba3b0e899068d9c593c3c25b43065e341b7267d594,,,,no_positions_no_balance_evidence
MoE12,core_02,bigbench_qa_wikidata,base,1680,5,6,decode,0,0,8,all_8_ranks_SUM_after_task,e03341ae3b3966e93b8a8aba3b0e899068d9c593c3c25b43065e341b7267d594,,,,no_positions_no_balance_evidence
MoE12,core_02,bigbench_qa_wikidata,base,1680,5,6,other,2618160,5236320,8,all_8_ranks_SUM_after_task,e03341ae3b3966e93b8a8aba3b0e899068d9c593c3c25b43065e341b7267d594,0.7929604320913577,0.011570721422678521,,measured_nonempty
MoE12,core_02,bigbench_qa_wikidata,base,1680,7,8,total,2618160,5236320,8,all_8_ranks_SUM_after_task,e03341ae3b3966e93b8a8aba3b0e899068d9c593c3c25b43065e341b7267d594,0.5340867213309172,0.03144574815901244,,measured_nonempty
MoE12,core_02,bigbench_qa_wikidata,base,1680,7,8,prefill,0,0,8,all_8_ranks_SUM_after_task,e03341ae3b3966e93b8a8aba3b0e899068d9c593c3c25b43065e341b7267d594,,,,no_positions_no_balance_evidence
MoE12,core_02,bigbench_qa_wikidata,base,1680,7,8,decode,0,0,8,all_8_ranks_SUM_after_task,e03341ae3b3966e93b8a8aba3b0e899068d9c593c3c25b43065e341b7267d594,,,,no_positions_no_balance_evidence
MoE12,core_02,bigbench_qa_wikidata,base,1680,7,8,other,2618160,5236320,8,all_8_ranks_SUM_after_task,e03341ae3b3966e93b8a8aba3b0e899068d9c593c3c25b43065e341b7267d594,0.5340867213309172,0.03144574815901244,,measured_nonempty
MoE12,core_02,bigbench_qa_wikidata,base,1680,9,10,total,2618160,5236320,8,all_8_ranks_SUM_after_task,e03341ae3b3966e93b8a8aba3b0e899068d9c593c3c25b43065e341b7267d594,0.5798251285660381,0.044706014911235374,,measured_nonempty
MoE12,core_02,bigbench_qa_wikidata,base,1680,9,10,prefill,0,0,8,all_8_ranks_SUM_after_task,e03341ae3b3966e93b8a8aba3b0e899068d9c593c3c25b43065e341b7267d594,,,,no_positions_no_balance_evidence
MoE12,core_02,bigbench_qa_wikidata,base,1680,9,10,decode,0,0,8,all_8_ranks_SUM_after_task,e03341ae3b3966e93b8a8aba3b0e899068d9c593c3c25b43065e341b7267d594,,,,no_positions_no_balance_evidence
MoE12,core_02,bigbench_qa_wikidata,base,1680,9,10,other,2618160,5236320,8,all_8_ranks_SUM_after_task,e03341ae3b3966e93b8a8aba3b0e899068d9c593c3c25b43065e341b7267d594,0.5798251285660381,0.044706014911235374,,measured_nonempty
MoE12,core_02,bigbench_qa_wikidata,base,1680,11,12,total,2618160,5236320,8,all_8_ranks_SUM_after_task,e03341ae3b3966e93b8a8aba3b0e899068d9c593c3c25b43065e341b7267d594,0.5896997230489618,0.006630037889204632,,measured_nonempty
MoE12,core_02,bigbench_qa_wikidata,base,1680,11,12,prefill,0,0,8,all_8_ranks_SUM_after_task,e03341ae3b3966e93b8a8aba3b0e899068d9c593c3c25b43065e341b7267d594,,,,no_positions_no_balance_evidence
MoE12,core_02,bigbench_qa_wikidata,base,1680,11,12,decode,0,0,8,all_8_ranks_SUM_after_task,e03341ae3b3966e93b8a8aba3b0e899068d9c593c3c25b43065e341b7267d594,,,,no_positions_no_balance_evidence
MoE12,core_02,bigbench_qa_wikidata,base,1680,11,12,other,2618160,5236320,8,all_8_ranks_SUM_after_task,e03341ae3b3966e93b8a8aba3b0e899068d9c593c3c25b43065e341b7267d594,0.5896997230489618,0.006630037889204632,,measured_nonempty
MoE12,core_03,arc_easy,base,1680,1,2,total,3315004,6630008,8,all_8_ranks_SUM_after_task,e075c5d017fff59a1dc97a0d54bc8b10168616252ce54640e6715fc4a3efbd26,0.2075892413709615,0.08006672088480135,,measured_nonempty
MoE12,core_03,arc_easy,base,1680,1,2,prefill,0,0,8,all_8_ranks_SUM_after_task,e075c5d017fff59a1dc97a0d54bc8b10168616252ce54640e6715fc4a3efbd26,,,,no_positions_no_balance_evidence
MoE12,core_03,arc_easy,base,1680,1,2,decode,0,0,8,all_8_ranks_SUM_after_task,e075c5d017fff59a1dc97a0d54bc8b10168616252ce54640e6715fc4a3efbd26,,,,no_positions_no_balance_evidence
MoE12,core_03,arc_easy,base,1680,1,2,other,3315004,6630008,8,all_8_ranks_SUM_after_task,e075c5d017fff59a1dc97a0d54bc8b10168616252ce54640e6715fc4a3efbd26,0.2075892413709615,0.08006672088480135,,measured_nonempty
MoE12,core_03,arc_easy,base,1680,3,4,total,3315004,6630008,8,all_8_ranks_SUM_after_task,e075c5d017fff59a1dc97a0d54bc8b10168616252ce54640e6715fc4a3efbd26,0.2628141291617096,0.09284755010853682,,measured_nonempty
MoE12,core_03,arc_easy,base,1680,3,4,prefill,0,0,8,all_8_ranks_SUM_after_task,e075c5d017fff59a1dc97a0d54bc8b10168616252ce54640e6715fc4a3efbd26,,,,no_positions_no_balance_evidence
MoE12,core_03,arc_easy,base,1680,3,4,decode,0,0,8,all_8_ranks_SUM_after_task,e075c5d017fff59a1dc97a0d54bc8b10168616252ce54640e6715fc4a3efbd26,,,,no_positions_no_balance_evidence
MoE12,core_03,arc_easy,base,1680,3,4,other,3315004,6630008,8,all_8_ranks_SUM_after_task,e075c5d017fff59a1dc97a0d54bc8b10168616252ce54640e6715fc4a3efbd26,0.2628141291617096,0.09284755010853682,,measured_nonempty
MoE12,core_03,arc_easy,base,1680,5,6,total,3315004,6630008,8,all_8_ranks_SUM_after_task,e075c5d017fff59a1dc97a0d54bc8b10168616252ce54640e6715fc4a3efbd26,0.15409920701733218,0.08774031645210685,,measured_nonempty
MoE12,core_03,arc_easy,base,1680,5,6,prefill,0,0,8,all_8_ranks_SUM_after_task,e075c5d017fff59a1dc97a0d54bc8b10168616252ce54640e6715fc4a3efbd26,,,,no_positions_no_balance_evidence
MoE12,core_03,arc_easy,base,1680,5,6,decode,0,0,8,all_8_ranks_SUM_after_task,e075c5d017fff59a1dc97a0d54bc8b10168616252ce54640e6715fc4a3efbd26,,,,no_positions_no_balance_evidence
MoE12,core_03,arc_easy,base,1680,5,6,other,3315004,6630008,8,all_8_ranks_SUM_after_task,e075c5d017fff59a1dc97a0d54bc8b10168616252ce54640e6715fc4a3efbd26,0.15409920701733218,0.08774031645210685,,measured_nonempty
MoE12,core_03,arc_easy,base,1680,7,8,total,3315004,6630008,8,all_8_ranks_SUM_after_task,e075c5d017fff59a1dc97a0d54bc8b10168616252ce54640e6715fc4a3efbd26,0.10335926830705483,0.10810529942045319,,measured_nonempty
MoE12,core_03,arc_easy,base,1680,7,8,prefill,0,0,8,all_8_ranks_SUM_after_task,e075c5d017fff59a1dc97a0d54bc8b10168616252ce54640e6715fc4a3efbd26,,,,no_positions_no_balance_evidence
MoE12,core_03,arc_easy,base,1680,7,8,decode,0,0,8,all_8_ranks_SUM_after_task,e075c5d017fff59a1dc97a0d54bc8b10168616252ce54640e6715fc4a3efbd26,,,,no_positions_no_balance_evidence
MoE12,core_03,arc_easy,base,1680,7,8,other,3315004,6630008,8,all_8_ranks_SUM_after_task,e075c5d017fff59a1dc97a0d54bc8b10168616252ce54640e6715fc4a3efbd26,0.10335926830705483,0.10810529942045319,,measured_nonempty
MoE12,core_03,arc_easy,base,1680,9,10,total,3315004,6630008,8,all_8_ranks_SUM_after_task,e075c5d017fff59a1dc97a0d54bc8b10168616252ce54640e6715fc4a3efbd26,0.17509865107374512,0.09612401674326788,,measured_nonempty
MoE12,core_03,arc_easy,base,1680,9,10,prefill,0,0,8,all_8_ranks_SUM_after_task,e075c5d017fff59a1dc97a0d54bc8b10168616252ce54640e6715fc4a3efbd26,,,,no_positions_no_balance_evidence
MoE12,core_03,arc_easy,base,1680,9,10,decode,0,0,8,all_8_ranks_SUM_after_task,e075c5d017fff59a1dc97a0d54bc8b10168616252ce54640e6715fc4a3efbd26,,,,no_positions_no_balance_evidence
MoE12,core_03,arc_easy,base,1680,9,10,other,3315004,6630008,8,all_8_ranks_SUM_after_task,e075c5d017fff59a1dc97a0d54bc8b10168616252ce54640e6715fc4a3efbd26,0.17509865107374512,0.09612401674326788,,measured_nonempty
MoE12,core_03,arc_easy,base,1680,11,12,total,3315004,6630008,8,all_8_ranks_SUM_after_task,e075c5d017fff59a1dc97a0d54bc8b10168616252ce54640e6715fc4a3efbd26,0.1328463937407186,0.10707679387415521,,measured_nonempty
MoE12,core_03,arc_easy,base,1680,11,12,prefill,0,0,8,all_8_ranks_SUM_after_task,e075c5d017fff59a1dc97a0d54bc8b10168616252ce54640e6715fc4a3efbd26,,,,no_positions_no_balance_evidence
MoE12,core_03,arc_easy,base,1680,11,12,decode,0,0,8,all_8_ranks_SUM_after_task,e075c5d017fff59a1dc97a0d54bc8b10168616252ce54640e6715fc4a3efbd26,,,,no_positions_no_balance_evidence
MoE12,core_03,arc_easy,base,1680,11,12,other,3315004,6630008,8,all_8_ranks_SUM_after_task,e075c5d017fff59a1dc97a0d54bc8b10168616252ce54640e6715fc4a3efbd26,0.1328463937407186,0.10707679387415521,,measured_nonempty
MoE12,core_04,arc_challenge,base,1680,1,2,total,1895430,3790860,8,all_8_ranks_SUM_after_task,94adbce3656c63d4507e612add555ba3419ca312d8681ff2ff5b66451f3dd2ef,0.19105145973073023,0.08247099602728668,,measured_nonempty
MoE12,core_04,arc_challenge,base,1680,1,2,prefill,0,0,8,all_8_ranks_SUM_after_task,94adbce3656c63d4507e612add555ba3419ca312d8681ff2ff5b66451f3dd2ef,,,,no_positions_no_balance_evidence
MoE12,core_04,arc_challenge,base,1680,1,2,decode,0,0,8,all_8_ranks_SUM_after_task,94adbce3656c63d4507e612add555ba3419ca312d8681ff2ff5b66451f3dd2ef,,,,no_positions_no_balance_evidence
MoE12,core_04,arc_challenge,base,1680,1,2,other,1895430,3790860,8,all_8_ranks_SUM_after_task,94adbce3656c63d4507e612add555ba3419ca312d8681ff2ff5b66451f3dd2ef,0.19105145973073023,0.08247099602728668,,measured_nonempty
MoE12,core_04,arc_challenge,base,1680,3,4,total,1895430,3790860,8,all_8_ranks_SUM_after_task,94adbce3656c63d4507e612add555ba3419ca312d8681ff2ff5b66451f3dd2ef,0.2283762304588892,0.09074220625398986,,measured_nonempty
MoE12,core_04,arc_challenge,base,1680,3,4,prefill,0,0,8,all_8_ranks_SUM_after_task,94adbce3656c63d4507e612add555ba3419ca312d8681ff2ff5b66451f3dd2ef,,,,no_positions_no_balance_evidence
MoE12,core_04,arc_challenge,base,1680,3,4,decode,0,0,8,all_8_ranks_SUM_after_task,94adbce3656c63d4507e612add555ba3419ca312d8681ff2ff5b66451f3dd2ef,,,,no_positions_no_balance_evidence
MoE12,core_04,arc_challenge,base,1680,3,4,other,1895430,3790860,8,all_8_ranks_SUM_after_task,94adbce3656c63d4507e612add555ba3419ca312d8681ff2ff5b66451f3dd2ef,0.2283762304588892,0.09074220625398986,,measured_nonempty
MoE12,core_04,arc_challenge,base,1680,5,6,total,1895430,3790860,8,all_8_ranks_SUM_after_task,94adbce3656c63d4507e612add555ba3419ca312d8681ff2ff5b66451f3dd2ef,0.1646931870088724,0.07978796368106446,,measured_nonempty
MoE12,core_04,arc_challenge,base,1680,5,6,prefill,0,0,8,all_8_ranks_SUM_after_task,94adbce3656c63d4507e612add555ba3419ca312d8681ff2ff5b66451f3dd2ef,,,,no_positions_no_balance_evidence
MoE12,core_04,arc_challenge,base,1680,5,6,decode,0,0,8,all_8_ranks_SUM_after_task,94adbce3656c63d4507e612add555ba3419ca312d8681ff2ff5b66451f3dd2ef,,,,no_positions_no_balance_evidence
MoE12,core_04,arc_challenge,base,1680,5,6,other,1895430,3790860,8,all_8_ranks_SUM_after_task,94adbce3656c63d4507e612add555ba3419ca312d8681ff2ff5b66451f3dd2ef,0.1646931870088724,0.07978796368106446,,measured_nonempty
MoE12,core_04,arc_challenge,base,1680,7,8,total,1895430,3790860,8,all_8_ranks_SUM_after_task,94adbce3656c63d4507e612add555ba3419ca312d8681ff2ff5b66451f3dd2ef,0.08993776879906636,0.10610336440807627,,measured_nonempty
MoE12,core_04,arc_challenge,base,1680,7,8,prefill,0,0,8,all_8_ranks_SUM_after_task,94adbce3656c63d4507e612add555ba3419ca312d8681ff2ff5b66451f3dd2ef,,,,no_positions_no_balance_evidence
MoE12,core_04,arc_challenge,base,1680,7,8,decode,0,0,8,all_8_ranks_SUM_after_task,94adbce3656c63d4507e612add555ba3419ca312d8681ff2ff5b66451f3dd2ef,,,,no_positions_no_balance_evidence
MoE12,core_04,arc_challenge,base,1680,7,8,other,1895430,3790860,8,all_8_ranks_SUM_after_task,94adbce3656c63d4507e612add555ba3419ca312d8681ff2ff5b66451f3dd2ef,0.08993776879906636,0.10610336440807627,,measured_nonempty
MoE12,core_04,arc_challenge,base,1680,9,10,total,1895430,3790860,8,all_8_ranks_SUM_after_task,94adbce3656c63d4507e612add555ba3419ca312d8681ff2ff5b66451f3dd2ef,0.16034499596878238,0.09250117387611255,,measured_nonempty
MoE12,core_04,arc_challenge,base,1680,9,10,prefill,0,0,8,all_8_ranks_SUM_after_task,94adbce3656c63d4507e612add555ba3419ca312d8681ff2ff5b66451f3dd2ef,,,,no_positions_no_balance_evidence
MoE12,core_04,arc_challenge,base,1680,9,10,decode,0,0,8,all_8_ranks_SUM_after_task,94adbce3656c63d4507e612add555ba3419ca312d8681ff2ff5b66451f3dd2ef,,,,no_positions_no_balance_evidence
MoE12,core_04,arc_challenge,base,1680,9,10,other,1895430,3790860,8,all_8_ranks_SUM_after_task,94adbce3656c63d4507e612add555ba3419ca312d8681ff2ff5b66451f3dd2ef,0.16034499596878238,0.09250117387611255,,measured_nonempty
MoE12,core_04,arc_challenge,base,1680,11,12,total,1895430,3790860,8,all_8_ranks_SUM_after_task,94adbce3656c63d4507e612add555ba3419ca312d8681ff2ff5b66451f3dd2ef,0.11786206770350886,0.10920820077765996,,measured_nonempty
MoE12,core_04,arc_challenge,base,1680,11,12,prefill,0,0,8,all_8_ranks_SUM_after_task,94adbce3656c63d4507e612add555ba3419ca312d8681ff2ff5b66451f3dd2ef,,,,no_positions_no_balance_evidence
MoE12,core_04,arc_challenge,base,1680,11,12,decode,0,0,8,all_8_ranks_SUM_after_task,94adbce3656c63d4507e612add555ba3419ca312d8681ff2ff5b66451f3dd2ef,,,,no_positions_no_balance_evidence
MoE12,core_04,arc_challenge,base,1680,11,12,other,1895430,3790860,8,all_8_ranks_SUM_after_task,94adbce3656c63d4507e612add555ba3419ca312d8681ff2ff5b66451f3dd2ef,0.11786206770350886,0.10920820077765996,,measured_nonempty
MoE12,core_05,copa,base,1680,1,2,total,3343,6686,8,all_8_ranks_SUM_after_task,089644f5b5f9e45a447a39b0e3995805d4943035eb610aa8dd68e6c0d573f206,0.20867768160764416,0.08046664672449895,,measured_nonempty
MoE12,core_05,copa,base,1680,1,2,prefill,0,0,8,all_8_ranks_SUM_after_task,089644f5b5f9e45a447a39b0e3995805d4943035eb610aa8dd68e6c0d573f206,,,,no_positions_no_balance_evidence
MoE12,core_05,copa,base,1680,1,2,decode,0,0,8,all_8_ranks_SUM_after_task,089644f5b5f9e45a447a39b0e3995805d4943035eb610aa8dd68e6c0d573f206,,,,no_positions_no_balance_evidence
MoE12,core_05,copa,base,1680,1,2,other,3343,6686,8,all_8_ranks_SUM_after_task,089644f5b5f9e45a447a39b0e3995805d4943035eb610aa8dd68e6c0d573f206,0.20867768160764416,0.08046664672449895,,measured_nonempty
MoE12,core_05,copa,base,1680,3,4,total,3343,6686,8,all_8_ranks_SUM_after_task,089644f5b5f9e45a447a39b0e3995805d4943035eb610aa8dd68e6c0d573f206,0.2866505909758776,0.07568052647322764,,measured_nonempty
MoE12,core_05,copa,base,1680,3,4,prefill,0,0,8,all_8_ranks_SUM_after_task,089644f5b5f9e45a447a39b0e3995805d4943035eb610aa8dd68e6c0d573f206,,,,no_positions_no_balance_evidence
MoE12,core_05,copa,base,1680,3,4,decode,0,0,8,all_8_ranks_SUM_after_task,089644f5b5f9e45a447a39b0e3995805d4943035eb610aa8dd68e6c0d573f206,,,,no_positions_no_balance_evidence
MoE12,core_05,copa,base,1680,3,4,other,3343,6686,8,all_8_ranks_SUM_after_task,089644f5b5f9e45a447a39b0e3995805d4943035eb610aa8dd68e6c0d573f206,0.2866505909758776,0.07568052647322764,,measured_nonempty
MoE12,core_05,copa,base,1680,5,6,total,3343,6686,8,all_8_ranks_SUM_after_task,089644f5b5f9e45a447a39b0e3995805d4943035eb610aa8dd68e6c0d573f206,0.2611286372259653,0.06206999700867484,,measured_nonempty
MoE12,core_05,copa,base,1680,5,6,prefill,0,0,8,all_8_ranks_SUM_after_task,089644f5b5f9e45a447a39b0e3995805d4943035eb610aa8dd68e6c0d573f206,,,,no_positions_no_balance_evidence
MoE12,core_05,copa,base,1680,5,6,decode,0,0,8,all_8_ranks_SUM_after_task,089644f5b5f9e45a447a39b0e3995805d4943035eb610aa8dd68e6c0d573f206,,,,no_positions_no_balance_evidence
MoE12,core_05,copa,base,1680,5,6,other,3343,6686,8,all_8_ranks_SUM_after_task,089644f5b5f9e45a447a39b0e3995805d4943035eb610aa8dd68e6c0d573f206,0.2611286372259653,0.06206999700867484,,measured_nonempty
MoE12,core_05,copa,base,1680,7,8,total,3343,6686,8,all_8_ranks_SUM_after_task,089644f5b5f9e45a447a39b0e3995805d4943035eb610aa8dd68e6c0d573f206,0.26686292234569936,0.06461262339216273,,measured_nonempty
MoE12,core_05,copa,base,1680,7,8,prefill,0,0,8,all_8_ranks_SUM_after_task,089644f5b5f9e45a447a39b0e3995805d4943035eb610aa8dd68e6c0d573f206,,,,no_positions_no_balance_evidence
MoE12,core_05,copa,base,1680,7,8,decode,0,0,8,all_8_ranks_SUM_after_task,089644f5b5f9e45a447a39b0e3995805d4943035eb610aa8dd68e6c0d573f206,,,,no_positions_no_balance_evidence
MoE12,core_05,copa,base,1680,7,8,other,3343,6686,8,all_8_ranks_SUM_after_task,089644f5b5f9e45a447a39b0e3995805d4943035eb610aa8dd68e6c0d573f206,0.26686292234569936,0.06461262339216273,,measured_nonempty
MoE12,core_05,copa,base,1680,9,10,total,3343,6686,8,all_8_ranks_SUM_after_task,089644f5b5f9e45a447a39b0e3995805d4943035eb610aa8dd68e6c0d573f206,0.18095094311771742,0.10275201914448101,,measured_nonempty
MoE12,core_05,copa,base,1680,9,10,prefill,0,0,8,all_8_ranks_SUM_after_task,089644f5b5f9e45a447a39b0e3995805d4943035eb610aa8dd68e6c0d573f206,,,,no_positions_no_balance_evidence
MoE12,core_05,copa,base,1680,9,10,decode,0,0,8,all_8_ranks_SUM_after_task,089644f5b5f9e45a447a39b0e3995805d4943035eb610aa8dd68e6c0d573f206,,,,no_positions_no_balance_evidence
MoE12,core_05,copa,base,1680,9,10,other,3343,6686,8,all_8_ranks_SUM_after_task,089644f5b5f9e45a447a39b0e3995805d4943035eb610aa8dd68e6c0d573f206,0.18095094311771742,0.10275201914448101,,measured_nonempty
MoE12,core_05,copa,base,1680,11,12,total,3343,6686,8,all_8_ranks_SUM_after_task,089644f5b5f9e45a447a39b0e3995805d4943035eb610aa8dd68e6c0d573f206,0.2517748824936449,0.0828597068501346,,measured_nonempty
MoE12,core_05,copa,base,1680,11,12,prefill,0,0,8,all_8_ranks_SUM_after_task,089644f5b5f9e45a447a39b0e3995805d4943035eb610aa8dd68e6c0d573f206,,,,no_positions_no_balance_evidence
MoE12,core_05,copa,base,1680,11,12,decode,0,0,8,all_8_ranks_SUM_after_task,089644f5b5f9e45a447a39b0e3995805d4943035eb610aa8dd68e6c0d573f206,,,,no_positions_no_balance_evidence
MoE12,core_05,copa,base,1680,11,12,other,3343,6686,8,all_8_ranks_SUM_after_task,089644f5b5f9e45a447a39b0e3995805d4943035eb610aa8dd68e6c0d573f206,0.2517748824936449,0.0828597068501346,,measured_nonempty
MoE12,core_06,commonsense_qa,base,1680,1,2,total,2332040,4664080,8,all_8_ranks_SUM_after_task,a6cf496324b418ea2fd88e79c5877199012721225c24615167555da3ac47e60b,0.6110948946792533,0.05930944580710451,,measured_nonempty
MoE12,core_06,commonsense_qa,base,1680,1,2,prefill,0,0,8,all_8_ranks_SUM_after_task,a6cf496324b418ea2fd88e79c5877199012721225c24615167555da3ac47e60b,,,,no_positions_no_balance_evidence
MoE12,core_06,commonsense_qa,base,1680,1,2,decode,0,0,8,all_8_ranks_SUM_after_task,a6cf496324b418ea2fd88e79c5877199012721225c24615167555da3ac47e60b,,,,no_positions_no_balance_evidence
MoE12,core_06,commonsense_qa,base,1680,1,2,other,2332040,4664080,8,all_8_ranks_SUM_after_task,a6cf496324b418ea2fd88e79c5877199012721225c24615167555da3ac47e60b,0.6110948946792533,0.05930944580710451,,measured_nonempty
MoE12,core_06,commonsense_qa,base,1680,3,4,total,2332040,4664080,8,all_8_ranks_SUM_after_task,a6cf496324b418ea2fd88e79c5877199012721225c24615167555da3ac47e60b,0.5989222434262841,0.05619929332258452,,measured_nonempty
MoE12,core_06,commonsense_qa,base,1680,3,4,prefill,0,0,8,all_8_ranks_SUM_after_task,a6cf496324b418ea2fd88e79c5877199012721225c24615167555da3ac47e60b,,,,no_positions_no_balance_evidence
MoE12,core_06,commonsense_qa,base,1680,3,4,decode,0,0,8,all_8_ranks_SUM_after_task,a6cf496324b418ea2fd88e79c5877199012721225c24615167555da3ac47e60b,,,,no_positions_no_balance_evidence
MoE12,core_06,commonsense_qa,base,1680,3,4,other,2332040,4664080,8,all_8_ranks_SUM_after_task,a6cf496324b418ea2fd88e79c5877199012721225c24615167555da3ac47e60b,0.5989222434262841,0.05619929332258452,,measured_nonempty
MoE12,core_06,commonsense_qa,base,1680,5,6,total,2332040,4664080,8,all_8_ranks_SUM_after_task,a6cf496324b418ea2fd88e79c5877199012721225c24615167555da3ac47e60b,0.48470226342320216,0.03818116327335723,,measured_nonempty
MoE12,core_06,commonsense_qa,base,1680,5,6,prefill,0,0,8,all_8_ranks_SUM_after_task,a6cf496324b418ea2fd88e79c5877199012721225c24615167555da3ac47e60b,,,,no_positions_no_balance_evidence
MoE12,core_06,commonsense_qa,base,1680,5,6,decode,0,0,8,all_8_ranks_SUM_after_task,a6cf496324b418ea2fd88e79c5877199012721225c24615167555da3ac47e60b,,,,no_positions_no_balance_evidence
MoE12,core_06,commonsense_qa,base,1680,5,6,other,2332040,4664080,8,all_8_ranks_SUM_after_task,a6cf496324b418ea2fd88e79c5877199012721225c24615167555da3ac47e60b,0.48470226342320216,0.03818116327335723,,measured_nonempty
MoE12,core_06,commonsense_qa,base,1680,7,8,total,2332040,4664080,8,all_8_ranks_SUM_after_task,a6cf496324b418ea2fd88e79c5877199012721225c24615167555da3ac47e60b,0.45244376078499393,0.05899169825560453,,measured_nonempty
MoE12,core_06,commonsense_qa,base,1680,7,8,prefill,0,0,8,all_8_ranks_SUM_after_task,a6cf496324b418ea2fd88e79c5877199012721225c24615167555da3ac47e60b,,,,no_positions_no_balance_evidence
MoE12,core_06,commonsense_qa,base,1680,7,8,decode,0,0,8,all_8_ranks_SUM_after_task,a6cf496324b418ea2fd88e79c5877199012721225c24615167555da3ac47e60b,,,,no_positions_no_balance_evidence
MoE12,core_06,commonsense_qa,base,1680,7,8,other,2332040,4664080,8,all_8_ranks_SUM_after_task,a6cf496324b418ea2fd88e79c5877199012721225c24615167555da3ac47e60b,0.45244376078499393,0.05899169825560453,,measured_nonempty
MoE12,core_06,commonsense_qa,base,1680,9,10,total,2332040,4664080,8,all_8_ranks_SUM_after_task,a6cf496324b418ea2fd88e79c5877199012721225c24615167555da3ac47e60b,0.4208942685407484,0.06788905850671514,,measured_nonempty
MoE12,core_06,commonsense_qa,base,1680,9,10,prefill,0,0,8,all_8_ranks_SUM_after_task,a6cf496324b418ea2fd88e79c5877199012721225c24615167555da3ac47e60b,,,,no_positions_no_balance_evidence
MoE12,core_06,commonsense_qa,base,1680,9,10,decode,0,0,8,all_8_ranks_SUM_after_task,a6cf496324b418ea2fd88e79c5877199012721225c24615167555da3ac47e60b,,,,no_positions_no_balance_evidence
MoE12,core_06,commonsense_qa,base,1680,9,10,other,2332040,4664080,8,all_8_ranks_SUM_after_task,a6cf496324b418ea2fd88e79c5877199012721225c24615167555da3ac47e60b,0.4208942685407484,0.06788905850671514,,measured_nonempty
MoE12,core_06,commonsense_qa,base,1680,11,12,total,2332040,4664080,8,all_8_ranks_SUM_after_task,a6cf496324b418ea2fd88e79c5877199012721225c24615167555da3ac47e60b,0.39238550145876916,0.07030068094886881,,measured_nonempty
MoE12,core_06,commonsense_qa,base,1680,11,12,prefill,0,0,8,all_8_ranks_SUM_after_task,a6cf496324b418ea2fd88e79c5877199012721225c24615167555da3ac47e60b,,,,no_positions_no_balance_evidence
MoE12,core_06,commonsense_qa,base,1680,11,12,decode,0,0,8,all_8_ranks_SUM_after_task,a6cf496324b418ea2fd88e79c5877199012721225c24615167555da3ac47e60b,,,,no_positions_no_balance_evidence
MoE12,core_06,commonsense_qa,base,1680,11,12,other,2332040,4664080,8,all_8_ranks_SUM_after_task,a6cf496324b418ea2fd88e79c5877199012721225c24615167555da3ac47e60b,0.39238550145876916,0.07030068094886881,,measured_nonempty
MoE12,core_07,piqa,base,1680,1,2,total,1439181,2878362,8,all_8_ranks_SUM_after_task,5a7f5ae72187ac222a36eb02726ff18f5513e21d6780876c445c89d60e7e0484,0.28743073559732907,0.05437328591747668,,measured_nonempty
MoE12,core_07,piqa,base,1680,1,2,prefill,0,0,8,all_8_ranks_SUM_after_task,5a7f5ae72187ac222a36eb02726ff18f5513e21d6780876c445c89d60e7e0484,,,,no_positions_no_balance_evidence
MoE12,core_07,piqa,base,1680,1,2,decode,0,0,8,all_8_ranks_SUM_after_task,5a7f5ae72187ac222a36eb02726ff18f5513e21d6780876c445c89d60e7e0484,,,,no_positions_no_balance_evidence
MoE12,core_07,piqa,base,1680,1,2,other,1439181,2878362,8,all_8_ranks_SUM_after_task,5a7f5ae72187ac222a36eb02726ff18f5513e21d6780876c445c89d60e7e0484,0.28743073559732907,0.05437328591747668,,measured_nonempty
MoE12,core_07,piqa,base,1680,3,4,total,1439181,2878362,8,all_8_ranks_SUM_after_task,5a7f5ae72187ac222a36eb02726ff18f5513e21d6780876c445c89d60e7e0484,0.26690568611012244,0.068481657275909,,measured_nonempty
MoE12,core_07,piqa,base,1680,3,4,prefill,0,0,8,all_8_ranks_SUM_after_task,5a7f5ae72187ac222a36eb02726ff18f5513e21d6780876c445c89d60e7e0484,,,,no_positions_no_balance_evidence
MoE12,core_07,piqa,base,1680,3,4,decode,0,0,8,all_8_ranks_SUM_after_task,5a7f5ae72187ac222a36eb02726ff18f5513e21d6780876c445c89d60e7e0484,,,,no_positions_no_balance_evidence
MoE12,core_07,piqa,base,1680,3,4,other,1439181,2878362,8,all_8_ranks_SUM_after_task,5a7f5ae72187ac222a36eb02726ff18f5513e21d6780876c445c89d60e7e0484,0.26690568611012244,0.068481657275909,,measured_nonempty
MoE12,core_07,piqa,base,1680,5,6,total,1439181,2878362,8,all_8_ranks_SUM_after_task,5a7f5ae72187ac222a36eb02726ff18f5513e21d6780876c445c89d60e7e0484,0.2182563222798929,0.08337658710058012,,measured_nonempty
MoE12,core_07,piqa,base,1680,5,6,prefill,0,0,8,all_8_ranks_SUM_after_task,5a7f5ae72187ac222a36eb02726ff18f5513e21d6780876c445c89d60e7e0484,,,,no_positions_no_balance_evidence
MoE12,core_07,piqa,base,1680,5,6,decode,0,0,8,all_8_ranks_SUM_after_task,5a7f5ae72187ac222a36eb02726ff18f5513e21d6780876c445c89d60e7e0484,,,,no_positions_no_balance_evidence
MoE12,core_07,piqa,base,1680,5,6,other,1439181,2878362,8,all_8_ranks_SUM_after_task,5a7f5ae72187ac222a36eb02726ff18f5513e21d6780876c445c89d60e7e0484,0.2182563222798929,0.08337658710058012,,measured_nonempty
MoE12,core_07,piqa,base,1680,7,8,total,1439181,2878362,8,all_8_ranks_SUM_after_task,5a7f5ae72187ac222a36eb02726ff18f5513e21d6780876c445c89d60e7e0484,0.28142594222206935,0.09468822893020405,,measured_nonempty
MoE12,core_07,piqa,base,1680,7,8,prefill,0,0,8,all_8_ranks_SUM_after_task,5a7f5ae72187ac222a36eb02726ff18f5513e21d6780876c445c89d60e7e0484,,,,no_positions_no_balance_evidence
MoE12,core_07,piqa,base,1680,7,8,decode,0,0,8,all_8_ranks_SUM_after_task,5a7f5ae72187ac222a36eb02726ff18f5513e21d6780876c445c89d60e7e0484,,,,no_positions_no_balance_evidence
MoE12,core_07,piqa,base,1680,7,8,other,1439181,2878362,8,all_8_ranks_SUM_after_task,5a7f5ae72187ac222a36eb02726ff18f5513e21d6780876c445c89d60e7e0484,0.28142594222206935,0.09468822893020405,,measured_nonempty
MoE12,core_07,piqa,base,1680,9,10,total,1439181,2878362,8,all_8_ranks_SUM_after_task,5a7f5ae72187ac222a36eb02726ff18f5513e21d6780876c445c89d60e7e0484,0.17533525509463999,0.0826956442587833,,measured_nonempty
MoE12,core_07,piqa,base,1680,9,10,prefill,0,0,8,all_8_ranks_SUM_after_task,5a7f5ae72187ac222a36eb02726ff18f5513e21d6780876c445c89d60e7e0484,,,,no_positions_no_balance_evidence
MoE12,core_07,piqa,base,1680,9,10,decode,0,0,8,all_8_ranks_SUM_after_task,5a7f5ae72187ac222a36eb02726ff18f5513e21d6780876c445c89d60e7e0484,,,,no_positions_no_balance_evidence
MoE12,core_07,piqa,base,1680,9,10,other,1439181,2878362,8,all_8_ranks_SUM_after_task,5a7f5ae72187ac222a36eb02726ff18f5513e21d6780876c445c89d60e7e0484,0.17533525509463999,0.0826956442587833,,measured_nonempty
MoE12,core_07,piqa,base,1680,11,12,total,1439181,2878362,8,all_8_ranks_SUM_after_task,5a7f5ae72187ac222a36eb02726ff18f5513e21d6780876c445c89d60e7e0484,0.4206055930534339,0.05796908102594462,,measured_nonempty
MoE12,core_07,piqa,base,1680,11,12,prefill,0,0,8,all_8_ranks_SUM_after_task,5a7f5ae72187ac222a36eb02726ff18f5513e21d6780876c445c89d60e7e0484,,,,no_positions_no_balance_evidence
MoE12,core_07,piqa,base,1680,11,12,decode,0,0,8,all_8_ranks_SUM_after_task,5a7f5ae72187ac222a36eb02726ff18f5513e21d6780876c445c89d60e7e0484,,,,no_positions_no_balance_evidence
MoE12,core_07,piqa,base,1680,11,12,other,1439181,2878362,8,all_8_ranks_SUM_after_task,5a7f5ae72187ac222a36eb02726ff18f5513e21d6780876c445c89d60e7e0484,0.4206055930534339,0.05796908102594462,,measured_nonempty
MoE12,core_08,openbook_qa,base,1680,1,2,total,32023,64046,8,all_8_ranks_SUM_after_task,4284d2647c8110c97230789b08714f307c11a90e3eb42f683fdafed99c4eb3ee,0.2674847074956321,0.08094182306467226,,measured_nonempty
MoE12,core_08,openbook_qa,base,1680,1,2,prefill,0,0,8,all_8_ranks_SUM_after_task,4284d2647c8110c97230789b08714f307c11a90e3eb42f683fdafed99c4eb3ee,,,,no_positions_no_balance_evidence
MoE12,core_08,openbook_qa,base,1680,1,2,decode,0,0,8,all_8_ranks_SUM_after_task,4284d2647c8110c97230789b08714f307c11a90e3eb42f683fdafed99c4eb3ee,,,,no_positions_no_balance_evidence
MoE12,core_08,openbook_qa,base,1680,1,2,other,32023,64046,8,all_8_ranks_SUM_after_task,4284d2647c8110c97230789b08714f307c11a90e3eb42f683fdafed99c4eb3ee,0.2674847074956321,0.08094182306467226,,measured_nonempty
MoE12,core_08,openbook_qa,base,1680,3,4,total,32023,64046,8,all_8_ranks_SUM_after_task,4284d2647c8110c97230789b08714f307c11a90e3eb42f683fdafed99c4eb3ee,0.13730697072269218,0.08865502919776411,,measured_nonempty
MoE12,core_08,openbook_qa,base,1680,3,4,prefill,0,0,8,all_8_ranks_SUM_after_task,4284d2647c8110c97230789b08714f307c11a90e3eb42f683fdafed99c4eb3ee,,,,no_positions_no_balance_evidence
MoE12,core_08,openbook_qa,base,1680,3,4,decode,0,0,8,all_8_ranks_SUM_after_task,4284d2647c8110c97230789b08714f307c11a90e3eb42f683fdafed99c4eb3ee,,,,no_positions_no_balance_evidence
MoE12,core_08,openbook_qa,base,1680,3,4,other,32023,64046,8,all_8_ranks_SUM_after_task,4284d2647c8110c97230789b08714f307c11a90e3eb42f683fdafed99c4eb3ee,0.13730697072269218,0.08865502919776411,,measured_nonempty
MoE12,core_08,openbook_qa,base,1680,5,6,total,32023,64046,8,all_8_ranks_SUM_after_task,4284d2647c8110c97230789b08714f307c11a90e3eb42f683fdafed99c4eb3ee,0.26612070319947223,0.0680448427692596,,measured_nonempty
MoE12,core_08,openbook_qa,base,1680,5,6,prefill,0,0,8,all_8_ranks_SUM_after_task,4284d2647c8110c97230789b08714f307c11a90e3eb42f683fdafed99c4eb3ee,,,,no_positions_no_balance_evidence
MoE12,core_08,openbook_qa,base,1680,5,6,decode,0,0,8,all_8_ranks_SUM_after_task,4284d2647c8110c97230789b08714f307c11a90e3eb42f683fdafed99c4eb3ee,,,,no_positions_no_balance_evidence
MoE12,core_08,openbook_qa,base,1680,5,6,other,32023,64046,8,all_8_ranks_SUM_after_task,4284d2647c8110c97230789b08714f307c11a90e3eb42f683fdafed99c4eb3ee,0.26612070319947223,0.0680448427692596,,measured_nonempty
MoE12,core_08,openbook_qa,base,1680,7,8,total,32023,64046,8,all_8_ranks_SUM_after_task,4284d2647c8110c97230789b08714f307c11a90e3eb42f683fdafed99c4eb3ee,0.11505587075627971,0.0996315148487025,,measured_nonempty
MoE12,core_08,openbook_qa,base,1680,7,8,prefill,0,0,8,all_8_ranks_SUM_after_task,4284d2647c8110c97230789b08714f307c11a90e3eb42f683fdafed99c4eb3ee,,,,no_positions_no_balance_evidence
MoE12,core_08,openbook_qa,base,1680,7,8,decode,0,0,8,all_8_ranks_SUM_after_task,4284d2647c8110c97230789b08714f307c11a90e3eb42f683fdafed99c4eb3ee,,,,no_positions_no_balance_evidence
MoE12,core_08,openbook_qa,base,1680,7,8,other,32023,64046,8,all_8_ranks_SUM_after_task,4284d2647c8110c97230789b08714f307c11a90e3eb42f683fdafed99c4eb3ee,0.11505587075627971,0.0996315148487025,,measured_nonempty
MoE12,core_08,openbook_qa,base,1680,9,10,total,32023,64046,8,all_8_ranks_SUM_after_task,4284d2647c8110c97230789b08714f307c11a90e3eb42f683fdafed99c4eb3ee,0.21208545110080881,0.08045779595915435,,measured_nonempty
MoE12,core_08,openbook_qa,base,1680,9,10,prefill,0,0,8,all_8_ranks_SUM_after_task,4284d2647c8110c97230789b08714f307c11a90e3eb42f683fdafed99c4eb3ee,,,,no_positions_no_balance_evidence
MoE12,core_08,openbook_qa,base,1680,9,10,decode,0,0,8,all_8_ranks_SUM_after_task,4284d2647c8110c97230789b08714f307c11a90e3eb42f683fdafed99c4eb3ee,,,,no_positions_no_balance_evidence
MoE12,core_08,openbook_qa,base,1680,9,10,other,32023,64046,8,all_8_ranks_SUM_after_task,4284d2647c8110c97230789b08714f307c11a90e3eb42f683fdafed99c4eb3ee,0.21208545110080881,0.08045779595915435,,measured_nonempty
MoE12,core_08,openbook_qa,base,1680,11,12,total,32023,64046,8,all_8_ranks_SUM_after_task,4284d2647c8110c97230789b08714f307c11a90e3eb42f683fdafed99c4eb3ee,0.15498036183153718,0.09877275708084814,,measured_nonempty
MoE12,core_08,openbook_qa,base,1680,11,12,prefill,0,0,8,all_8_ranks_SUM_after_task,4284d2647c8110c97230789b08714f307c11a90e3eb42f683fdafed99c4eb3ee,,,,no_positions_no_balance_evidence
MoE12,core_08,openbook_qa,base,1680,11,12,decode,0,0,8,all_8_ranks_SUM_after_task,4284d2647c8110c97230789b08714f307c11a90e3eb42f683fdafed99c4eb3ee,,,,no_positions_no_balance_evidence
MoE12,core_08,openbook_qa,base,1680,11,12,other,32023,64046,8,all_8_ranks_SUM_after_task,4284d2647c8110c97230789b08714f307c11a90e3eb42f683fdafed99c4eb3ee,0.15498036183153718,0.09877275708084814,,measured_nonempty
MoE12,core_09,lambada_openai,base,1680,1,2,total,416581,833162,8,all_8_ranks_SUM_after_task,ad4dbb27f38a02b3fba984ccdc6b96a6e305f1192b9a28944011ccd5d9383da8,0.2084252501721444,0.0873179525710486,,measured_nonempty
MoE12,core_09,lambada_openai,base,1680,1,2,prefill,0,0,8,all_8_ranks_SUM_after_task,ad4dbb27f38a02b3fba984ccdc6b96a6e305f1192b9a28944011ccd5d9383da8,,,,no_positions_no_balance_evidence
MoE12,core_09,lambada_openai,base,1680,1,2,decode,0,0,8,all_8_ranks_SUM_after_task,ad4dbb27f38a02b3fba984ccdc6b96a6e305f1192b9a28944011ccd5d9383da8,,,,no_positions_no_balance_evidence
MoE12,core_09,lambada_openai,base,1680,1,2,other,416581,833162,8,all_8_ranks_SUM_after_task,ad4dbb27f38a02b3fba984ccdc6b96a6e305f1192b9a28944011ccd5d9383da8,0.2084252501721444,0.0873179525710486,,measured_nonempty
MoE12,core_09,lambada_openai,base,1680,3,4,total,416581,833162,8,all_8_ranks_SUM_after_task,ad4dbb27f38a02b3fba984ccdc6b96a6e305f1192b9a28944011ccd5d9383da8,0.22034622804500495,0.08232252551124511,,measured_nonempty
MoE12,core_09,lambada_openai,base,1680,3,4,prefill,0,0,8,all_8_ranks_SUM_after_task,ad4dbb27f38a02b3fba984ccdc6b96a6e305f1192b9a28944011ccd5d9383da8,,,,no_positions_no_balance_evidence
MoE12,core_09,lambada_openai,base,1680,3,4,decode,0,0,8,all_8_ranks_SUM_after_task,ad4dbb27f38a02b3fba984ccdc6b96a6e305f1192b9a28944011ccd5d9383da8,,,,no_positions_no_balance_evidence
MoE12,core_09,lambada_openai,base,1680,3,4,other,416581,833162,8,all_8_ranks_SUM_after_task,ad4dbb27f38a02b3fba984ccdc6b96a6e305f1192b9a28944011ccd5d9383da8,0.22034622804500495,0.08232252551124511,,measured_nonempty
MoE12,core_09,lambada_openai,base,1680,5,6,total,416581,833162,8,all_8_ranks_SUM_after_task,ad4dbb27f38a02b3fba984ccdc6b96a6e305f1192b9a28944011ccd5d9383da8,0.24387469840492415,0.07682899604158615,,measured_nonempty
MoE12,core_09,lambada_openai,base,1680,5,6,prefill,0,0,8,all_8_ranks_SUM_after_task,ad4dbb27f38a02b3fba984ccdc6b96a6e305f1192b9a28944011ccd5d9383da8,,,,no_positions_no_balance_evidence
MoE12,core_09,lambada_openai,base,1680,5,6,decode,0,0,8,all_8_ranks_SUM_after_task,ad4dbb27f38a02b3fba984ccdc6b96a6e305f1192b9a28944011ccd5d9383da8,,,,no_positions_no_balance_evidence
MoE12,core_09,lambada_openai,base,1680,5,6,other,416581,833162,8,all_8_ranks_SUM_after_task,ad4dbb27f38a02b3fba984ccdc6b96a6e305f1192b9a28944011ccd5d9383da8,0.24387469840492415,0.07682899604158615,,measured_nonempty
MoE12,core_09,lambada_openai,base,1680,7,8,total,416581,833162,8,all_8_ranks_SUM_after_task,ad4dbb27f38a02b3fba984ccdc6b96a6e305f1192b9a28944011ccd5d9383da8,0.1863248794435852,0.09134237999332663,,measured_nonempty
MoE12,core_09,lambada_openai,base,1680,7,8,prefill,0,0,8,all_8_ranks_SUM_after_task,ad4dbb27f38a02b3fba984ccdc6b96a6e305f1192b9a28944011ccd5d9383da8,,,,no_positions_no_balance_evidence
MoE12,core_09,lambada_openai,base,1680,7,8,decode,0,0,8,all_8_ranks_SUM_after_task,ad4dbb27f38a02b3fba984ccdc6b96a6e305f1192b9a28944011ccd5d9383da8,,,,no_positions_no_balance_evidence
MoE12,core_09,lambada_openai,base,1680,7,8,other,416581,833162,8,all_8_ranks_SUM_after_task,ad4dbb27f38a02b3fba984ccdc6b96a6e305f1192b9a28944011ccd5d9383da8,0.1863248794435852,0.09134237999332663,,measured_nonempty
MoE12,core_09,lambada_openai,base,1680,9,10,total,416581,833162,8,all_8_ranks_SUM_after_task,ad4dbb27f38a02b3fba984ccdc6b96a6e305f1192b9a28944011ccd5d9383da8,0.21431275674986505,0.08361039029624491,,measured_nonempty
MoE12,core_09,lambada_openai,base,1680,9,10,prefill,0,0,8,all_8_ranks_SUM_after_task,ad4dbb27f38a02b3fba984ccdc6b96a6e305f1192b9a28944011ccd5d9383da8,,,,no_positions_no_balance_evidence
MoE12,core_09,lambada_openai,base,1680,9,10,decode,0,0,8,all_8_ranks_SUM_after_task,ad4dbb27f38a02b3fba984ccdc6b96a6e305f1192b9a28944011ccd5d9383da8,,,,no_positions_no_balance_evidence
MoE12,core_09,lambada_openai,base,1680,9,10,other,416581,833162,8,all_8_ranks_SUM_after_task,ad4dbb27f38a02b3fba984ccdc6b96a6e305f1192b9a28944011ccd5d9383da8,0.21431275674986505,0.08361039029624491,,measured_nonempty
MoE12,core_09,lambada_openai,base,1680,11,12,total,416581,833162,8,all_8_ranks_SUM_after_task,ad4dbb27f38a02b3fba984ccdc6b96a6e305f1192b9a28944011ccd5d9383da8,0.3423312288284989,0.07685780196408382,,measured_nonempty
MoE12,core_09,lambada_openai,base,1680,11,12,prefill,0,0,8,all_8_ranks_SUM_after_task,ad4dbb27f38a02b3fba984ccdc6b96a6e305f1192b9a28944011ccd5d9383da8,,,,no_positions_no_balance_evidence
MoE12,core_09,lambada_openai,base,1680,11,12,decode,0,0,8,all_8_ranks_SUM_after_task,ad4dbb27f38a02b3fba984ccdc6b96a6e305f1192b9a28944011ccd5d9383da8,,,,no_positions_no_balance_evidence
MoE12,core_09,lambada_openai,base,1680,11,12,other,416581,833162,8,all_8_ranks_SUM_after_task,ad4dbb27f38a02b3fba984ccdc6b96a6e305f1192b9a28944011ccd5d9383da8,0.3423312288284989,0.07685780196408382,,measured_nonempty
MoE12,core_10,hellaswag,base,1680,1,2,total,35182197,70364394,8,all_8_ranks_SUM_after_task,f4e8da6a56b365d869665808403043d9a1a0c2e9c16577773ec7811bfa890469,0.21355794135974177,0.0943910353296015,,measured_nonempty
MoE12,core_10,hellaswag,base,1680,1,2,prefill,0,0,8,all_8_ranks_SUM_after_task,f4e8da6a56b365d869665808403043d9a1a0c2e9c16577773ec7811bfa890469,,,,no_positions_no_balance_evidence
MoE12,core_10,hellaswag,base,1680,1,2,decode,0,0,8,all_8_ranks_SUM_after_task,f4e8da6a56b365d869665808403043d9a1a0c2e9c16577773ec7811bfa890469,,,,no_positions_no_balance_evidence
MoE12,core_10,hellaswag,base,1680,1,2,other,35182197,70364394,8,all_8_ranks_SUM_after_task,f4e8da6a56b365d869665808403043d9a1a0c2e9c16577773ec7811bfa890469,0.21355794135974177,0.0943910353296015,,measured_nonempty
MoE12,core_10,hellaswag,base,1680,3,4,total,35182197,70364394,8,all_8_ranks_SUM_after_task,f4e8da6a56b365d869665808403043d9a1a0c2e9c16577773ec7811bfa890469,0.18778564701568395,0.0858217154545522,,measured_nonempty
MoE12,core_10,hellaswag,base,1680,3,4,prefill,0,0,8,all_8_ranks_SUM_after_task,f4e8da6a56b365d869665808403043d9a1a0c2e9c16577773ec7811bfa890469,,,,no_positions_no_balance_evidence
MoE12,core_10,hellaswag,base,1680,3,4,decode,0,0,8,all_8_ranks_SUM_after_task,f4e8da6a56b365d869665808403043d9a1a0c2e9c16577773ec7811bfa890469,,,,no_positions_no_balance_evidence
MoE12,core_10,hellaswag,base,1680,3,4,other,35182197,70364394,8,all_8_ranks_SUM_after_task,f4e8da6a56b365d869665808403043d9a1a0c2e9c16577773ec7811bfa890469,0.18778564701568395,0.0858217154545522,,measured_nonempty
MoE12,core_10,hellaswag,base,1680,5,6,total,35182197,70364394,8,all_8_ranks_SUM_after_task,f4e8da6a56b365d869665808403043d9a1a0c2e9c16577773ec7811bfa890469,0.2408547031551679,0.06946725072342697,,measured_nonempty
MoE12,core_10,hellaswag,base,1680,5,6,prefill,0,0,8,all_8_ranks_SUM_after_task,f4e8da6a56b365d869665808403043d9a1a0c2e9c16577773ec7811bfa890469,,,,no_positions_no_balance_evidence
MoE12,core_10,hellaswag,base,1680,5,6,decode,0,0,8,all_8_ranks_SUM_after_task,f4e8da6a56b365d869665808403043d9a1a0c2e9c16577773ec7811bfa890469,,,,no_positions_no_balance_evidence
MoE12,core_10,hellaswag,base,1680,5,6,other,35182197,70364394,8,all_8_ranks_SUM_after_task,f4e8da6a56b365d869665808403043d9a1a0c2e9c16577773ec7811bfa890469,0.2408547031551679,0.06946725072342697,,measured_nonempty
MoE12,core_10,hellaswag,base,1680,7,8,total,35182197,70364394,8,all_8_ranks_SUM_after_task,f4e8da6a56b365d869665808403043d9a1a0c2e9c16577773ec7811bfa890469,0.1578316516129249,0.0908029706047067,,measured_nonempty
MoE12,core_10,hellaswag,base,1680,7,8,prefill,0,0,8,all_8_ranks_SUM_after_task,f4e8da6a56b365d869665808403043d9a1a0c2e9c16577773ec7811bfa890469,,,,no_positions_no_balance_evidence
MoE12,core_10,hellaswag,base,1680,7,8,decode,0,0,8,all_8_ranks_SUM_after_task,f4e8da6a56b365d869665808403043d9a1a0c2e9c16577773ec7811bfa890469,,,,no_positions_no_balance_evidence
MoE12,core_10,hellaswag,base,1680,7,8,other,35182197,70364394,8,all_8_ranks_SUM_after_task,f4e8da6a56b365d869665808403043d9a1a0c2e9c16577773ec7811bfa890469,0.1578316516129249,0.0908029706047067,,measured_nonempty
MoE12,core_10,hellaswag,base,1680,9,10,total,35182197,70364394,8,all_8_ranks_SUM_after_task,f4e8da6a56b365d869665808403043d9a1a0c2e9c16577773ec7811bfa890469,0.22095378222382775,0.071261112545075,,measured_nonempty
MoE12,core_10,hellaswag,base,1680,9,10,prefill,0,0,8,all_8_ranks_SUM_after_task,f4e8da6a56b365d869665808403043d9a1a0c2e9c16577773ec7811bfa890469,,,,no_positions_no_balance_evidence
MoE12,core_10,hellaswag,base,1680,9,10,decode,0,0,8,all_8_ranks_SUM_after_task,f4e8da6a56b365d869665808403043d9a1a0c2e9c16577773ec7811bfa890469,,,,no_positions_no_balance_evidence
MoE12,core_10,hellaswag,base,1680,9,10,other,35182197,70364394,8,all_8_ranks_SUM_after_task,f4e8da6a56b365d869665808403043d9a1a0c2e9c16577773ec7811bfa890469,0.22095378222382775,0.071261112545075,,measured_nonempty
MoE12,core_10,hellaswag,base,1680,11,12,total,35182197,70364394,8,all_8_ranks_SUM_after_task,f4e8da6a56b365d869665808403043d9a1a0c2e9c16577773ec7811bfa890469,0.3502452758781965,0.0694981754550462,,measured_nonempty
MoE12,core_10,hellaswag,base,1680,11,12,prefill,0,0,8,all_8_ranks_SUM_after_task,f4e8da6a56b365d869665808403043d9a1a0c2e9c16577773ec7811bfa890469,,,,no_positions_no_balance_evidence
MoE12,core_10,hellaswag,base,1680,11,12,decode,0,0,8,all_8_ranks_SUM_after_task,f4e8da6a56b365d869665808403043d9a1a0c2e9c16577773ec7811bfa890469,,,,no_positions_no_balance_evidence
MoE12,core_10,hellaswag,base,1680,11,12,other,35182197,70364394,8,all_8_ranks_SUM_after_task,f4e8da6a56b365d869665808403043d9a1a0c2e9c16577773ec7811bfa890469,0.3502452758781965,0.0694981754550462,,measured_nonempty
MoE12,core_11,winograd,base,1680,1,2,total,12035,24070,8,all_8_ranks_SUM_after_task,24ab2a046eae933981272761b81c337d70216d693928dbfe7aa43ab2ae60fa47,0.18272535010120242,0.09098462816784379,,measured_nonempty
MoE12,core_11,winograd,base,1680,1,2,prefill,0,0,8,all_8_ranks_SUM_after_task,24ab2a046eae933981272761b81c337d70216d693928dbfe7aa43ab2ae60fa47,,,,no_positions_no_balance_evidence
MoE12,core_11,winograd,base,1680,1,2,decode,0,0,8,all_8_ranks_SUM_after_task,24ab2a046eae933981272761b81c337d70216d693928dbfe7aa43ab2ae60fa47,,,,no_positions_no_balance_evidence
MoE12,core_11,winograd,base,1680,1,2,other,12035,24070,8,all_8_ranks_SUM_after_task,24ab2a046eae933981272761b81c337d70216d693928dbfe7aa43ab2ae60fa47,0.18272535010120242,0.09098462816784379,,measured_nonempty
MoE12,core_11,winograd,base,1680,3,4,total,12035,24070,8,all_8_ranks_SUM_after_task,24ab2a046eae933981272761b81c337d70216d693928dbfe7aa43ab2ae60fa47,0.11139842553529215,0.10614873286248443,,measured_nonempty
MoE12,core_11,winograd,base,1680,3,4,prefill,0,0,8,all_8_ranks_SUM_after_task,24ab2a046eae933981272761b81c337d70216d693928dbfe7aa43ab2ae60fa47,,,,no_positions_no_balance_evidence
MoE12,core_11,winograd,base,1680,3,4,decode,0,0,8,all_8_ranks_SUM_after_task,24ab2a046eae933981272761b81c337d70216d693928dbfe7aa43ab2ae60fa47,,,,no_positions_no_balance_evidence
MoE12,core_11,winograd,base,1680,3,4,other,12035,24070,8,all_8_ranks_SUM_after_task,24ab2a046eae933981272761b81c337d70216d693928dbfe7aa43ab2ae60fa47,0.11139842553529215,0.10614873286248443,,measured_nonempty
MoE12,core_11,winograd,base,1680,5,6,total,12035,24070,8,all_8_ranks_SUM_after_task,24ab2a046eae933981272761b81c337d70216d693928dbfe7aa43ab2ae60fa47,0.18353711405869946,0.07420024927295388,,measured_nonempty
MoE12,core_11,winograd,base,1680,5,6,prefill,0,0,8,all_8_ranks_SUM_after_task,24ab2a046eae933981272761b81c337d70216d693928dbfe7aa43ab2ae60fa47,,,,no_positions_no_balance_evidence
MoE12,core_11,winograd,base,1680,5,6,decode,0,0,8,all_8_ranks_SUM_after_task,24ab2a046eae933981272761b81c337d70216d693928dbfe7aa43ab2ae60fa47,,,,no_positions_no_balance_evidence
MoE12,core_11,winograd,base,1680,5,6,other,12035,24070,8,all_8_ranks_SUM_after_task,24ab2a046eae933981272761b81c337d70216d693928dbfe7aa43ab2ae60fa47,0.18353711405869946,0.07420024927295388,,measured_nonempty
MoE12,core_11,winograd,base,1680,7,8,total,12035,24070,8,all_8_ranks_SUM_after_task,24ab2a046eae933981272761b81c337d70216d693928dbfe7aa43ab2ae60fa47,0.17899223385861032,0.0968840880764437,,measured_nonempty
MoE12,core_11,winograd,base,1680,7,8,prefill,0,0,8,all_8_ranks_SUM_after_task,24ab2a046eae933981272761b81c337d70216d693928dbfe7aa43ab2ae60fa47,,,,no_positions_no_balance_evidence
MoE12,core_11,winograd,base,1680,7,8,decode,0,0,8,all_8_ranks_SUM_after_task,24ab2a046eae933981272761b81c337d70216d693928dbfe7aa43ab2ae60fa47,,,,no_positions_no_balance_evidence
MoE12,core_11,winograd,base,1680,7,8,other,12035,24070,8,all_8_ranks_SUM_after_task,24ab2a046eae933981272761b81c337d70216d693928dbfe7aa43ab2ae60fa47,0.17899223385861032,0.0968840880764437,,measured_nonempty
MoE12,core_11,winograd,base,1680,9,10,total,12035,24070,8,all_8_ranks_SUM_after_task,24ab2a046eae933981272761b81c337d70216d693928dbfe7aa43ab2ae60fa47,0.16080007702754168,0.09601163273784795,,measured_nonempty
MoE12,core_11,winograd,base,1680,9,10,prefill,0,0,8,all_8_ranks_SUM_after_task,24ab2a046eae933981272761b81c337d70216d693928dbfe7aa43ab2ae60fa47,,,,no_positions_no_balance_evidence
MoE12,core_11,winograd,base,1680,9,10,decode,0,0,8,all_8_ranks_SUM_after_task,24ab2a046eae933981272761b81c337d70216d693928dbfe7aa43ab2ae60fa47,,,,no_positions_no_balance_evidence
MoE12,core_11,winograd,base,1680,9,10,other,12035,24070,8,all_8_ranks_SUM_after_task,24ab2a046eae933981272761b81c337d70216d693928dbfe7aa43ab2ae60fa47,0.16080007702754168,0.09601163273784795,,measured_nonempty
MoE12,core_11,winograd,base,1680,11,12,total,12035,24070,8,all_8_ranks_SUM_after_task,24ab2a046eae933981272761b81c337d70216d693928dbfe7aa43ab2ae60fa47,0.19321509185874652,0.08587453261321147,,measured_nonempty
MoE12,core_11,winograd,base,1680,11,12,prefill,0,0,8,all_8_ranks_SUM_after_task,24ab2a046eae933981272761b81c337d70216d693928dbfe7aa43ab2ae60fa47,,,,no_positions_no_balance_evidence
MoE12,core_11,winograd,base,1680,11,12,decode,0,0,8,all_8_ranks_SUM_after_task,24ab2a046eae933981272761b81c337d70216d693928dbfe7aa43ab2ae60fa47,,,,no_positions_no_balance_evidence
MoE12,core_11,winograd,base,1680,11,12,other,12035,24070,8,all_8_ranks_SUM_after_task,24ab2a046eae933981272761b81c337d70216d693928dbfe7aa43ab2ae60fa47,0.19321509185874652,0.08587453261321147,,measured_nonempty
MoE12,core_12,winogrande,base,1680,1,2,total,61466,122932,8,all_8_ranks_SUM_after_task,29e9de97e4883b7b70fe701d456b569058f83ef47726a610a7af4dfbbdc6d0cb,0.2370405177465677,0.08071128754107962,,measured_nonempty
MoE12,core_12,winogrande,base,1680,1,2,prefill,0,0,8,all_8_ranks_SUM_after_task,29e9de97e4883b7b70fe701d456b569058f83ef47726a610a7af4dfbbdc6d0cb,,,,no_positions_no_balance_evidence
MoE12,core_12,winogrande,base,1680,1,2,decode,0,0,8,all_8_ranks_SUM_after_task,29e9de97e4883b7b70fe701d456b569058f83ef47726a610a7af4dfbbdc6d0cb,,,,no_positions_no_balance_evidence
MoE12,core_12,winogrande,base,1680,1,2,other,61466,122932,8,all_8_ranks_SUM_after_task,29e9de97e4883b7b70fe701d456b569058f83ef47726a610a7af4dfbbdc6d0cb,0.2370405177465677,0.08071128754107962,,measured_nonempty
MoE12,core_12,winogrande,base,1680,3,4,total,61466,122932,8,all_8_ranks_SUM_after_task,29e9de97e4883b7b70fe701d456b569058f83ef47726a610a7af4dfbbdc6d0cb,0.11463783648095001,0.10070608141086129,,measured_nonempty
MoE12,core_12,winogrande,base,1680,3,4,prefill,0,0,8,all_8_ranks_SUM_after_task,29e9de97e4883b7b70fe701d456b569058f83ef47726a610a7af4dfbbdc6d0cb,,,,no_positions_no_balance_evidence
MoE12,core_12,winogrande,base,1680,3,4,decode,0,0,8,all_8_ranks_SUM_after_task,29e9de97e4883b7b70fe701d456b569058f83ef47726a610a7af4dfbbdc6d0cb,,,,no_positions_no_balance_evidence
MoE12,core_12,winogrande,base,1680,3,4,other,61466,122932,8,all_8_ranks_SUM_after_task,29e9de97e4883b7b70fe701d456b569058f83ef47726a610a7af4dfbbdc6d0cb,0.11463783648095001,0.10070608141086129,,measured_nonempty
MoE12,core_12,winogrande,base,1680,5,6,total,61466,122932,8,all_8_ranks_SUM_after_task,29e9de97e4883b7b70fe701d456b569058f83ef47726a610a7af4dfbbdc6d0cb,0.18298524791640197,0.08692610548921355,,measured_nonempty
MoE12,core_12,winogrande,base,1680,5,6,prefill,0,0,8,all_8_ranks_SUM_after_task,29e9de97e4883b7b70fe701d456b569058f83ef47726a610a7af4dfbbdc6d0cb,,,,no_positions_no_balance_evidence
MoE12,core_12,winogrande,base,1680,5,6,decode,0,0,8,all_8_ranks_SUM_after_task,29e9de97e4883b7b70fe701d456b569058f83ef47726a610a7af4dfbbdc6d0cb,,,,no_positions_no_balance_evidence
MoE12,core_12,winogrande,base,1680,5,6,other,61466,122932,8,all_8_ranks_SUM_after_task,29e9de97e4883b7b70fe701d456b569058f83ef47726a610a7af4dfbbdc6d0cb,0.18298524791640197,0.08692610548921355,,measured_nonempty
MoE12,core_12,winogrande,base,1680,7,8,total,61466,122932,8,all_8_ranks_SUM_after_task,29e9de97e4883b7b70fe701d456b569058f83ef47726a610a7af4dfbbdc6d0cb,0.1674624019439237,0.09999023850584063,,measured_nonempty
MoE12,core_12,winogrande,base,1680,7,8,prefill,0,0,8,all_8_ranks_SUM_after_task,29e9de97e4883b7b70fe701d456b569058f83ef47726a610a7af4dfbbdc6d0cb,,,,no_positions_no_balance_evidence
MoE12,core_12,winogrande,base,1680,7,8,decode,0,0,8,all_8_ranks_SUM_after_task,29e9de97e4883b7b70fe701d456b569058f83ef47726a610a7af4dfbbdc6d0cb,,,,no_positions_no_balance_evidence
MoE12,core_12,winogrande,base,1680,7,8,other,61466,122932,8,all_8_ranks_SUM_after_task,29e9de97e4883b7b70fe701d456b569058f83ef47726a610a7af4dfbbdc6d0cb,0.1674624019439237,0.09999023850584063,,measured_nonempty
MoE12,core_12,winogrande,base,1680,9,10,total,61466,122932,8,all_8_ranks_SUM_after_task,29e9de97e4883b7b70fe701d456b569058f83ef47726a610a7af4dfbbdc6d0cb,0.19451154192479148,0.08411154133992776,,measured_nonempty
MoE12,core_12,winogrande,base,1680,9,10,prefill,0,0,8,all_8_ranks_SUM_after_task,29e9de97e4883b7b70fe701d456b569058f83ef47726a610a7af4dfbbdc6d0cb,,,,no_positions_no_balance_evidence
MoE12,core_12,winogrande,base,1680,9,10,decode,0,0,8,all_8_ranks_SUM_after_task,29e9de97e4883b7b70fe701d456b569058f83ef47726a610a7af4dfbbdc6d0cb,,,,no_positions_no_balance_evidence
MoE12,core_12,winogrande,base,1680,9,10,other,61466,122932,8,all_8_ranks_SUM_after_task,29e9de97e4883b7b70fe701d456b569058f83ef47726a610a7af4dfbbdc6d0cb,0.19451154192479148,0.08411154133992776,,measured_nonempty
MoE12,core_12,winogrande,base,1680,11,12,total,61466,122932,8,all_8_ranks_SUM_after_task,29e9de97e4883b7b70fe701d456b569058f83ef47726a610a7af4dfbbdc6d0cb,0.2006714556862748,0.08228939576351153,,measured_nonempty
MoE12,core_12,winogrande,base,1680,11,12,prefill,0,0,8,all_8_ranks_SUM_after_task,29e9de97e4883b7b70fe701d456b569058f83ef47726a610a7af4dfbbdc6d0cb,,,,no_positions_no_balance_evidence
MoE12,core_12,winogrande,base,1680,11,12,decode,0,0,8,all_8_ranks_SUM_after_task,29e9de97e4883b7b70fe701d456b569058f83ef47726a610a7af4dfbbdc6d0cb,,,,no_positions_no_balance_evidence
MoE12,core_12,winogrande,base,1680,11,12,other,61466,122932,8,all_8_ranks_SUM_after_task,29e9de97e4883b7b70fe701d456b569058f83ef47726a610a7af4dfbbdc6d0cb,0.2006714556862748,0.08228939576351153,,measured_nonempty
MoE12,core_13,bigbench_dyck_languages,base,1680,1,2,total,588629,1177258,8,all_8_ranks_SUM_after_task,4c2410ab7092e4d53dd8c54e5310cbd2cb29476038053077d97bfdf1a6bfd539,0.8612496693751355,0.024317524280998728,,measured_nonempty
MoE12,core_13,bigbench_dyck_languages,base,1680,1,2,prefill,0,0,8,all_8_ranks_SUM_after_task,4c2410ab7092e4d53dd8c54e5310cbd2cb29476038053077d97bfdf1a6bfd539,,,,no_positions_no_balance_evidence
MoE12,core_13,bigbench_dyck_languages,base,1680,1,2,decode,0,0,8,all_8_ranks_SUM_after_task,4c2410ab7092e4d53dd8c54e5310cbd2cb29476038053077d97bfdf1a6bfd539,,,,no_positions_no_balance_evidence
MoE12,core_13,bigbench_dyck_languages,base,1680,1,2,other,588629,1177258,8,all_8_ranks_SUM_after_task,4c2410ab7092e4d53dd8c54e5310cbd2cb29476038053077d97bfdf1a6bfd539,0.8612496693751355,0.024317524280998728,,measured_nonempty
MoE12,core_13,bigbench_dyck_languages,base,1680,3,4,total,588629,1177258,8,all_8_ranks_SUM_after_task,4c2410ab7092e4d53dd8c54e5310cbd2cb29476038053077d97bfdf1a6bfd539,0.9008352082541234,0.02982948512560543,,measured_nonempty
MoE12,core_13,bigbench_dyck_languages,base,1680,3,4,prefill,0,0,8,all_8_ranks_SUM_after_task,4c2410ab7092e4d53dd8c54e5310cbd2cb29476038053077d97bfdf1a6bfd539,,,,no_positions_no_balance_evidence
MoE12,core_13,bigbench_dyck_languages,base,1680,3,4,decode,0,0,8,all_8_ranks_SUM_after_task,4c2410ab7092e4d53dd8c54e5310cbd2cb29476038053077d97bfdf1a6bfd539,,,,no_positions_no_balance_evidence
MoE12,core_13,bigbench_dyck_languages,base,1680,3,4,other,588629,1177258,8,all_8_ranks_SUM_after_task,4c2410ab7092e4d53dd8c54e5310cbd2cb29476038053077d97bfdf1a6bfd539,0.9008352082541234,0.02982948512560543,,measured_nonempty
MoE12,core_13,bigbench_dyck_languages,base,1680,5,6,total,588629,1177258,8,all_8_ranks_SUM_after_task,4c2410ab7092e4d53dd8c54e5310cbd2cb29476038053077d97bfdf1a6bfd539,0.9749102003588033,0.0017880532559557889,,measured_nonempty
MoE12,core_13,bigbench_dyck_languages,base,1680,5,6,prefill,0,0,8,all_8_ranks_SUM_after_task,4c2410ab7092e4d53dd8c54e5310cbd2cb29476038053077d97bfdf1a6bfd539,,,,no_positions_no_balance_evidence
MoE12,core_13,bigbench_dyck_languages,base,1680,5,6,decode,0,0,8,all_8_ranks_SUM_after_task,4c2410ab7092e4d53dd8c54e5310cbd2cb29476038053077d97bfdf1a6bfd539,,,,no_positions_no_balance_evidence
MoE12,core_13,bigbench_dyck_languages,base,1680,5,6,other,588629,1177258,8,all_8_ranks_SUM_after_task,4c2410ab7092e4d53dd8c54e5310cbd2cb29476038053077d97bfdf1a6bfd539,0.9749102003588033,0.0017880532559557889,,measured_nonempty
MoE12,core_13,bigbench_dyck_languages,base,1680,7,8,total,588629,1177258,8,all_8_ranks_SUM_after_task,4c2410ab7092e4d53dd8c54e5310cbd2cb29476038053077d97bfdf1a6bfd539,0.6183494742127672,0.032862804924663924,,measured_nonempty
MoE12,core_13,bigbench_dyck_languages,base,1680,7,8,prefill,0,0,8,all_8_ranks_SUM_after_task,4c2410ab7092e4d53dd8c54e5310cbd2cb29476038053077d97bfdf1a6bfd539,,,,no_positions_no_balance_evidence
MoE12,core_13,bigbench_dyck_languages,base,1680,7,8,decode,0,0,8,all_8_ranks_SUM_after_task,4c2410ab7092e4d53dd8c54e5310cbd2cb29476038053077d97bfdf1a6bfd539,,,,no_positions_no_balance_evidence
MoE12,core_13,bigbench_dyck_languages,base,1680,7,8,other,588629,1177258,8,all_8_ranks_SUM_after_task,4c2410ab7092e4d53dd8c54e5310cbd2cb29476038053077d97bfdf1a6bfd539,0.6183494742127672,0.032862804924663924,,measured_nonempty
MoE12,core_13,bigbench_dyck_languages,base,1680,9,10,total,588629,1177258,8,all_8_ranks_SUM_after_task,4c2410ab7092e4d53dd8c54e5310cbd2cb29476038053077d97bfdf1a6bfd539,1.1291990769650524,0.014910920121162905,,measured_nonempty
MoE12,core_13,bigbench_dyck_languages,base,1680,9,10,prefill,0,0,8,all_8_ranks_SUM_after_task,4c2410ab7092e4d53dd8c54e5310cbd2cb29476038053077d97bfdf1a6bfd539,,,,no_positions_no_balance_evidence
MoE12,core_13,bigbench_dyck_languages,base,1680,9,10,decode,0,0,8,all_8_ranks_SUM_after_task,4c2410ab7092e4d53dd8c54e5310cbd2cb29476038053077d97bfdf1a6bfd539,,,,no_positions_no_balance_evidence
MoE12,core_13,bigbench_dyck_languages,base,1680,9,10,other,588629,1177258,8,all_8_ranks_SUM_after_task,4c2410ab7092e4d53dd8c54e5310cbd2cb29476038053077d97bfdf1a6bfd539,1.1291990769650524,0.014910920121162905,,measured_nonempty
MoE12,core_13,bigbench_dyck_languages,base,1680,11,12,total,588629,1177258,8,all_8_ranks_SUM_after_task,4c2410ab7092e4d53dd8c54e5310cbd2cb29476038053077d97bfdf1a6bfd539,0.8894258783365145,0.024590191784638542,,measured_nonempty
MoE12,core_13,bigbench_dyck_languages,base,1680,11,12,prefill,0,0,8,all_8_ranks_SUM_after_task,4c2410ab7092e4d53dd8c54e5310cbd2cb29476038053077d97bfdf1a6bfd539,,,,no_positions_no_balance_evidence
MoE12,core_13,bigbench_dyck_languages,base,1680,11,12,decode,0,0,8,all_8_ranks_SUM_after_task,4c2410ab7092e4d53dd8c54e5310cbd2cb29476038053077d97bfdf1a6bfd539,,,,no_positions_no_balance_evidence
MoE12,core_13,bigbench_dyck_languages,base,1680,11,12,other,588629,1177258,8,all_8_ranks_SUM_after_task,4c2410ab7092e4d53dd8c54e5310cbd2cb29476038053077d97bfdf1a6bfd539,0.8894258783365145,0.024590191784638542,,measured_nonempty
MoE12,core_14,agi_eval_lsat_ar,base,1680,1,2,total,817784,1635568,8,all_8_ranks_SUM_after_task,ac39297c026e28f5917d79a471d20d609852e52da2c97b5fca64b182c1827b03,0.3401734174782763,0.07924586443364018,,measured_nonempty
MoE12,core_14,agi_eval_lsat_ar,base,1680,1,2,prefill,0,0,8,all_8_ranks_SUM_after_task,ac39297c026e28f5917d79a471d20d609852e52da2c97b5fca64b182c1827b03,,,,no_positions_no_balance_evidence
MoE12,core_14,agi_eval_lsat_ar,base,1680,1,2,decode,0,0,8,all_8_ranks_SUM_after_task,ac39297c026e28f5917d79a471d20d609852e52da2c97b5fca64b182c1827b03,,,,no_positions_no_balance_evidence
MoE12,core_14,agi_eval_lsat_ar,base,1680,1,2,other,817784,1635568,8,all_8_ranks_SUM_after_task,ac39297c026e28f5917d79a471d20d609852e52da2c97b5fca64b182c1827b03,0.3401734174782763,0.07924586443364018,,measured_nonempty
MoE12,core_14,agi_eval_lsat_ar,base,1680,3,4,total,817784,1635568,8,all_8_ranks_SUM_after_task,ac39297c026e28f5917d79a471d20d609852e52da2c97b5fca64b182c1827b03,0.22527364815902345,0.08466049714839126,,measured_nonempty
MoE12,core_14,agi_eval_lsat_ar,base,1680,3,4,prefill,0,0,8,all_8_ranks_SUM_after_task,ac39297c026e28f5917d79a471d20d609852e52da2c97b5fca64b182c1827b03,,,,no_positions_no_balance_evidence
MoE12,core_14,agi_eval_lsat_ar,base,1680,3,4,decode,0,0,8,all_8_ranks_SUM_after_task,ac39297c026e28f5917d79a471d20d609852e52da2c97b5fca64b182c1827b03,,,,no_positions_no_balance_evidence
MoE12,core_14,agi_eval_lsat_ar,base,1680,3,4,other,817784,1635568,8,all_8_ranks_SUM_after_task,ac39297c026e28f5917d79a471d20d609852e52da2c97b5fca64b182c1827b03,0.22527364815902345,0.08466049714839126,,measured_nonempty
MoE12,core_14,agi_eval_lsat_ar,base,1680,5,6,total,817784,1635568,8,all_8_ranks_SUM_after_task,ac39297c026e28f5917d79a471d20d609852e52da2c97b5fca64b182c1827b03,0.2646957507144561,0.0932715729336842,,measured_nonempty
MoE12,core_14,agi_eval_lsat_ar,base,1680,5,6,prefill,0,0,8,all_8_ranks_SUM_after_task,ac39297c026e28f5917d79a471d20d609852e52da2c97b5fca64b182c1827b03,,,,no_positions_no_balance_evidence
MoE12,core_14,agi_eval_lsat_ar,base,1680,5,6,decode,0,0,8,all_8_ranks_SUM_after_task,ac39297c026e28f5917d79a471d20d609852e52da2c97b5fca64b182c1827b03,,,,no_positions_no_balance_evidence
MoE12,core_14,agi_eval_lsat_ar,base,1680,5,6,other,817784,1635568,8,all_8_ranks_SUM_after_task,ac39297c026e28f5917d79a471d20d609852e52da2c97b5fca64b182c1827b03,0.2646957507144561,0.0932715729336842,,measured_nonempty
MoE12,core_14,agi_eval_lsat_ar,base,1680,7,8,total,817784,1635568,8,all_8_ranks_SUM_after_task,ac39297c026e28f5917d79a471d20d609852e52da2c97b5fca64b182c1827b03,0.364413577607698,0.06610302965086136,,measured_nonempty
MoE12,core_14,agi_eval_lsat_ar,base,1680,7,8,prefill,0,0,8,all_8_ranks_SUM_after_task,ac39297c026e28f5917d79a471d20d609852e52da2c97b5fca64b182c1827b03,,,,no_positions_no_balance_evidence
MoE12,core_14,agi_eval_lsat_ar,base,1680,7,8,decode,0,0,8,all_8_ranks_SUM_after_task,ac39297c026e28f5917d79a471d20d609852e52da2c97b5fca64b182c1827b03,,,,no_positions_no_balance_evidence
MoE12,core_14,agi_eval_lsat_ar,base,1680,7,8,other,817784,1635568,8,all_8_ranks_SUM_after_task,ac39297c026e28f5917d79a471d20d609852e52da2c97b5fca64b182c1827b03,0.364413577607698,0.06610302965086136,,measured_nonempty
MoE12,core_14,agi_eval_lsat_ar,base,1680,9,10,total,817784,1635568,8,all_8_ranks_SUM_after_task,ac39297c026e28f5917d79a471d20d609852e52da2c97b5fca64b182c1827b03,0.34836000941945666,0.07975211058176732,,measured_nonempty
MoE12,core_14,agi_eval_lsat_ar,base,1680,9,10,prefill,0,0,8,all_8_ranks_SUM_after_task,ac39297c026e28f5917d79a471d20d609852e52da2c97b5fca64b182c1827b03,,,,no_positions_no_balance_evidence
MoE12,core_14,agi_eval_lsat_ar,base,1680,9,10,decode,0,0,8,all_8_ranks_SUM_after_task,ac39297c026e28f5917d79a471d20d609852e52da2c97b5fca64b182c1827b03,,,,no_positions_no_balance_evidence
MoE12,core_14,agi_eval_lsat_ar,base,1680,9,10,other,817784,1635568,8,all_8_ranks_SUM_after_task,ac39297c026e28f5917d79a471d20d609852e52da2c97b5fca64b182c1827b03,0.34836000941945666,0.07975211058176732,,measured_nonempty
MoE12,core_14,agi_eval_lsat_ar,base,1680,11,12,total,817784,1635568,8,all_8_ranks_SUM_after_task,ac39297c026e28f5917d79a471d20d609852e52da2c97b5fca64b182c1827b03,0.26140423776815325,0.08531898398599141,,measured_nonempty
MoE12,core_14,agi_eval_lsat_ar,base,1680,11,12,prefill,0,0,8,all_8_ranks_SUM_after_task,ac39297c026e28f5917d79a471d20d609852e52da2c97b5fca64b182c1827b03,,,,no_positions_no_balance_evidence
MoE12,core_14,agi_eval_lsat_ar,base,1680,11,12,decode,0,0,8,all_8_ranks_SUM_after_task,ac39297c026e28f5917d79a471d20d609852e52da2c97b5fca64b182c1827b03,,,,no_positions_no_balance_evidence
MoE12,core_14,agi_eval_lsat_ar,base,1680,11,12,other,817784,1635568,8,all_8_ranks_SUM_after_task,ac39297c026e28f5917d79a471d20d609852e52da2c97b5fca64b182c1827b03,0.26140423776815325,0.08531898398599141,,measured_nonempty
MoE12,core_15,bigbench_cs_algorithms,base,1680,1,2,total,647764,1295528,8,all_8_ranks_SUM_after_task,a82fe82b8185059854a5123894bce56e3e854e68e82efb5303f0957228f5a817,0.7626929241343597,0.025527043799902435,,measured_nonempty
MoE12,core_15,bigbench_cs_algorithms,base,1680,1,2,prefill,0,0,8,all_8_ranks_SUM_after_task,a82fe82b8185059854a5123894bce56e3e854e68e82efb5303f0957228f5a817,,,,no_positions_no_balance_evidence
MoE12,core_15,bigbench_cs_algorithms,base,1680,1,2,decode,0,0,8,all_8_ranks_SUM_after_task,a82fe82b8185059854a5123894bce56e3e854e68e82efb5303f0957228f5a817,,,,no_positions_no_balance_evidence
MoE12,core_15,bigbench_cs_algorithms,base,1680,1,2,other,647764,1295528,8,all_8_ranks_SUM_after_task,a82fe82b8185059854a5123894bce56e3e854e68e82efb5303f0957228f5a817,0.7626929241343597,0.025527043799902435,,measured_nonempty
MoE12,core_15,bigbench_cs_algorithms,base,1680,3,4,total,647764,1295528,8,all_8_ranks_SUM_after_task,a82fe82b8185059854a5123894bce56e3e854e68e82efb5303f0957228f5a817,0.6281509314485937,0.03612735502436072,,measured_nonempty
MoE12,core_15,bigbench_cs_algorithms,base,1680,3,4,prefill,0,0,8,all_8_ranks_SUM_after_task,a82fe82b8185059854a5123894bce56e3e854e68e82efb5303f0957228f5a817,,,,no_positions_no_balance_evidence
MoE12,core_15,bigbench_cs_algorithms,base,1680,3,4,decode,0,0,8,all_8_ranks_SUM_after_task,a82fe82b8185059854a5123894bce56e3e854e68e82efb5303f0957228f5a817,,,,no_positions_no_balance_evidence
MoE12,core_15,bigbench_cs_algorithms,base,1680,3,4,other,647764,1295528,8,all_8_ranks_SUM_after_task,a82fe82b8185059854a5123894bce56e3e854e68e82efb5303f0957228f5a817,0.6281509314485937,0.03612735502436072,,measured_nonempty
MoE12,core_15,bigbench_cs_algorithms,base,1680,5,6,total,647764,1295528,8,all_8_ranks_SUM_after_task,a82fe82b8185059854a5123894bce56e3e854e68e82efb5303f0957228f5a817,0.8554295932421672,0.03171448243496088,,measured_nonempty
MoE12,core_15,bigbench_cs_algorithms,base,1680,5,6,prefill,0,0,8,all_8_ranks_SUM_after_task,a82fe82b8185059854a5123894bce56e3e854e68e82efb5303f0957228f5a817,,,,no_positions_no_balance_evidence
MoE12,core_15,bigbench_cs_algorithms,base,1680,5,6,decode,0,0,8,all_8_ranks_SUM_after_task,a82fe82b8185059854a5123894bce56e3e854e68e82efb5303f0957228f5a817,,,,no_positions_no_balance_evidence
MoE12,core_15,bigbench_cs_algorithms,base,1680,5,6,other,647764,1295528,8,all_8_ranks_SUM_after_task,a82fe82b8185059854a5123894bce56e3e854e68e82efb5303f0957228f5a817,0.8554295932421672,0.03171448243496088,,measured_nonempty
MoE12,core_15,bigbench_cs_algorithms,base,1680,7,8,total,647764,1295528,8,all_8_ranks_SUM_after_task,a82fe82b8185059854a5123894bce56e3e854e68e82efb5303f0957228f5a817,0.63407132889628,0.035940558598501926,,measured_nonempty
MoE12,core_15,bigbench_cs_algorithms,base,1680,7,8,prefill,0,0,8,all_8_ranks_SUM_after_task,a82fe82b8185059854a5123894bce56e3e854e68e82efb5303f0957228f5a817,,,,no_positions_no_balance_evidence
MoE12,core_15,bigbench_cs_algorithms,base,1680,7,8,decode,0,0,8,all_8_ranks_SUM_after_task,a82fe82b8185059854a5123894bce56e3e854e68e82efb5303f0957228f5a817,,,,no_positions_no_balance_evidence
MoE12,core_15,bigbench_cs_algorithms,base,1680,7,8,other,647764,1295528,8,all_8_ranks_SUM_after_task,a82fe82b8185059854a5123894bce56e3e854e68e82efb5303f0957228f5a817,0.63407132889628,0.035940558598501926,,measured_nonempty
MoE12,core_15,bigbench_cs_algorithms,base,1680,9,10,total,647764,1295528,8,all_8_ranks_SUM_after_task,a82fe82b8185059854a5123894bce56e3e854e68e82efb5303f0957228f5a817,0.9850471840103056,0.02542901427062943,,measured_nonempty
MoE12,core_15,bigbench_cs_algorithms,base,1680,9,10,prefill,0,0,8,all_8_ranks_SUM_after_task,a82fe82b8185059854a5123894bce56e3e854e68e82efb5303f0957228f5a817,,,,no_positions_no_balance_evidence
MoE12,core_15,bigbench_cs_algorithms,base,1680,9,10,decode,0,0,8,all_8_ranks_SUM_after_task,a82fe82b8185059854a5123894bce56e3e854e68e82efb5303f0957228f5a817,,,,no_positions_no_balance_evidence
MoE12,core_15,bigbench_cs_algorithms,base,1680,9,10,other,647764,1295528,8,all_8_ranks_SUM_after_task,a82fe82b8185059854a5123894bce56e3e854e68e82efb5303f0957228f5a817,0.9850471840103056,0.02542901427062943,,measured_nonempty
MoE12,core_15,bigbench_cs_algorithms,base,1680,11,12,total,647764,1295528,8,all_8_ranks_SUM_after_task,a82fe82b8185059854a5123894bce56e3e854e68e82efb5303f0957228f5a817,0.8841296633679093,0.01663877585046406,,measured_nonempty
MoE12,core_15,bigbench_cs_algorithms,base,1680,11,12,prefill,0,0,8,all_8_ranks_SUM_after_task,a82fe82b8185059854a5123894bce56e3e854e68e82efb5303f0957228f5a817,,,,no_positions_no_balance_evidence
MoE12,core_15,bigbench_cs_algorithms,base,1680,11,12,decode,0,0,8,all_8_ranks_SUM_after_task,a82fe82b8185059854a5123894bce56e3e854e68e82efb5303f0957228f5a817,,,,no_positions_no_balance_evidence
MoE12,core_15,bigbench_cs_algorithms,base,1680,11,12,other,647764,1295528,8,all_8_ranks_SUM_after_task,a82fe82b8185059854a5123894bce56e3e854e68e82efb5303f0957228f5a817,0.8841296633679093,0.01663877585046406,,measured_nonempty
MoE12,core_16,bigbench_operators,base,1680,1,2,total,88711,177422,8,all_8_ranks_SUM_after_task,b6fc1917271490e3a36b9fa2662493d05063318608180859d7c2bbf26e496fd1,0.5646524434733158,0.05848203717690027,,measured_nonempty
MoE12,core_16,bigbench_operators,base,1680,1,2,prefill,0,0,8,all_8_ranks_SUM_after_task,b6fc1917271490e3a36b9fa2662493d05063318608180859d7c2bbf26e496fd1,,,,no_positions_no_balance_evidence
MoE12,core_16,bigbench_operators,base,1680,1,2,decode,0,0,8,all_8_ranks_SUM_after_task,b6fc1917271490e3a36b9fa2662493d05063318608180859d7c2bbf26e496fd1,,,,no_positions_no_balance_evidence
MoE12,core_16,bigbench_operators,base,1680,1,2,other,88711,177422,8,all_8_ranks_SUM_after_task,b6fc1917271490e3a36b9fa2662493d05063318608180859d7c2bbf26e496fd1,0.5646524434733158,0.05848203717690027,,measured_nonempty
MoE12,core_16,bigbench_operators,base,1680,3,4,total,88711,177422,8,all_8_ranks_SUM_after_task,b6fc1917271490e3a36b9fa2662493d05063318608180859d7c2bbf26e496fd1,0.37083267818676674,0.053894105578789556,,measured_nonempty
MoE12,core_16,bigbench_operators,base,1680,3,4,prefill,0,0,8,all_8_ranks_SUM_after_task,b6fc1917271490e3a36b9fa2662493d05063318608180859d7c2bbf26e496fd1,,,,no_positions_no_balance_evidence
MoE12,core_16,bigbench_operators,base,1680,3,4,decode,0,0,8,all_8_ranks_SUM_after_task,b6fc1917271490e3a36b9fa2662493d05063318608180859d7c2bbf26e496fd1,,,,no_positions_no_balance_evidence
MoE12,core_16,bigbench_operators,base,1680,3,4,other,88711,177422,8,all_8_ranks_SUM_after_task,b6fc1917271490e3a36b9fa2662493d05063318608180859d7c2bbf26e496fd1,0.37083267818676674,0.053894105578789556,,measured_nonempty
MoE12,core_16,bigbench_operators,base,1680,5,6,total,88711,177422,8,all_8_ranks_SUM_after_task,b6fc1917271490e3a36b9fa2662493d05063318608180859d7c2bbf26e496fd1,0.655181478752413,0.033378047818196165,,measured_nonempty
MoE12,core_16,bigbench_operators,base,1680,5,6,prefill,0,0,8,all_8_ranks_SUM_after_task,b6fc1917271490e3a36b9fa2662493d05063318608180859d7c2bbf26e496fd1,,,,no_positions_no_balance_evidence
MoE12,core_16,bigbench_operators,base,1680,5,6,decode,0,0,8,all_8_ranks_SUM_after_task,b6fc1917271490e3a36b9fa2662493d05063318608180859d7c2bbf26e496fd1,,,,no_positions_no_balance_evidence
MoE12,core_16,bigbench_operators,base,1680,5,6,other,88711,177422,8,all_8_ranks_SUM_after_task,b6fc1917271490e3a36b9fa2662493d05063318608180859d7c2bbf26e496fd1,0.655181478752413,0.033378047818196165,,measured_nonempty
MoE12,core_16,bigbench_operators,base,1680,7,8,total,88711,177422,8,all_8_ranks_SUM_after_task,b6fc1917271490e3a36b9fa2662493d05063318608180859d7c2bbf26e496fd1,0.5494319107255657,0.027809403568892246,,measured_nonempty
MoE12,core_16,bigbench_operators,base,1680,7,8,prefill,0,0,8,all_8_ranks_SUM_after_task,b6fc1917271490e3a36b9fa2662493d05063318608180859d7c2bbf26e496fd1,,,,no_positions_no_balance_evidence
MoE12,core_16,bigbench_operators,base,1680,7,8,decode,0,0,8,all_8_ranks_SUM_after_task,b6fc1917271490e3a36b9fa2662493d05063318608180859d7c2bbf26e496fd1,,,,no_positions_no_balance_evidence
MoE12,core_16,bigbench_operators,base,1680,7,8,other,88711,177422,8,all_8_ranks_SUM_after_task,b6fc1917271490e3a36b9fa2662493d05063318608180859d7c2bbf26e496fd1,0.5494319107255657,0.027809403568892246,,measured_nonempty
MoE12,core_16,bigbench_operators,base,1680,9,10,total,88711,177422,8,all_8_ranks_SUM_after_task,b6fc1917271490e3a36b9fa2662493d05063318608180859d7c2bbf26e496fd1,0.8642382379065527,0.03528874660414154,,measured_nonempty
MoE12,core_16,bigbench_operators,base,1680,9,10,prefill,0,0,8,all_8_ranks_SUM_after_task,b6fc1917271490e3a36b9fa2662493d05063318608180859d7c2bbf26e496fd1,,,,no_positions_no_balance_evidence
MoE12,core_16,bigbench_operators,base,1680,9,10,decode,0,0,8,all_8_ranks_SUM_after_task,b6fc1917271490e3a36b9fa2662493d05063318608180859d7c2bbf26e496fd1,,,,no_positions_no_balance_evidence
MoE12,core_16,bigbench_operators,base,1680,9,10,other,88711,177422,8,all_8_ranks_SUM_after_task,b6fc1917271490e3a36b9fa2662493d05063318608180859d7c2bbf26e496fd1,0.8642382379065527,0.03528874660414154,,measured_nonempty
MoE12,core_16,bigbench_operators,base,1680,11,12,total,88711,177422,8,all_8_ranks_SUM_after_task,b6fc1917271490e3a36b9fa2662493d05063318608180859d7c2bbf26e496fd1,0.6288616445047749,0.02865484550957604,,measured_nonempty
MoE12,core_16,bigbench_operators,base,1680,11,12,prefill,0,0,8,all_8_ranks_SUM_after_task,b6fc1917271490e3a36b9fa2662493d05063318608180859d7c2bbf26e496fd1,,,,no_positions_no_balance_evidence
MoE12,core_16,bigbench_operators,base,1680,11,12,decode,0,0,8,all_8_ranks_SUM_after_task,b6fc1917271490e3a36b9fa2662493d05063318608180859d7c2bbf26e496fd1,,,,no_positions_no_balance_evidence
MoE12,core_16,bigbench_operators,base,1680,11,12,other,88711,177422,8,all_8_ranks_SUM_after_task,b6fc1917271490e3a36b9fa2662493d05063318608180859d7c2bbf26e496fd1,0.6288616445047749,0.02865484550957604,,measured_nonempty
MoE12,core_17,bigbench_repeat_copy_logic,base,1680,1,2,total,14901,29802,8,all_8_ranks_SUM_after_task,f1d911f4abc3cf23562c45c5bfa3b078f66fecb46bbac7b47dad107a41043523,0.3143181582624772,0.0602979665794242,,measured_nonempty
MoE12,core_17,bigbench_repeat_copy_logic,base,1680,1,2,prefill,0,0,8,all_8_ranks_SUM_after_task,f1d911f4abc3cf23562c45c5bfa3b078f66fecb46bbac7b47dad107a41043523,,,,no_positions_no_balance_evidence
MoE12,core_17,bigbench_repeat_copy_logic,base,1680,1,2,decode,0,0,8,all_8_ranks_SUM_after_task,f1d911f4abc3cf23562c45c5bfa3b078f66fecb46bbac7b47dad107a41043523,,,,no_positions_no_balance_evidence
MoE12,core_17,bigbench_repeat_copy_logic,base,1680,1,2,other,14901,29802,8,all_8_ranks_SUM_after_task,f1d911f4abc3cf23562c45c5bfa3b078f66fecb46bbac7b47dad107a41043523,0.3143181582624772,0.0602979665794242,,measured_nonempty
MoE12,core_17,bigbench_repeat_copy_logic,base,1680,3,4,total,14901,29802,8,all_8_ranks_SUM_after_task,f1d911f4abc3cf23562c45c5bfa3b078f66fecb46bbac7b47dad107a41043523,0.3042712915175413,0.07184081605261392,,measured_nonempty
MoE12,core_17,bigbench_repeat_copy_logic,base,1680,3,4,prefill,0,0,8,all_8_ranks_SUM_after_task,f1d911f4abc3cf23562c45c5bfa3b078f66fecb46bbac7b47dad107a41043523,,,,no_positions_no_balance_evidence
MoE12,core_17,bigbench_repeat_copy_logic,base,1680,3,4,decode,0,0,8,all_8_ranks_SUM_after_task,f1d911f4abc3cf23562c45c5bfa3b078f66fecb46bbac7b47dad107a41043523,,,,no_positions_no_balance_evidence
MoE12,core_17,bigbench_repeat_copy_logic,base,1680,3,4,other,14901,29802,8,all_8_ranks_SUM_after_task,f1d911f4abc3cf23562c45c5bfa3b078f66fecb46bbac7b47dad107a41043523,0.3042712915175413,0.07184081605261392,,measured_nonempty
MoE12,core_17,bigbench_repeat_copy_logic,base,1680,5,6,total,14901,29802,8,all_8_ranks_SUM_after_task,f1d911f4abc3cf23562c45c5bfa3b078f66fecb46bbac7b47dad107a41043523,0.4310754356871177,0.06452587074692974,,measured_nonempty
MoE12,core_17,bigbench_repeat_copy_logic,base,1680,5,6,prefill,0,0,8,all_8_ranks_SUM_after_task,f1d911f4abc3cf23562c45c5bfa3b078f66fecb46bbac7b47dad107a41043523,,,,no_positions_no_balance_evidence
MoE12,core_17,bigbench_repeat_copy_logic,base,1680,5,6,decode,0,0,8,all_8_ranks_SUM_after_task,f1d911f4abc3cf23562c45c5bfa3b078f66fecb46bbac7b47dad107a41043523,,,,no_positions_no_balance_evidence
MoE12,core_17,bigbench_repeat_copy_logic,base,1680,5,6,other,14901,29802,8,all_8_ranks_SUM_after_task,f1d911f4abc3cf23562c45c5bfa3b078f66fecb46bbac7b47dad107a41043523,0.4310754356871177,0.06452587074692974,,measured_nonempty
MoE12,core_17,bigbench_repeat_copy_logic,base,1680,7,8,total,14901,29802,8,all_8_ranks_SUM_after_task,f1d911f4abc3cf23562c45c5bfa3b078f66fecb46bbac7b47dad107a41043523,0.29721538811955645,0.06986108314878196,,measured_nonempty
MoE12,core_17,bigbench_repeat_copy_logic,base,1680,7,8,prefill,0,0,8,all_8_ranks_SUM_after_task,f1d911f4abc3cf23562c45c5bfa3b078f66fecb46bbac7b47dad107a41043523,,,,no_positions_no_balance_evidence
MoE12,core_17,bigbench_repeat_copy_logic,base,1680,7,8,decode,0,0,8,all_8_ranks_SUM_after_task,f1d911f4abc3cf23562c45c5bfa3b078f66fecb46bbac7b47dad107a41043523,,,,no_positions_no_balance_evidence
MoE12,core_17,bigbench_repeat_copy_logic,base,1680,7,8,other,14901,29802,8,all_8_ranks_SUM_after_task,f1d911f4abc3cf23562c45c5bfa3b078f66fecb46bbac7b47dad107a41043523,0.29721538811955645,0.06986108314878196,,measured_nonempty
MoE12,core_17,bigbench_repeat_copy_logic,base,1680,9,10,total,14901,29802,8,all_8_ranks_SUM_after_task,f1d911f4abc3cf23562c45c5bfa3b078f66fecb46bbac7b47dad107a41043523,0.2949890177819965,0.07580028186027783,,measured_nonempty
MoE12,core_17,bigbench_repeat_copy_logic,base,1680,9,10,prefill,0,0,8,all_8_ranks_SUM_after_task,f1d911f4abc3cf23562c45c5bfa3b078f66fecb46bbac7b47dad107a41043523,,,,no_positions_no_balance_evidence
MoE12,core_17,bigbench_repeat_copy_logic,base,1680,9,10,decode,0,0,8,all_8_ranks_SUM_after_task,f1d911f4abc3cf23562c45c5bfa3b078f66fecb46bbac7b47dad107a41043523,,,,no_positions_no_balance_evidence
MoE12,core_17,bigbench_repeat_copy_logic,base,1680,9,10,other,14901,29802,8,all_8_ranks_SUM_after_task,f1d911f4abc3cf23562c45c5bfa3b078f66fecb46bbac7b47dad107a41043523,0.2949890177819965,0.07580028186027783,,measured_nonempty
MoE12,core_17,bigbench_repeat_copy_logic,base,1680,11,12,total,14901,29802,8,all_8_ranks_SUM_after_task,f1d911f4abc3cf23562c45c5bfa3b078f66fecb46bbac7b47dad107a41043523,0.4718073893599572,0.06996174753372257,,measured_nonempty
MoE12,core_17,bigbench_repeat_copy_logic,base,1680,11,12,prefill,0,0,8,all_8_ranks_SUM_after_task,f1d911f4abc3cf23562c45c5bfa3b078f66fecb46bbac7b47dad107a41043523,,,,no_positions_no_balance_evidence
MoE12,core_17,bigbench_repeat_copy_logic,base,1680,11,12,decode,0,0,8,all_8_ranks_SUM_after_task,f1d911f4abc3cf23562c45c5bfa3b078f66fecb46bbac7b47dad107a41043523,,,,no_positions_no_balance_evidence
MoE12,core_17,bigbench_repeat_copy_logic,base,1680,11,12,other,14901,29802,8,all_8_ranks_SUM_after_task,f1d911f4abc3cf23562c45c5bfa3b078f66fecb46bbac7b47dad107a41043523,0.4718073893599572,0.06996174753372257,,measured_nonempty
MoE12,core_18,squad,base,1680,1,2,total,22918845,45837690,8,all_8_ranks_SUM_after_task,c133d3b95899fc69c8db659c0934ea8cd920599dfff089145b5ab137723ce0e2,0.2683952615029183,0.08223571039465558,,measured_nonempty
MoE12,core_18,squad,base,1680,1,2,prefill,0,0,8,all_8_ranks_SUM_after_task,c133d3b95899fc69c8db659c0934ea8cd920599dfff089145b5ab137723ce0e2,,,,no_positions_no_balance_evidence
MoE12,core_18,squad,base,1680,1,2,decode,0,0,8,all_8_ranks_SUM_after_task,c133d3b95899fc69c8db659c0934ea8cd920599dfff089145b5ab137723ce0e2,,,,no_positions_no_balance_evidence
MoE12,core_18,squad,base,1680,1,2,other,22918845,45837690,8,all_8_ranks_SUM_after_task,c133d3b95899fc69c8db659c0934ea8cd920599dfff089145b5ab137723ce0e2,0.2683952615029183,0.08223571039465558,,measured_nonempty
MoE12,core_18,squad,base,1680,3,4,total,22918845,45837690,8,all_8_ranks_SUM_after_task,c133d3b95899fc69c8db659c0934ea8cd920599dfff089145b5ab137723ce0e2,0.23050310476906696,0.08864934074993744,,measured_nonempty
MoE12,core_18,squad,base,1680,3,4,prefill,0,0,8,all_8_ranks_SUM_after_task,c133d3b95899fc69c8db659c0934ea8cd920599dfff089145b5ab137723ce0e2,,,,no_positions_no_balance_evidence
MoE12,core_18,squad,base,1680,3,4,decode,0,0,8,all_8_ranks_SUM_after_task,c133d3b95899fc69c8db659c0934ea8cd920599dfff089145b5ab137723ce0e2,,,,no_positions_no_balance_evidence
MoE12,core_18,squad,base,1680,3,4,other,22918845,45837690,8,all_8_ranks_SUM_after_task,c133d3b95899fc69c8db659c0934ea8cd920599dfff089145b5ab137723ce0e2,0.23050310476906696,0.08864934074993744,,measured_nonempty
MoE12,core_18,squad,base,1680,5,6,total,22918845,45837690,8,all_8_ranks_SUM_after_task,c133d3b95899fc69c8db659c0934ea8cd920599dfff089145b5ab137723ce0e2,0.19699805986445232,0.08928477853050623,,measured_nonempty
MoE12,core_18,squad,base,1680,5,6,prefill,0,0,8,all_8_ranks_SUM_after_task,c133d3b95899fc69c8db659c0934ea8cd920599dfff089145b5ab137723ce0e2,,,,no_positions_no_balance_evidence
MoE12,core_18,squad,base,1680,5,6,decode,0,0,8,all_8_ranks_SUM_after_task,c133d3b95899fc69c8db659c0934ea8cd920599dfff089145b5ab137723ce0e2,,,,no_positions_no_balance_evidence
MoE12,core_18,squad,base,1680,5,6,other,22918845,45837690,8,all_8_ranks_SUM_after_task,c133d3b95899fc69c8db659c0934ea8cd920599dfff089145b5ab137723ce0e2,0.19699805986445232,0.08928477853050623,,measured_nonempty
MoE12,core_18,squad,base,1680,7,8,total,22918845,45837690,8,all_8_ranks_SUM_after_task,c133d3b95899fc69c8db659c0934ea8cd920599dfff089145b5ab137723ce0e2,0.20946484060014195,0.0778489273783212,,measured_nonempty
MoE12,core_18,squad,base,1680,7,8,prefill,0,0,8,all_8_ranks_SUM_after_task,c133d3b95899fc69c8db659c0934ea8cd920599dfff089145b5ab137723ce0e2,,,,no_positions_no_balance_evidence
MoE12,core_18,squad,base,1680,7,8,decode,0,0,8,all_8_ranks_SUM_after_task,c133d3b95899fc69c8db659c0934ea8cd920599dfff089145b5ab137723ce0e2,,,,no_positions_no_balance_evidence
MoE12,core_18,squad,base,1680,7,8,other,22918845,45837690,8,all_8_ranks_SUM_after_task,c133d3b95899fc69c8db659c0934ea8cd920599dfff089145b5ab137723ce0e2,0.20946484060014195,0.0778489273783212,,measured_nonempty
MoE12,core_18,squad,base,1680,9,10,total,22918845,45837690,8,all_8_ranks_SUM_after_task,c133d3b95899fc69c8db659c0934ea8cd920599dfff089145b5ab137723ce0e2,0.1773047141358487,0.09713744300814461,,measured_nonempty
MoE12,core_18,squad,base,1680,9,10,prefill,0,0,8,all_8_ranks_SUM_after_task,c133d3b95899fc69c8db659c0934ea8cd920599dfff089145b5ab137723ce0e2,,,,no_positions_no_balance_evidence
MoE12,core_18,squad,base,1680,9,10,decode,0,0,8,all_8_ranks_SUM_after_task,c133d3b95899fc69c8db659c0934ea8cd920599dfff089145b5ab137723ce0e2,,,,no_positions_no_balance_evidence
MoE12,core_18,squad,base,1680,9,10,other,22918845,45837690,8,all_8_ranks_SUM_after_task,c133d3b95899fc69c8db659c0934ea8cd920599dfff089145b5ab137723ce0e2,0.1773047141358487,0.09713744300814461,,measured_nonempty
MoE12,core_18,squad,base,1680,11,12,total,22918845,45837690,8,all_8_ranks_SUM_after_task,c133d3b95899fc69c8db659c0934ea8cd920599dfff089145b5ab137723ce0e2,0.2478699256654589,0.0848783392007756,,measured_nonempty
MoE12,core_18,squad,base,1680,11,12,prefill,0,0,8,all_8_ranks_SUM_after_task,c133d3b95899fc69c8db659c0934ea8cd920599dfff089145b5ab137723ce0e2,,,,no_positions_no_balance_evidence
MoE12,core_18,squad,base,1680,11,12,decode,0,0,8,all_8_ranks_SUM_after_task,c133d3b95899fc69c8db659c0934ea8cd920599dfff089145b5ab137723ce0e2,,,,no_positions_no_balance_evidence
MoE12,core_18,squad,base,1680,11,12,other,22918845,45837690,8,all_8_ranks_SUM_after_task,c133d3b95899fc69c8db659c0934ea8cd920599dfff089145b5ab137723ce0e2,0.2478699256654589,0.0848783392007756,,measured_nonempty
MoE12,core_19,coqa,base,1680,1,2,total,4232680,8465360,8,all_8_ranks_SUM_after_task,468ff5f2fadada4b2bbaa70f76023480edaf966a27c33165669d32a49df7bd04,0.23806128421227918,0.09424111910184564,,measured_nonempty
MoE12,core_19,coqa,base,1680,1,2,prefill,0,0,8,all_8_ranks_SUM_after_task,468ff5f2fadada4b2bbaa70f76023480edaf966a27c33165669d32a49df7bd04,,,,no_positions_no_balance_evidence
MoE12,core_19,coqa,base,1680,1,2,decode,0,0,8,all_8_ranks_SUM_after_task,468ff5f2fadada4b2bbaa70f76023480edaf966a27c33165669d32a49df7bd04,,,,no_positions_no_balance_evidence
MoE12,core_19,coqa,base,1680,1,2,other,4232680,8465360,8,all_8_ranks_SUM_after_task,468ff5f2fadada4b2bbaa70f76023480edaf966a27c33165669d32a49df7bd04,0.23806128421227918,0.09424111910184564,,measured_nonempty
MoE12,core_19,coqa,base,1680,3,4,total,4232680,8465360,8,all_8_ranks_SUM_after_task,468ff5f2fadada4b2bbaa70f76023480edaf966a27c33165669d32a49df7bd04,0.12773959604830507,0.10313501138758423,,measured_nonempty
MoE12,core_19,coqa,base,1680,3,4,prefill,0,0,8,all_8_ranks_SUM_after_task,468ff5f2fadada4b2bbaa70f76023480edaf966a27c33165669d32a49df7bd04,,,,no_positions_no_balance_evidence
MoE12,core_19,coqa,base,1680,3,4,decode,0,0,8,all_8_ranks_SUM_after_task,468ff5f2fadada4b2bbaa70f76023480edaf966a27c33165669d32a49df7bd04,,,,no_positions_no_balance_evidence
MoE12,core_19,coqa,base,1680,3,4,other,4232680,8465360,8,all_8_ranks_SUM_after_task,468ff5f2fadada4b2bbaa70f76023480edaf966a27c33165669d32a49df7bd04,0.12773959604830507,0.10313501138758423,,measured_nonempty
MoE12,core_19,coqa,base,1680,5,6,total,4232680,8465360,8,all_8_ranks_SUM_after_task,468ff5f2fadada4b2bbaa70f76023480edaf966a27c33165669d32a49df7bd04,0.209915162118903,0.08858489184157554,,measured_nonempty
MoE12,core_19,coqa,base,1680,5,6,prefill,0,0,8,all_8_ranks_SUM_after_task,468ff5f2fadada4b2bbaa70f76023480edaf966a27c33165669d32a49df7bd04,,,,no_positions_no_balance_evidence
MoE12,core_19,coqa,base,1680,5,6,decode,0,0,8,all_8_ranks_SUM_after_task,468ff5f2fadada4b2bbaa70f76023480edaf966a27c33165669d32a49df7bd04,,,,no_positions_no_balance_evidence
MoE12,core_19,coqa,base,1680,5,6,other,4232680,8465360,8,all_8_ranks_SUM_after_task,468ff5f2fadada4b2bbaa70f76023480edaf966a27c33165669d32a49df7bd04,0.209915162118903,0.08858489184157554,,measured_nonempty
MoE12,core_19,coqa,base,1680,7,8,total,4232680,8465360,8,all_8_ranks_SUM_after_task,468ff5f2fadada4b2bbaa70f76023480edaf966a27c33165669d32a49df7bd04,0.17942649721931958,0.09941609098727047,,measured_nonempty
MoE12,core_19,coqa,base,1680,7,8,prefill,0,0,8,all_8_ranks_SUM_after_task,468ff5f2fadada4b2bbaa70f76023480edaf966a27c33165669d32a49df7bd04,,,,no_positions_no_balance_evidence
MoE12,core_19,coqa,base,1680,7,8,decode,0,0,8,all_8_ranks_SUM_after_task,468ff5f2fadada4b2bbaa70f76023480edaf966a27c33165669d32a49df7bd04,,,,no_positions_no_balance_evidence
MoE12,core_19,coqa,base,1680,7,8,other,4232680,8465360,8,all_8_ranks_SUM_after_task,468ff5f2fadada4b2bbaa70f76023480edaf966a27c33165669d32a49df7bd04,0.17942649721931958,0.09941609098727047,,measured_nonempty
MoE12,core_19,coqa,base,1680,9,10,total,4232680,8465360,8,all_8_ranks_SUM_after_task,468ff5f2fadada4b2bbaa70f76023480edaf966a27c33165669d32a49df7bd04,0.12169719111765673,0.10416509162043906,,measured_nonempty
MoE12,core_19,coqa,base,1680,9,10,prefill,0,0,8,all_8_ranks_SUM_after_task,468ff5f2fadada4b2bbaa70f76023480edaf966a27c33165669d32a49df7bd04,,,,no_positions_no_balance_evidence
MoE12,core_19,coqa,base,1680,9,10,decode,0,0,8,all_8_ranks_SUM_after_task,468ff5f2fadada4b2bbaa70f76023480edaf966a27c33165669d32a49df7bd04,,,,no_positions_no_balance_evidence
MoE12,core_19,coqa,base,1680,9,10,other,4232680,8465360,8,all_8_ranks_SUM_after_task,468ff5f2fadada4b2bbaa70f76023480edaf966a27c33165669d32a49df7bd04,0.12169719111765673,0.10416509162043906,,measured_nonempty
MoE12,core_19,coqa,base,1680,11,12,total,4232680,8465360,8,all_8_ranks_SUM_after_task,468ff5f2fadada4b2bbaa70f76023480edaf966a27c33165669d32a49df7bd04,0.1803646661616861,0.10054291843465606,,measured_nonempty
MoE12,core_19,coqa,base,1680,11,12,prefill,0,0,8,all_8_ranks_SUM_after_task,468ff5f2fadada4b2bbaa70f76023480edaf966a27c33165669d32a49df7bd04,,,,no_positions_no_balance_evidence
MoE12,core_19,coqa,base,1680,11,12,decode,0,0,8,all_8_ranks_SUM_after_task,468ff5f2fadada4b2bbaa70f76023480edaf966a27c33165669d32a49df7bd04,,,,no_positions_no_balance_evidence
MoE12,core_19,coqa,base,1680,11,12,other,4232680,8465360,8,all_8_ranks_SUM_after_task,468ff5f2fadada4b2bbaa70f76023480edaf966a27c33165669d32a49df7bd04,0.1803646661616861,0.10054291843465606,,measured_nonempty
MoE12,core_20,boolq,base,1680,1,2,total,10629396,21258792,8,all_8_ranks_SUM_after_task,9563d26151391bc26cb29954765670755f98365faa07a8565c1a43013a6f1e02,0.2532041247091689,0.0869360780236243,,measured_nonempty
MoE12,core_20,boolq,base,1680,1,2,prefill,0,0,8,all_8_ranks_SUM_after_task,9563d26151391bc26cb29954765670755f98365faa07a8565c1a43013a6f1e02,,,,no_positions_no_balance_evidence
MoE12,core_20,boolq,base,1680,1,2,decode,0,0,8,all_8_ranks_SUM_after_task,9563d26151391bc26cb29954765670755f98365faa07a8565c1a43013a6f1e02,,,,no_positions_no_balance_evidence
MoE12,core_20,boolq,base,1680,1,2,other,10629396,21258792,8,all_8_ranks_SUM_after_task,9563d26151391bc26cb29954765670755f98365faa07a8565c1a43013a6f1e02,0.2532041247091689,0.0869360780236243,,measured_nonempty
MoE12,core_20,boolq,base,1680,3,4,total,10629396,21258792,8,all_8_ranks_SUM_after_task,9563d26151391bc26cb29954765670755f98365faa07a8565c1a43013a6f1e02,0.21310501312425276,0.08130621909278758,,measured_nonempty
MoE12,core_20,boolq,base,1680,3,4,prefill,0,0,8,all_8_ranks_SUM_after_task,9563d26151391bc26cb29954765670755f98365faa07a8565c1a43013a6f1e02,,,,no_positions_no_balance_evidence
MoE12,core_20,boolq,base,1680,3,4,decode,0,0,8,all_8_ranks_SUM_after_task,9563d26151391bc26cb29954765670755f98365faa07a8565c1a43013a6f1e02,,,,no_positions_no_balance_evidence
MoE12,core_20,boolq,base,1680,3,4,other,10629396,21258792,8,all_8_ranks_SUM_after_task,9563d26151391bc26cb29954765670755f98365faa07a8565c1a43013a6f1e02,0.21310501312425276,0.08130621909278758,,measured_nonempty
MoE12,core_20,boolq,base,1680,5,6,total,10629396,21258792,8,all_8_ranks_SUM_after_task,9563d26151391bc26cb29954765670755f98365faa07a8565c1a43013a6f1e02,0.20461800742200204,0.08352337235342441,,measured_nonempty
MoE12,core_20,boolq,base,1680,5,6,prefill,0,0,8,all_8_ranks_SUM_after_task,9563d26151391bc26cb29954765670755f98365faa07a8565c1a43013a6f1e02,,,,no_positions_no_balance_evidence
MoE12,core_20,boolq,base,1680,5,6,decode,0,0,8,all_8_ranks_SUM_after_task,9563d26151391bc26cb29954765670755f98365faa07a8565c1a43013a6f1e02,,,,no_positions_no_balance_evidence
MoE12,core_20,boolq,base,1680,5,6,other,10629396,21258792,8,all_8_ranks_SUM_after_task,9563d26151391bc26cb29954765670755f98365faa07a8565c1a43013a6f1e02,0.20461800742200204,0.08352337235342441,,measured_nonempty
MoE12,core_20,boolq,base,1680,7,8,total,10629396,21258792,8,all_8_ranks_SUM_after_task,9563d26151391bc26cb29954765670755f98365faa07a8565c1a43013a6f1e02,0.22225784125562947,0.08081014198737163,,measured_nonempty
MoE12,core_20,boolq,base,1680,7,8,prefill,0,0,8,all_8_ranks_SUM_after_task,9563d26151391bc26cb29954765670755f98365faa07a8565c1a43013a6f1e02,,,,no_positions_no_balance_evidence
MoE12,core_20,boolq,base,1680,7,8,decode,0,0,8,all_8_ranks_SUM_after_task,9563d26151391bc26cb29954765670755f98365faa07a8565c1a43013a6f1e02,,,,no_positions_no_balance_evidence
MoE12,core_20,boolq,base,1680,7,8,other,10629396,21258792,8,all_8_ranks_SUM_after_task,9563d26151391bc26cb29954765670755f98365faa07a8565c1a43013a6f1e02,0.22225784125562947,0.08081014198737163,,measured_nonempty
MoE12,core_20,boolq,base,1680,9,10,total,10629396,21258792,8,all_8_ranks_SUM_after_task,9563d26151391bc26cb29954765670755f98365faa07a8565c1a43013a6f1e02,0.1551668594170087,0.09625843274631973,,measured_nonempty
MoE12,core_20,boolq,base,1680,9,10,prefill,0,0,8,all_8_ranks_SUM_after_task,9563d26151391bc26cb29954765670755f98365faa07a8565c1a43013a6f1e02,,,,no_positions_no_balance_evidence
MoE12,core_20,boolq,base,1680,9,10,decode,0,0,8,all_8_ranks_SUM_after_task,9563d26151391bc26cb29954765670755f98365faa07a8565c1a43013a6f1e02,,,,no_positions_no_balance_evidence
MoE12,core_20,boolq,base,1680,9,10,other,10629396,21258792,8,all_8_ranks_SUM_after_task,9563d26151391bc26cb29954765670755f98365faa07a8565c1a43013a6f1e02,0.1551668594170087,0.09625843274631973,,measured_nonempty
MoE12,core_20,boolq,base,1680,11,12,total,10629396,21258792,8,all_8_ranks_SUM_after_task,9563d26151391bc26cb29954765670755f98365faa07a8565c1a43013a6f1e02,0.22942753808030442,0.07710645082749763,,measured_nonempty
MoE12,core_20,boolq,base,1680,11,12,prefill,0,0,8,all_8_ranks_SUM_after_task,9563d26151391bc26cb29954765670755f98365faa07a8565c1a43013a6f1e02,,,,no_positions_no_balance_evidence
MoE12,core_20,boolq,base,1680,11,12,decode,0,0,8,all_8_ranks_SUM_after_task,9563d26151391bc26cb29954765670755f98365faa07a8565c1a43013a6f1e02,,,,no_positions_no_balance_evidence
MoE12,core_20,boolq,base,1680,11,12,other,10629396,21258792,8,all_8_ranks_SUM_after_task,9563d26151391bc26cb29954765670755f98365faa07a8565c1a43013a6f1e02,0.22942753808030442,0.07710645082749763,,measured_nonempty
MoE12,core_21,bigbench_language_identification,base,1680,1,2,total,70002636,140005272,8,all_8_ranks_SUM_after_task,a442b3c46c42439199b5775bc197748113e0cc885d375ce7e0ca9069c365d5e1,1.16313058498664,0.005955318596859696,,measured_nonempty
MoE12,core_21,bigbench_language_identification,base,1680,1,2,prefill,0,0,8,all_8_ranks_SUM_after_task,a442b3c46c42439199b5775bc197748113e0cc885d375ce7e0ca9069c365d5e1,,,,no_positions_no_balance_evidence
MoE12,core_21,bigbench_language_identification,base,1680,1,2,decode,0,0,8,all_8_ranks_SUM_after_task,a442b3c46c42439199b5775bc197748113e0cc885d375ce7e0ca9069c365d5e1,,,,no_positions_no_balance_evidence
MoE12,core_21,bigbench_language_identification,base,1680,1,2,other,70002636,140005272,8,all_8_ranks_SUM_after_task,a442b3c46c42439199b5775bc197748113e0cc885d375ce7e0ca9069c365d5e1,1.16313058498664,0.005955318596859696,,measured_nonempty
MoE12,core_21,bigbench_language_identification,base,1680,3,4,total,70002636,140005272,8,all_8_ranks_SUM_after_task,a442b3c46c42439199b5775bc197748113e0cc885d375ce7e0ca9069c365d5e1,0.8921610347309908,0.03221215841072042,,measured_nonempty
MoE12,core_21,bigbench_language_identification,base,1680,3,4,prefill,0,0,8,all_8_ranks_SUM_after_task,a442b3c46c42439199b5775bc197748113e0cc885d375ce7e0ca9069c365d5e1,,,,no_positions_no_balance_evidence
MoE12,core_21,bigbench_language_identification,base,1680,3,4,decode,0,0,8,all_8_ranks_SUM_after_task,a442b3c46c42439199b5775bc197748113e0cc885d375ce7e0ca9069c365d5e1,,,,no_positions_no_balance_evidence
MoE12,core_21,bigbench_language_identification,base,1680,3,4,other,70002636,140005272,8,all_8_ranks_SUM_after_task,a442b3c46c42439199b5775bc197748113e0cc885d375ce7e0ca9069c365d5e1,0.8921610347309908,0.03221215841072042,,measured_nonempty
MoE12,core_21,bigbench_language_identification,base,1680,5,6,total,70002636,140005272,8,all_8_ranks_SUM_after_task,a442b3c46c42439199b5775bc197748113e0cc885d375ce7e0ca9069c365d5e1,1.1888018766929123,0.01623704570210756,,measured_nonempty
MoE12,core_21,bigbench_language_identification,base,1680,5,6,prefill,0,0,8,all_8_ranks_SUM_after_task,a442b3c46c42439199b5775bc197748113e0cc885d375ce7e0ca9069c365d5e1,,,,no_positions_no_balance_evidence
MoE12,core_21,bigbench_language_identification,base,1680,5,6,decode,0,0,8,all_8_ranks_SUM_after_task,a442b3c46c42439199b5775bc197748113e0cc885d375ce7e0ca9069c365d5e1,,,,no_positions_no_balance_evidence
MoE12,core_21,bigbench_language_identification,base,1680,5,6,other,70002636,140005272,8,all_8_ranks_SUM_after_task,a442b3c46c42439199b5775bc197748113e0cc885d375ce7e0ca9069c365d5e1,1.1888018766929123,0.01623704570210756,,measured_nonempty
MoE12,core_21,bigbench_language_identification,base,1680,7,8,total,70002636,140005272,8,all_8_ranks_SUM_after_task,a442b3c46c42439199b5775bc197748113e0cc885d375ce7e0ca9069c365d5e1,1.0500411718536038,0.028324304816178637,,measured_nonempty
MoE12,core_21,bigbench_language_identification,base,1680,7,8,prefill,0,0,8,all_8_ranks_SUM_after_task,a442b3c46c42439199b5775bc197748113e0cc885d375ce7e0ca9069c365d5e1,,,,no_positions_no_balance_evidence
MoE12,core_21,bigbench_language_identification,base,1680,7,8,decode,0,0,8,all_8_ranks_SUM_after_task,a442b3c46c42439199b5775bc197748113e0cc885d375ce7e0ca9069c365d5e1,,,,no_positions_no_balance_evidence
MoE12,core_21,bigbench_language_identification,base,1680,7,8,other,70002636,140005272,8,all_8_ranks_SUM_after_task,a442b3c46c42439199b5775bc197748113e0cc885d375ce7e0ca9069c365d5e1,1.0500411718536038,0.028324304816178637,,measured_nonempty
MoE12,core_21,bigbench_language_identification,base,1680,9,10,total,70002636,140005272,8,all_8_ranks_SUM_after_task,a442b3c46c42439199b5775bc197748113e0cc885d375ce7e0ca9069c365d5e1,1.133837321110369,0.005329085036169209,,measured_nonempty
MoE12,core_21,bigbench_language_identification,base,1680,9,10,prefill,0,0,8,all_8_ranks_SUM_after_task,a442b3c46c42439199b5775bc197748113e0cc885d375ce7e0ca9069c365d5e1,,,,no_positions_no_balance_evidence
MoE12,core_21,bigbench_language_identification,base,1680,9,10,decode,0,0,8,all_8_ranks_SUM_after_task,a442b3c46c42439199b5775bc197748113e0cc885d375ce7e0ca9069c365d5e1,,,,no_positions_no_balance_evidence
MoE12,core_21,bigbench_language_identification,base,1680,9,10,other,70002636,140005272,8,all_8_ranks_SUM_after_task,a442b3c46c42439199b5775bc197748113e0cc885d375ce7e0ca9069c365d5e1,1.133837321110369,0.005329085036169209,,measured_nonempty
MoE12,core_21,bigbench_language_identification,base,1680,11,12,total,70002636,140005272,8,all_8_ranks_SUM_after_task,a442b3c46c42439199b5775bc197748113e0cc885d375ce7e0ca9069c365d5e1,1.2049408198626534,0.010453034939998546,,measured_nonempty
MoE12,core_21,bigbench_language_identification,base,1680,11,12,prefill,0,0,8,all_8_ranks_SUM_after_task,a442b3c46c42439199b5775bc197748113e0cc885d375ce7e0ca9069c365d5e1,,,,no_positions_no_balance_evidence
MoE12,core_21,bigbench_language_identification,base,1680,11,12,decode,0,0,8,all_8_ranks_SUM_after_task,a442b3c46c42439199b5775bc197748113e0cc885d375ce7e0ca9069c365d5e1,,,,no_positions_no_balance_evidence
MoE12,core_21,bigbench_language_identification,base,1680,11,12,other,70002636,140005272,8,all_8_ranks_SUM_after_task,a442b3c46c42439199b5775bc197748113e0cc885d375ce7e0ca9069c365d5e1,1.2049408198626534,0.010453034939998546,,measured_nonempty
MoE12,chat_ARC-Easy,ARC-Easy,sft,932,1,2,total,178062,356124,8,all_8_ranks_SUM_after_task,db6aca8b9c97c58720a30b1f5314d73d307e146c21690e8682390a6f0cc1febd,0.3188111168107221,0.07739719872853276,,measured_nonempty
MoE12,chat_ARC-Easy,ARC-Easy,sft,932,1,2,prefill,0,0,8,all_8_ranks_SUM_after_task,db6aca8b9c97c58720a30b1f5314d73d307e146c21690e8682390a6f0cc1febd,,,,no_positions_no_balance_evidence
MoE12,chat_ARC-Easy,ARC-Easy,sft,932,1,2,decode,0,0,8,all_8_ranks_SUM_after_task,db6aca8b9c97c58720a30b1f5314d73d307e146c21690e8682390a6f0cc1febd,,,,no_positions_no_balance_evidence
MoE12,chat_ARC-Easy,ARC-Easy,sft,932,1,2,other,178062,356124,8,all_8_ranks_SUM_after_task,db6aca8b9c97c58720a30b1f5314d73d307e146c21690e8682390a6f0cc1febd,0.3188111168107221,0.07739719872853276,,measured_nonempty
MoE12,chat_ARC-Easy,ARC-Easy,sft,932,3,4,total,178062,356124,8,all_8_ranks_SUM_after_task,db6aca8b9c97c58720a30b1f5314d73d307e146c21690e8682390a6f0cc1febd,0.4567861268964575,0.04638833664678595,,measured_nonempty
MoE12,chat_ARC-Easy,ARC-Easy,sft,932,3,4,prefill,0,0,8,all_8_ranks_SUM_after_task,db6aca8b9c97c58720a30b1f5314d73d307e146c21690e8682390a6f0cc1febd,,,,no_positions_no_balance_evidence
MoE12,chat_ARC-Easy,ARC-Easy,sft,932,3,4,decode,0,0,8,all_8_ranks_SUM_after_task,db6aca8b9c97c58720a30b1f5314d73d307e146c21690e8682390a6f0cc1febd,,,,no_positions_no_balance_evidence
MoE12,chat_ARC-Easy,ARC-Easy,sft,932,3,4,other,178062,356124,8,all_8_ranks_SUM_after_task,db6aca8b9c97c58720a30b1f5314d73d307e146c21690e8682390a6f0cc1febd,0.4567861268964575,0.04638833664678595,,measured_nonempty
MoE12,chat_ARC-Easy,ARC-Easy,sft,932,5,6,total,178062,356124,8,all_8_ranks_SUM_after_task,db6aca8b9c97c58720a30b1f5314d73d307e146c21690e8682390a6f0cc1febd,0.2891954524909445,0.07887421235300064,,measured_nonempty
MoE12,chat_ARC-Easy,ARC-Easy,sft,932,5,6,prefill,0,0,8,all_8_ranks_SUM_after_task,db6aca8b9c97c58720a30b1f5314d73d307e146c21690e8682390a6f0cc1febd,,,,no_positions_no_balance_evidence
MoE12,chat_ARC-Easy,ARC-Easy,sft,932,5,6,decode,0,0,8,all_8_ranks_SUM_after_task,db6aca8b9c97c58720a30b1f5314d73d307e146c21690e8682390a6f0cc1febd,,,,no_positions_no_balance_evidence
MoE12,chat_ARC-Easy,ARC-Easy,sft,932,5,6,other,178062,356124,8,all_8_ranks_SUM_after_task,db6aca8b9c97c58720a30b1f5314d73d307e146c21690e8682390a6f0cc1febd,0.2891954524909445,0.07887421235300064,,measured_nonempty
MoE12,chat_ARC-Easy,ARC-Easy,sft,932,7,8,total,178062,356124,8,all_8_ranks_SUM_after_task,db6aca8b9c97c58720a30b1f5314d73d307e146c21690e8682390a6f0cc1febd,0.35987513943790655,0.07708550954162033,,measured_nonempty
MoE12,chat_ARC-Easy,ARC-Easy,sft,932,7,8,prefill,0,0,8,all_8_ranks_SUM_after_task,db6aca8b9c97c58720a30b1f5314d73d307e146c21690e8682390a6f0cc1febd,,,,no_positions_no_balance_evidence
MoE12,chat_ARC-Easy,ARC-Easy,sft,932,7,8,decode,0,0,8,all_8_ranks_SUM_after_task,db6aca8b9c97c58720a30b1f5314d73d307e146c21690e8682390a6f0cc1febd,,,,no_positions_no_balance_evidence
MoE12,chat_ARC-Easy,ARC-Easy,sft,932,7,8,other,178062,356124,8,all_8_ranks_SUM_after_task,db6aca8b9c97c58720a30b1f5314d73d307e146c21690e8682390a6f0cc1febd,0.35987513943790655,0.07708550954162033,,measured_nonempty
MoE12,chat_ARC-Easy,ARC-Easy,sft,932,9,10,total,178062,356124,8,all_8_ranks_SUM_after_task,db6aca8b9c97c58720a30b1f5314d73d307e146c21690e8682390a6f0cc1febd,0.4074494871924409,0.0723624355561546,,measured_nonempty
MoE12,chat_ARC-Easy,ARC-Easy,sft,932,9,10,prefill,0,0,8,all_8_ranks_SUM_after_task,db6aca8b9c97c58720a30b1f5314d73d307e146c21690e8682390a6f0cc1febd,,,,no_positions_no_balance_evidence
MoE12,chat_ARC-Easy,ARC-Easy,sft,932,9,10,decode,0,0,8,all_8_ranks_SUM_after_task,db6aca8b9c97c58720a30b1f5314d73d307e146c21690e8682390a6f0cc1febd,,,,no_positions_no_balance_evidence
MoE12,chat_ARC-Easy,ARC-Easy,sft,932,9,10,other,178062,356124,8,all_8_ranks_SUM_after_task,db6aca8b9c97c58720a30b1f5314d73d307e146c21690e8682390a6f0cc1febd,0.4074494871924409,0.0723624355561546,,measured_nonempty
MoE12,chat_ARC-Easy,ARC-Easy,sft,932,11,12,total,178062,356124,8,all_8_ranks_SUM_after_task,db6aca8b9c97c58720a30b1f5314d73d307e146c21690e8682390a6f0cc1febd,0.5141413432738705,0.06015882108479069,,measured_nonempty
MoE12,chat_ARC-Easy,ARC-Easy,sft,932,11,12,prefill,0,0,8,all_8_ranks_SUM_after_task,db6aca8b9c97c58720a30b1f5314d73d307e146c21690e8682390a6f0cc1febd,,,,no_positions_no_balance_evidence
MoE12,chat_ARC-Easy,ARC-Easy,sft,932,11,12,decode,0,0,8,all_8_ranks_SUM_after_task,db6aca8b9c97c58720a30b1f5314d73d307e146c21690e8682390a6f0cc1febd,,,,no_positions_no_balance_evidence
MoE12,chat_ARC-Easy,ARC-Easy,sft,932,11,12,other,178062,356124,8,all_8_ranks_SUM_after_task,db6aca8b9c97c58720a30b1f5314d73d307e146c21690e8682390a6f0cc1febd,0.5141413432738705,0.06015882108479069,,measured_nonempty
MoE12,chat_ARC-Challenge,ARC-Challenge,sft,932,1,2,total,99425,198850,8,all_8_ranks_SUM_after_task,3238e03e90c6c60f5a18ad374156100f26b4c9f9274035d3194589e7eb118116,0.2708692437177373,0.08074930852401307,,measured_nonempty
MoE12,chat_ARC-Challenge,ARC-Challenge,sft,932,1,2,prefill,0,0,8,all_8_ranks_SUM_after_task,3238e03e90c6c60f5a18ad374156100f26b4c9f9274035d3194589e7eb118116,,,,no_positions_no_balance_evidence
MoE12,chat_ARC-Challenge,ARC-Challenge,sft,932,1,2,decode,0,0,8,all_8_ranks_SUM_after_task,3238e03e90c6c60f5a18ad374156100f26b4c9f9274035d3194589e7eb118116,,,,no_positions_no_balance_evidence
MoE12,chat_ARC-Challenge,ARC-Challenge,sft,932,1,2,other,99425,198850,8,all_8_ranks_SUM_after_task,3238e03e90c6c60f5a18ad374156100f26b4c9f9274035d3194589e7eb118116,0.2708692437177373,0.08074930852401307,,measured_nonempty
MoE12,chat_ARC-Challenge,ARC-Challenge,sft,932,3,4,total,99425,198850,8,all_8_ranks_SUM_after_task,3238e03e90c6c60f5a18ad374156100f26b4c9f9274035d3194589e7eb118116,0.4080299950476777,0.052778476238370634,,measured_nonempty
MoE12,chat_ARC-Challenge,ARC-Challenge,sft,932,3,4,prefill,0,0,8,all_8_ranks_SUM_after_task,3238e03e90c6c60f5a18ad374156100f26b4c9f9274035d3194589e7eb118116,,,,no_positions_no_balance_evidence
MoE12,chat_ARC-Challenge,ARC-Challenge,sft,932,3,4,decode,0,0,8,all_8_ranks_SUM_after_task,3238e03e90c6c60f5a18ad374156100f26b4c9f9274035d3194589e7eb118116,,,,no_positions_no_balance_evidence
MoE12,chat_ARC-Challenge,ARC-Challenge,sft,932,3,4,other,99425,198850,8,all_8_ranks_SUM_after_task,3238e03e90c6c60f5a18ad374156100f26b4c9f9274035d3194589e7eb118116,0.4080299950476777,0.052778476238370634,,measured_nonempty
MoE12,chat_ARC-Challenge,ARC-Challenge,sft,932,5,6,total,99425,198850,8,all_8_ranks_SUM_after_task,3238e03e90c6c60f5a18ad374156100f26b4c9f9274035d3194589e7eb118116,0.25004249146483,0.08985164697007794,,measured_nonempty
MoE12,chat_ARC-Challenge,ARC-Challenge,sft,932,5,6,prefill,0,0,8,all_8_ranks_SUM_after_task,3238e03e90c6c60f5a18ad374156100f26b4c9f9274035d3194589e7eb118116,,,,no_positions_no_balance_evidence
MoE12,chat_ARC-Challenge,ARC-Challenge,sft,932,5,6,decode,0,0,8,all_8_ranks_SUM_after_task,3238e03e90c6c60f5a18ad374156100f26b4c9f9274035d3194589e7eb118116,,,,no_positions_no_balance_evidence
MoE12,chat_ARC-Challenge,ARC-Challenge,sft,932,5,6,other,99425,198850,8,all_8_ranks_SUM_after_task,3238e03e90c6c60f5a18ad374156100f26b4c9f9274035d3194589e7eb118116,0.25004249146483,0.08985164697007794,,measured_nonempty
MoE12,chat_ARC-Challenge,ARC-Challenge,sft,932,7,8,total,99425,198850,8,all_8_ranks_SUM_after_task,3238e03e90c6c60f5a18ad374156100f26b4c9f9274035d3194589e7eb118116,0.3298307389010578,0.0777772190093035,,measured_nonempty
MoE12,chat_ARC-Challenge,ARC-Challenge,sft,932,7,8,prefill,0,0,8,all_8_ranks_SUM_after_task,3238e03e90c6c60f5a18ad374156100f26b4c9f9274035d3194589e7eb118116,,,,no_positions_no_balance_evidence
MoE12,chat_ARC-Challenge,ARC-Challenge,sft,932,7,8,decode,0,0,8,all_8_ranks_SUM_after_task,3238e03e90c6c60f5a18ad374156100f26b4c9f9274035d3194589e7eb118116,,,,no_positions_no_balance_evidence
MoE12,chat_ARC-Challenge,ARC-Challenge,sft,932,7,8,other,99425,198850,8,all_8_ranks_SUM_after_task,3238e03e90c6c60f5a18ad374156100f26b4c9f9274035d3194589e7eb118116,0.3298307389010578,0.0777772190093035,,measured_nonempty
MoE12,chat_ARC-Challenge,ARC-Challenge,sft,932,9,10,total,99425,198850,8,all_8_ranks_SUM_after_task,3238e03e90c6c60f5a18ad374156100f26b4c9f9274035d3194589e7eb118116,0.3559611900843789,0.07791299974855419,,measured_nonempty
MoE12,chat_ARC-Challenge,ARC-Challenge,sft,932,9,10,prefill,0,0,8,all_8_ranks_SUM_after_task,3238e03e90c6c60f5a18ad374156100f26b4c9f9274035d3194589e7eb118116,,,,no_positions_no_balance_evidence
MoE12,chat_ARC-Challenge,ARC-Challenge,sft,932,9,10,decode,0,0,8,all_8_ranks_SUM_after_task,3238e03e90c6c60f5a18ad374156100f26b4c9f9274035d3194589e7eb118116,,,,no_positions_no_balance_evidence
MoE12,chat_ARC-Challenge,ARC-Challenge,sft,932,9,10,other,99425,198850,8,all_8_ranks_SUM_after_task,3238e03e90c6c60f5a18ad374156100f26b4c9f9274035d3194589e7eb118116,0.3559611900843789,0.07791299974855419,,measured_nonempty
MoE12,chat_ARC-Challenge,ARC-Challenge,sft,932,11,12,total,99425,198850,8,all_8_ranks_SUM_after_task,3238e03e90c6c60f5a18ad374156100f26b4c9f9274035d3194589e7eb118116,0.44858714541307315,0.0636912245411114,,measured_nonempty
MoE12,chat_ARC-Challenge,ARC-Challenge,sft,932,11,12,prefill,0,0,8,all_8_ranks_SUM_after_task,3238e03e90c6c60f5a18ad374156100f26b4c9f9274035d3194589e7eb118116,,,,no_positions_no_balance_evidence
MoE12,chat_ARC-Challenge,ARC-Challenge,sft,932,11,12,decode,0,0,8,all_8_ranks_SUM_after_task,3238e03e90c6c60f5a18ad374156100f26b4c9f9274035d3194589e7eb118116,,,,no_positions_no_balance_evidence
MoE12,chat_ARC-Challenge,ARC-Challenge,sft,932,11,12,other,99425,198850,8,all_8_ranks_SUM_after_task,3238e03e90c6c60f5a18ad374156100f26b4c9f9274035d3194589e7eb118116,0.44858714541307315,0.0636912245411114,,measured_nonempty
MoE12,chat_MMLU,MMLU,sft,932,1,2,total,1848092,3696184,8,all_8_ranks_SUM_after_task,9cba42b83530ff1a2b2545ddcfde9629149a82cedd46630d78a8926c21b747e0,0.24611724961746828,0.08651084469820766,,measured_nonempty
MoE12,chat_MMLU,MMLU,sft,932,1,2,prefill,0,0,8,all_8_ranks_SUM_after_task,9cba42b83530ff1a2b2545ddcfde9629149a82cedd46630d78a8926c21b747e0,,,,no_positions_no_balance_evidence
MoE12,chat_MMLU,MMLU,sft,932,1,2,decode,0,0,8,all_8_ranks_SUM_after_task,9cba42b83530ff1a2b2545ddcfde9629149a82cedd46630d78a8926c21b747e0,,,,no_positions_no_balance_evidence
MoE12,chat_MMLU,MMLU,sft,932,1,2,other,1848092,3696184,8,all_8_ranks_SUM_after_task,9cba42b83530ff1a2b2545ddcfde9629149a82cedd46630d78a8926c21b747e0,0.24611724961746828,0.08651084469820766,,measured_nonempty
MoE12,chat_MMLU,MMLU,sft,932,3,4,total,1848092,3696184,8,all_8_ranks_SUM_after_task,9cba42b83530ff1a2b2545ddcfde9629149a82cedd46630d78a8926c21b747e0,0.2600585058006317,0.08176973873595038,,measured_nonempty
MoE12,chat_MMLU,MMLU,sft,932,3,4,prefill,0,0,8,all_8_ranks_SUM_after_task,9cba42b83530ff1a2b2545ddcfde9629149a82cedd46630d78a8926c21b747e0,,,,no_positions_no_balance_evidence
MoE12,chat_MMLU,MMLU,sft,932,3,4,decode,0,0,8,all_8_ranks_SUM_after_task,9cba42b83530ff1a2b2545ddcfde9629149a82cedd46630d78a8926c21b747e0,,,,no_positions_no_balance_evidence
MoE12,chat_MMLU,MMLU,sft,932,3,4,other,1848092,3696184,8,all_8_ranks_SUM_after_task,9cba42b83530ff1a2b2545ddcfde9629149a82cedd46630d78a8926c21b747e0,0.2600585058006317,0.08176973873595038,,measured_nonempty
MoE12,chat_MMLU,MMLU,sft,932,5,6,total,1848092,3696184,8,all_8_ranks_SUM_after_task,9cba42b83530ff1a2b2545ddcfde9629149a82cedd46630d78a8926c21b747e0,0.3028549486318367,0.08643049155561519,,measured_nonempty
MoE12,chat_MMLU,MMLU,sft,932,5,6,prefill,0,0,8,all_8_ranks_SUM_after_task,9cba42b83530ff1a2b2545ddcfde9629149a82cedd46630d78a8926c21b747e0,,,,no_positions_no_balance_evidence
MoE12,chat_MMLU,MMLU,sft,932,5,6,decode,0,0,8,all_8_ranks_SUM_after_task,9cba42b83530ff1a2b2545ddcfde9629149a82cedd46630d78a8926c21b747e0,,,,no_positions_no_balance_evidence
MoE12,chat_MMLU,MMLU,sft,932,5,6,other,1848092,3696184,8,all_8_ranks_SUM_after_task,9cba42b83530ff1a2b2545ddcfde9629149a82cedd46630d78a8926c21b747e0,0.3028549486318367,0.08643049155561519,,measured_nonempty
MoE12,chat_MMLU,MMLU,sft,932,7,8,total,1848092,3696184,8,all_8_ranks_SUM_after_task,9cba42b83530ff1a2b2545ddcfde9629149a82cedd46630d78a8926c21b747e0,0.34293540394192773,0.07881425816463683,,measured_nonempty
MoE12,chat_MMLU,MMLU,sft,932,7,8,prefill,0,0,8,all_8_ranks_SUM_after_task,9cba42b83530ff1a2b2545ddcfde9629149a82cedd46630d78a8926c21b747e0,,,,no_positions_no_balance_evidence
MoE12,chat_MMLU,MMLU,sft,932,7,8,decode,0,0,8,all_8_ranks_SUM_after_task,9cba42b83530ff1a2b2545ddcfde9629149a82cedd46630d78a8926c21b747e0,,,,no_positions_no_balance_evidence
MoE12,chat_MMLU,MMLU,sft,932,7,8,other,1848092,3696184,8,all_8_ranks_SUM_after_task,9cba42b83530ff1a2b2545ddcfde9629149a82cedd46630d78a8926c21b747e0,0.34293540394192773,0.07881425816463683,,measured_nonempty
MoE12,chat_MMLU,MMLU,sft,932,9,10,total,1848092,3696184,8,all_8_ranks_SUM_after_task,9cba42b83530ff1a2b2545ddcfde9629149a82cedd46630d78a8926c21b747e0,0.2717347024559625,0.08673377732277397,,measured_nonempty
MoE12,chat_MMLU,MMLU,sft,932,9,10,prefill,0,0,8,all_8_ranks_SUM_after_task,9cba42b83530ff1a2b2545ddcfde9629149a82cedd46630d78a8926c21b747e0,,,,no_positions_no_balance_evidence
MoE12,chat_MMLU,MMLU,sft,932,9,10,decode,0,0,8,all_8_ranks_SUM_after_task,9cba42b83530ff1a2b2545ddcfde9629149a82cedd46630d78a8926c21b747e0,,,,no_positions_no_balance_evidence
MoE12,chat_MMLU,MMLU,sft,932,9,10,other,1848092,3696184,8,all_8_ranks_SUM_after_task,9cba42b83530ff1a2b2545ddcfde9629149a82cedd46630d78a8926c21b747e0,0.2717347024559625,0.08673377732277397,,measured_nonempty
MoE12,chat_MMLU,MMLU,sft,932,11,12,total,1848092,3696184,8,all_8_ranks_SUM_after_task,9cba42b83530ff1a2b2545ddcfde9629149a82cedd46630d78a8926c21b747e0,0.35074993810289856,0.06986475781508712,,measured_nonempty
MoE12,chat_MMLU,MMLU,sft,932,11,12,prefill,0,0,8,all_8_ranks_SUM_after_task,9cba42b83530ff1a2b2545ddcfde9629149a82cedd46630d78a8926c21b747e0,,,,no_positions_no_balance_evidence
MoE12,chat_MMLU,MMLU,sft,932,11,12,decode,0,0,8,all_8_ranks_SUM_after_task,9cba42b83530ff1a2b2545ddcfde9629149a82cedd46630d78a8926c21b747e0,,,,no_positions_no_balance_evidence
MoE12,chat_MMLU,MMLU,sft,932,11,12,other,1848092,3696184,8,all_8_ranks_SUM_after_task,9cba42b83530ff1a2b2545ddcfde9629149a82cedd46630d78a8926c21b747e0,0.35074993810289856,0.06986475781508712,,measured_nonempty
MoE12,chat_GSM8K,GSM8K,sft,932,1,2,total,337815,675630,8,all_8_ranks_SUM_after_task,0f372d68dcd217059b4b53381913ed1da23f796b3ced960b7798f419dfbd6316,0.21735205262192006,0.08757307994020395,,measured_nonempty
MoE12,chat_GSM8K,GSM8K,sft,932,1,2,prefill,85005,170010,8,all_8_ranks_SUM_after_task,0f372d68dcd217059b4b53381913ed1da23f796b3ced960b7798f419dfbd6316,0.1841850275676426,0.07589553555673195,,measured_nonempty
MoE12,chat_GSM8K,GSM8K,sft,932,1,2,decode,252810,505620,8,all_8_ranks_SUM_after_task,0f372d68dcd217059b4b53381913ed1da23f796b3ced960b7798f419dfbd6316,0.2609943186178907,0.09149954511293065,,measured_nonempty
MoE12,chat_GSM8K,GSM8K,sft,932,1,2,other,0,0,8,all_8_ranks_SUM_after_task,0f372d68dcd217059b4b53381913ed1da23f796b3ced960b7798f419dfbd6316,,,,no_positions_no_balance_evidence
MoE12,chat_GSM8K,GSM8K,sft,932,3,4,total,337815,675630,8,all_8_ranks_SUM_after_task,0f372d68dcd217059b4b53381913ed1da23f796b3ced960b7798f419dfbd6316,0.329372736673564,0.08761304264168258,,measured_nonempty
MoE12,chat_GSM8K,GSM8K,sft,932,3,4,prefill,85005,170010,8,all_8_ranks_SUM_after_task,0f372d68dcd217059b4b53381913ed1da23f796b3ced960b7798f419dfbd6316,0.20210745905554936,0.08519498853008646,,measured_nonempty
MoE12,chat_GSM8K,GSM8K,sft,932,3,4,decode,252810,505620,8,all_8_ranks_SUM_after_task,0f372d68dcd217059b4b53381913ed1da23f796b3ced960b7798f419dfbd6316,0.37724881313455816,0.08239982595625173,,measured_nonempty
MoE12,chat_GSM8K,GSM8K,sft,932,3,4,other,0,0,8,all_8_ranks_SUM_after_task,0f372d68dcd217059b4b53381913ed1da23f796b3ced960b7798f419dfbd6316,,,,no_positions_no_balance_evidence
MoE12,chat_GSM8K,GSM8K,sft,932,5,6,total,337815,675630,8,all_8_ranks_SUM_after_task,0f372d68dcd217059b4b53381913ed1da23f796b3ced960b7798f419dfbd6316,0.45925372358436023,0.07449491585631189,,measured_nonempty
MoE12,chat_GSM8K,GSM8K,sft,932,5,6,prefill,85005,170010,8,all_8_ranks_SUM_after_task,0f372d68dcd217059b4b53381913ed1da23f796b3ced960b7798f419dfbd6316,0.3545647990010355,0.06746661961061114,,measured_nonempty
MoE12,chat_GSM8K,GSM8K,sft,932,5,6,decode,252810,505620,8,all_8_ranks_SUM_after_task,0f372d68dcd217059b4b53381913ed1da23f796b3ced960b7798f419dfbd6316,0.5343765113101562,0.0645188085914323,,measured_nonempty
MoE12,chat_GSM8K,GSM8K,sft,932,5,6,other,0,0,8,all_8_ranks_SUM_after_task,0f372d68dcd217059b4b53381913ed1da23f796b3ced960b7798f419dfbd6316,,,,no_positions_no_balance_evidence
MoE12,chat_GSM8K,GSM8K,sft,932,7,8,total,337815,675630,8,all_8_ranks_SUM_after_task,0f372d68dcd217059b4b53381913ed1da23f796b3ced960b7798f419dfbd6316,0.3134167493185463,0.07579444370439442,,measured_nonempty
MoE12,chat_GSM8K,GSM8K,sft,932,7,8,prefill,85005,170010,8,all_8_ranks_SUM_after_task,0f372d68dcd217059b4b53381913ed1da23f796b3ced960b7798f419dfbd6316,0.159508284174933,0.10440562319863537,,measured_nonempty
MoE12,chat_GSM8K,GSM8K,sft,932,7,8,decode,252810,505620,8,all_8_ranks_SUM_after_task,0f372d68dcd217059b4b53381913ed1da23f796b3ced960b7798f419dfbd6316,0.3755688197157623,0.06362287884181797,,measured_nonempty
MoE12,chat_GSM8K,GSM8K,sft,932,7,8,other,0,0,8,all_8_ranks_SUM_after_task,0f372d68dcd217059b4b53381913ed1da23f796b3ced960b7798f419dfbd6316,,,,no_positions_no_balance_evidence
MoE12,chat_GSM8K,GSM8K,sft,932,9,10,total,337815,675630,8,all_8_ranks_SUM_after_task,0f372d68dcd217059b4b53381913ed1da23f796b3ced960b7798f419dfbd6316,0.33453294083217033,0.09252697482349807,,measured_nonempty
MoE12,chat_GSM8K,GSM8K,sft,932,9,10,prefill,85005,170010,8,all_8_ranks_SUM_after_task,0f372d68dcd217059b4b53381913ed1da23f796b3ced960b7798f419dfbd6316,0.17102362958175948,0.09772366331392271,,measured_nonempty
MoE12,chat_GSM8K,GSM8K,sft,932,9,10,decode,252810,505620,8,all_8_ranks_SUM_after_task,0f372d68dcd217059b4b53381913ed1da23f796b3ced960b7798f419dfbd6316,0.4019078437892043,0.0904038606067798,,measured_nonempty
MoE12,chat_GSM8K,GSM8K,sft,932,9,10,other,0,0,8,all_8_ranks_SUM_after_task,0f372d68dcd217059b4b53381913ed1da23f796b3ced960b7798f419dfbd6316,,,,no_positions_no_balance_evidence
MoE12,chat_GSM8K,GSM8K,sft,932,11,12,total,337815,675630,8,all_8_ranks_SUM_after_task,0f372d68dcd217059b4b53381913ed1da23f796b3ced960b7798f419dfbd6316,0.29649923252666466,0.07458964225981676,,measured_nonempty
MoE12,chat_GSM8K,GSM8K,sft,932,11,12,prefill,85005,170010,8,all_8_ranks_SUM_after_task,0f372d68dcd217059b4b53381913ed1da23f796b3ced960b7798f419dfbd6316,0.23543444246359002,0.08004235044997353,,measured_nonempty
MoE12,chat_GSM8K,GSM8K,sft,932,11,12,decode,252810,505620,8,all_8_ranks_SUM_after_task,0f372d68dcd217059b4b53381913ed1da23f796b3ced960b7798f419dfbd6316,0.3288028557659124,0.07275622008623077,,measured_nonempty
MoE12,chat_GSM8K,GSM8K,sft,932,11,12,other,0,0,8,all_8_ranks_SUM_after_task,0f372d68dcd217059b4b53381913ed1da23f796b3ced960b7798f419dfbd6316,,,,no_positions_no_balance_evidence
MoE12,chat_HumanEval,HumanEval,sft,932,1,2,total,70771,141542,8,all_8_ranks_SUM_after_task,7501f889d6525d73a2e846c6dffcbfa034185c15671a452d581962fd2133d45d,0.4810435665285712,0.0783724972093089,,measured_nonempty
MoE12,chat_HumanEval,HumanEval,sft,932,1,2,prefill,25471,50942,8,all_8_ranks_SUM_after_task,7501f889d6525d73a2e846c6dffcbfa034185c15671a452d581962fd2133d45d,0.5467419763061181,0.07119861803619804,,measured_nonempty
MoE12,chat_HumanEval,HumanEval,sft,932,1,2,decode,45300,90600,8,all_8_ranks_SUM_after_task,7501f889d6525d73a2e846c6dffcbfa034185c15671a452d581962fd2133d45d,0.44629476415802843,0.08240618101545254,,measured_nonempty
MoE12,chat_HumanEval,HumanEval,sft,932,1,2,other,0,0,8,all_8_ranks_SUM_after_task,7501f889d6525d73a2e846c6dffcbfa034185c15671a452d581962fd2133d45d,,,,no_positions_no_balance_evidence
MoE12,chat_HumanEval,HumanEval,sft,932,3,4,total,70771,141542,8,all_8_ranks_SUM_after_task,7501f889d6525d73a2e846c6dffcbfa034185c15671a452d581962fd2133d45d,0.44463488896842057,0.06144465953568552,,measured_nonempty
MoE12,chat_HumanEval,HumanEval,sft,932,3,4,prefill,25471,50942,8,all_8_ranks_SUM_after_task,7501f889d6525d73a2e846c6dffcbfa034185c15671a452d581962fd2133d45d,0.5258838172730311,0.05484668839071886,,measured_nonempty
MoE12,chat_HumanEval,HumanEval,sft,932,3,4,decode,45300,90600,8,all_8_ranks_SUM_after_task,7501f889d6525d73a2e846c6dffcbfa034185c15671a452d581962fd2133d45d,0.40757315418135287,0.06515452538631347,,measured_nonempty
MoE12,chat_HumanEval,HumanEval,sft,932,3,4,other,0,0,8,all_8_ranks_SUM_after_task,7501f889d6525d73a2e846c6dffcbfa034185c15671a452d581962fd2133d45d,,,,no_positions_no_balance_evidence
MoE12,chat_HumanEval,HumanEval,sft,932,5,6,total,70771,141542,8,all_8_ranks_SUM_after_task,7501f889d6525d73a2e846c6dffcbfa034185c15671a452d581962fd2133d45d,0.6841779364861603,0.05202696019556033,,measured_nonempty
MoE12,chat_HumanEval,HumanEval,sft,932,5,6,prefill,25471,50942,8,all_8_ranks_SUM_after_task,7501f889d6525d73a2e846c6dffcbfa034185c15671a452d581962fd2133d45d,0.7493749306954409,0.03835734757174826,,measured_nonempty
MoE12,chat_HumanEval,HumanEval,sft,932,5,6,decode,45300,90600,8,all_8_ranks_SUM_after_task,7501f889d6525d73a2e846c6dffcbfa034185c15671a452d581962fd2133d45d,0.6533665286113285,0.05971302428256071,,measured_nonempty
MoE12,chat_HumanEval,HumanEval,sft,932,5,6,other,0,0,8,all_8_ranks_SUM_after_task,7501f889d6525d73a2e846c6dffcbfa034185c15671a452d581962fd2133d45d,,,,no_positions_no_balance_evidence
MoE12,chat_HumanEval,HumanEval,sft,932,7,8,total,70771,141542,8,all_8_ranks_SUM_after_task,7501f889d6525d73a2e846c6dffcbfa034185c15671a452d581962fd2133d45d,0.4964310198390412,0.055962187901824195,,measured_nonempty
MoE12,chat_HumanEval,HumanEval,sft,932,7,8,prefill,25471,50942,8,all_8_ranks_SUM_after_task,7501f889d6525d73a2e846c6dffcbfa034185c15671a452d581962fd2133d45d,0.5790393319860977,0.05590671744336697,,measured_nonempty
MoE12,chat_HumanEval,HumanEval,sft,932,7,8,decode,45300,90600,8,all_8_ranks_SUM_after_task,7501f889d6525d73a2e846c6dffcbfa034185c15671a452d581962fd2133d45d,0.4654788033845933,0.055993377483443706,,measured_nonempty
MoE12,chat_HumanEval,HumanEval,sft,932,7,8,other,0,0,8,all_8_ranks_SUM_after_task,7501f889d6525d73a2e846c6dffcbfa034185c15671a452d581962fd2133d45d,,,,no_positions_no_balance_evidence
MoE12,chat_HumanEval,HumanEval,sft,932,9,10,total,70771,141542,8,all_8_ranks_SUM_after_task,7501f889d6525d73a2e846c6dffcbfa034185c15671a452d581962fd2133d45d,0.6338920843427173,0.05946644812140566,,measured_nonempty
MoE12,chat_HumanEval,HumanEval,sft,932,9,10,prefill,25471,50942,8,all_8_ranks_SUM_after_task,7501f889d6525d73a2e846c6dffcbfa034185c15671a452d581962fd2133d45d,0.6877785449789973,0.047936869380864514,,measured_nonempty
MoE12,chat_HumanEval,HumanEval,sft,932,9,10,decode,45300,90600,8,all_8_ranks_SUM_after_task,7501f889d6525d73a2e846c6dffcbfa034185c15671a452d581962fd2133d45d,0.6156227938865918,0.062328918322295805,,measured_nonempty
MoE12,chat_HumanEval,HumanEval,sft,932,9,10,other,0,0,8,all_8_ranks_SUM_after_task,7501f889d6525d73a2e846c6dffcbfa034185c15671a452d581962fd2133d45d,,,,no_positions_no_balance_evidence
MoE12,chat_HumanEval,HumanEval,sft,932,11,12,total,70771,141542,8,all_8_ranks_SUM_after_task,7501f889d6525d73a2e846c6dffcbfa034185c15671a452d581962fd2133d45d,0.6010922611134639,0.040687569767277554,,measured_nonempty
MoE12,chat_HumanEval,HumanEval,sft,932,11,12,prefill,25471,50942,8,all_8_ranks_SUM_after_task,7501f889d6525d73a2e846c6dffcbfa034185c15671a452d581962fd2133d45d,0.7354793925579796,0.030603431353303758,,measured_nonempty
MoE12,chat_HumanEval,HumanEval,sft,932,11,12,decode,45300,90600,8,all_8_ranks_SUM_after_task,7501f889d6525d73a2e846c6dffcbfa034185c15671a452d581962fd2133d45d,0.528796945317181,0.046357615894039736,,measured_nonempty
MoE12,chat_HumanEval,HumanEval,sft,932,11,12,other,0,0,8,all_8_ranks_SUM_after_task,7501f889d6525d73a2e846c6dffcbfa034185c15671a452d581962fd2133d45d,,,,no_positions_no_balance_evidence
MoE12,inference,turn_1,sft,932,1,2,total,110,220,1,single_rank,8531bd39f822082b76fd983928e76ba067b7ae50339a7540f3a8250de99a53a5,0.23775812419312767,0.05909090909090909,,measured_nonempty
MoE12,inference,turn_1,sft,932,1,2,prefill,14,28,1,single_rank,8531bd39f822082b76fd983928e76ba067b7ae50339a7540f3a8250de99a53a5,0.42857142857142855,0.03571428571428571,,measured_nonempty
MoE12,inference,turn_1,sft,932,1,2,decode,96,192,1,single_rank,8531bd39f822082b76fd983928e76ba067b7ae50339a7540f3a8250de99a53a5,0.2982879388182574,0.036458333333333336,,measured_nonempty
MoE12,inference,turn_1,sft,932,1,2,other,0,0,1,single_rank,8531bd39f822082b76fd983928e76ba067b7ae50339a7540f3a8250de99a53a5,,,,no_positions_no_balance_evidence
MoE12,inference,turn_1,sft,932,3,4,total,110,220,1,single_rank,8531bd39f822082b76fd983928e76ba067b7ae50339a7540f3a8250de99a53a5,0.30424000964875475,0.06363636363636363,,measured_nonempty
MoE12,inference,turn_1,sft,932,3,4,prefill,14,28,1,single_rank,8531bd39f822082b76fd983928e76ba067b7ae50339a7540f3a8250de99a53a5,0.6998542122237651,0.03571428571428571,,measured_nonempty
MoE12,inference,turn_1,sft,932,3,4,decode,96,192,1,single_rank,8531bd39f822082b76fd983928e76ba067b7ae50339a7540f3a8250de99a53a5,0.3560001560548971,0.06770833333333333,,measured_nonempty
MoE12,inference,turn_1,sft,932,3,4,other,0,0,1,single_rank,8531bd39f822082b76fd983928e76ba067b7ae50339a7540f3a8250de99a53a5,,,,no_positions_no_balance_evidence
MoE12,inference,turn_1,sft,932,5,6,total,110,220,1,single_rank,8531bd39f822082b76fd983928e76ba067b7ae50339a7540f3a8250de99a53a5,0.4314112915528972,0.03636363636363636,,measured_nonempty
MoE12,inference,turn_1,sft,932,5,6,prefill,14,28,1,single_rank,8531bd39f822082b76fd983928e76ba067b7ae50339a7540f3a8250de99a53a5,0.7559289460184545,0,3,measured_nonempty
MoE12,inference,turn_1,sft,932,5,6,decode,96,192,1,single_rank,8531bd39f822082b76fd983928e76ba067b7ae50339a7540f3a8250de99a53a5,0.48546584157212685,0.026041666666666668,,measured_nonempty
MoE12,inference,turn_1,sft,932,5,6,other,0,0,1,single_rank,8531bd39f822082b76fd983928e76ba067b7ae50339a7540f3a8250de99a53a5,,,,no_positions_no_balance_evidence
MoE12,inference,turn_1,sft,932,7,8,total,110,220,1,single_rank,8531bd39f822082b76fd983928e76ba067b7ae50339a7540f3a8250de99a53a5,0.22044283005422075,0.08181818181818182,,measured_nonempty
MoE12,inference,turn_1,sft,932,7,8,prefill,14,28,1,single_rank,8531bd39f822082b76fd983928e76ba067b7ae50339a7540f3a8250de99a53a5,0.5345224838248488,0.07142857142857142,,measured_nonempty
MoE12,inference,turn_1,sft,932,7,8,decode,96,192,1,single_rank,8531bd39f822082b76fd983928e76ba067b7ae50339a7540f3a8250de99a53a5,0.2960973000739978,0.078125,,measured_nonempty
MoE12,inference,turn_1,sft,932,7,8,other,0,0,1,single_rank,8531bd39f822082b76fd983928e76ba067b7ae50339a7540f3a8250de99a53a5,,,,no_positions_no_balance_evidence
MoE12,inference,turn_1,sft,932,9,10,total,110,220,1,single_rank,8531bd39f822082b76fd983928e76ba067b7ae50339a7540f3a8250de99a53a5,0.4193659125334835,0.045454545454545456,,measured_nonempty
MoE12,inference,turn_1,sft,932,9,10,prefill,14,28,1,single_rank,8531bd39f822082b76fd983928e76ba067b7ae50339a7540f3a8250de99a53a5,0.37796447300922725,0.07142857142857142,,measured_nonempty
MoE12,inference,turn_1,sft,932,9,10,decode,96,192,1,single_rank,8531bd39f822082b76fd983928e76ba067b7ae50339a7540f3a8250de99a53a5,0.5174892645155925,0.020833333333333332,,measured_nonempty
MoE12,inference,turn_1,sft,932,9,10,other,0,0,1,single_rank,8531bd39f822082b76fd983928e76ba067b7ae50339a7540f3a8250de99a53a5,,,,no_positions_no_balance_evidence
MoE12,inference,turn_1,sft,932,11,12,total,110,220,1,single_rank,8531bd39f822082b76fd983928e76ba067b7ae50339a7540f3a8250de99a53a5,0.3654500225862142,0.05,,measured_nonempty
MoE12,inference,turn_1,sft,932,11,12,prefill,14,28,1,single_rank,8531bd39f822082b76fd983928e76ba067b7ae50339a7540f3a8250de99a53a5,0.42857142857142855,0.07142857142857142,,measured_nonempty
MoE12,inference,turn_1,sft,932,11,12,decode,96,192,1,single_rank,8531bd39f822082b76fd983928e76ba067b7ae50339a7540f3a8250de99a53a5,0.45548356477240515,0.026041666666666668,,measured_nonempty
MoE12,inference,turn_1,sft,932,11,12,other,0,0,1,single_rank,8531bd39f822082b76fd983928e76ba067b7ae50339a7540f3a8250de99a53a5,,,,no_positions_no_balance_evidence
MoE20-R5,base_sample,sample,base,6641,1,2,total,1181,2362,8,rank0_only_repeated_sampling,492fde5aeb9527c684ae559825507280de6d295dab5cc56c1a48582a025dde32,0.1874931812048071,0.08806096528365792,,measured_nonempty
MoE20-R5,base_sample,sample,base,6641,1,2,prefill,60,120,8,rank0_only_repeated_sampling,492fde5aeb9527c684ae559825507280de6d295dab5cc56c1a48582a025dde32,0.3144660377352201,0.075,,measured_nonempty
MoE20-R5,base_sample,sample,base,6641,1,2,decode,1121,2242,8,rank0_only_repeated_sampling,492fde5aeb9527c684ae559825507280de6d295dab5cc56c1a48582a025dde32,0.19339208523327395,0.08831400535236396,,measured_nonempty
MoE20-R5,base_sample,sample,base,6641,1,2,other,0,0,8,rank0_only_repeated_sampling,492fde5aeb9527c684ae559825507280de6d295dab5cc56c1a48582a025dde32,,,,no_positions_no_balance_evidence
MoE20-R5,base_sample,sample,base,6641,3,4,total,1181,2362,8,rank0_only_repeated_sampling,492fde5aeb9527c684ae559825507280de6d295dab5cc56c1a48582a025dde32,0.24549475167414264,0.07917019475021168,,measured_nonempty
MoE20-R5,base_sample,sample,base,6641,3,4,prefill,60,120,8,rank0_only_repeated_sampling,492fde5aeb9527c684ae559825507280de6d295dab5cc56c1a48582a025dde32,0.3144660377352201,0.058333333333333334,,measured_nonempty
MoE20-R5,base_sample,sample,base,6641,3,4,decode,1121,2242,8,rank0_only_repeated_sampling,492fde5aeb9527c684ae559825507280de6d295dab5cc56c1a48582a025dde32,0.2445206450395654,0.07983942908117753,,measured_nonempty
MoE20-R5,base_sample,sample,base,6641,3,4,other,0,0,8,rank0_only_repeated_sampling,492fde5aeb9527c684ae559825507280de6d295dab5cc56c1a48582a025dde32,,,,no_positions_no_balance_evidence
MoE20-R5,base_sample,sample,base,6641,5,6,total,1181,2362,8,rank0_only_repeated_sampling,492fde5aeb9527c684ae559825507280de6d295dab5cc56c1a48582a025dde32,0.14653985786167228,0.09229466553767993,,measured_nonempty
MoE20-R5,base_sample,sample,base,6641,5,6,prefill,60,120,8,rank0_only_repeated_sampling,492fde5aeb9527c684ae559825507280de6d295dab5cc56c1a48582a025dde32,0.3858612300930075,0.05,,measured_nonempty
MoE20-R5,base_sample,sample,base,6641,5,6,decode,1121,2242,8,rank0_only_repeated_sampling,492fde5aeb9527c684ae559825507280de6d295dab5cc56c1a48582a025dde32,0.14069411503646304,0.0936663693131133,,measured_nonempty
MoE20-R5,base_sample,sample,base,6641,5,6,other,0,0,8,rank0_only_repeated_sampling,492fde5aeb9527c684ae559825507280de6d295dab5cc56c1a48582a025dde32,,,,no_positions_no_balance_evidence
MoE20-R5,base_sample,sample,base,6641,7,8,total,1181,2362,8,rank0_only_repeated_sampling,492fde5aeb9527c684ae559825507280de6d295dab5cc56c1a48582a025dde32,0.11489173593760724,0.09991532599491956,,measured_nonempty
MoE20-R5,base_sample,sample,base,6641,7,8,prefill,60,120,8,rank0_only_repeated_sampling,492fde5aeb9527c684ae559825507280de6d295dab5cc56c1a48582a025dde32,0.4618802153517006,0.041666666666666664,,measured_nonempty
MoE20-R5,base_sample,sample,base,6641,7,8,decode,1121,2242,8,rank0_only_repeated_sampling,492fde5aeb9527c684ae559825507280de6d295dab5cc56c1a48582a025dde32,0.10661151268711198,0.10303300624442462,,measured_nonempty
MoE20-R5,base_sample,sample,base,6641,7,8,other,0,0,8,rank0_only_repeated_sampling,492fde5aeb9527c684ae559825507280de6d295dab5cc56c1a48582a025dde32,,,,no_positions_no_balance_evidence
MoE20-R5,base_sample,sample,base,6641,9,10,total,1181,2362,8,rank0_only_repeated_sampling,492fde5aeb9527c684ae559825507280de6d295dab5cc56c1a48582a025dde32,0.08755062831005313,0.10203217612193057,,measured_nonempty
MoE20-R5,base_sample,sample,base,6641,9,10,prefill,60,120,8,rank0_only_repeated_sampling,492fde5aeb9527c684ae559825507280de6d295dab5cc56c1a48582a025dde32,0.5354126134736337,0.041666666666666664,,measured_nonempty
MoE20-R5,base_sample,sample,base,6641,9,10,decode,1121,2242,8,rank0_only_repeated_sampling,492fde5aeb9527c684ae559825507280de6d295dab5cc56c1a48582a025dde32,0.08285606165828384,0.10526315789473684,,measured_nonempty
MoE20-R5,base_sample,sample,base,6641,9,10,other,0,0,8,rank0_only_repeated_sampling,492fde5aeb9527c684ae559825507280de6d295dab5cc56c1a48582a025dde32,,,,no_positions_no_balance_evidence
MoE20-R5,base_sample,sample,base,6641,11,12,total,1181,2362,8,rank0_only_repeated_sampling,492fde5aeb9527c684ae559825507280de6d295dab5cc56c1a48582a025dde32,0.13878015187486428,0.10118543607112616,,measured_nonempty
MoE20-R5,base_sample,sample,base,6641,11,12,prefill,60,120,8,rank0_only_repeated_sampling,492fde5aeb9527c684ae559825507280de6d295dab5cc56c1a48582a025dde32,0.6548960901462834,0.016666666666666666,,measured_nonempty
MoE20-R5,base_sample,sample,base,6641,11,12,decode,1121,2242,8,rank0_only_repeated_sampling,492fde5aeb9527c684ae559825507280de6d295dab5cc56c1a48582a025dde32,0.13276727938372712,0.09812667261373774,,measured_nonempty
MoE20-R5,base_sample,sample,base,6641,11,12,other,0,0,8,rank0_only_repeated_sampling,492fde5aeb9527c684ae559825507280de6d295dab5cc56c1a48582a025dde32,,,,no_positions_no_balance_evidence
MoE20-R5,base_sample,sample,base,6641,13,14,total,1181,2362,8,rank0_only_repeated_sampling,492fde5aeb9527c684ae559825507280de6d295dab5cc56c1a48582a025dde32,0.14239086435905682,0.09525825571549534,,measured_nonempty
MoE20-R5,base_sample,sample,base,6641,13,14,prefill,60,120,8,rank0_only_repeated_sampling,492fde5aeb9527c684ae559825507280de6d295dab5cc56c1a48582a025dde32,0.223606797749979,0.06666666666666667,,measured_nonempty
MoE20-R5,base_sample,sample,base,6641,13,14,decode,1121,2242,8,rank0_only_repeated_sampling,492fde5aeb9527c684ae559825507280de6d295dab5cc56c1a48582a025dde32,0.15692916533864842,0.09143621766280106,,measured_nonempty
MoE20-R5,base_sample,sample,base,6641,13,14,other,0,0,8,rank0_only_repeated_sampling,492fde5aeb9527c684ae559825507280de6d295dab5cc56c1a48582a025dde32,,,,no_positions_no_balance_evidence
MoE20-R5,base_sample,sample,base,6641,15,16,total,1181,2362,8,rank0_only_repeated_sampling,492fde5aeb9527c684ae559825507280de6d295dab5cc56c1a48582a025dde32,0.14309405820207022,0.09568162574089754,,measured_nonempty
MoE20-R5,base_sample,sample,base,6641,15,16,prefill,60,120,8,rank0_only_repeated_sampling,492fde5aeb9527c684ae559825507280de6d295dab5cc56c1a48582a025dde32,0.3511884584284246,0.06666666666666667,,measured_nonempty
MoE20-R5,base_sample,sample,base,6641,15,16,decode,1121,2242,8,rank0_only_repeated_sampling,492fde5aeb9527c684ae559825507280de6d295dab5cc56c1a48582a025dde32,0.13986589476087974,0.09723461195361284,,measured_nonempty
MoE20-R5,base_sample,sample,base,6641,15,16,other,0,0,8,rank0_only_repeated_sampling,492fde5aeb9527c684ae559825507280de6d295dab5cc56c1a48582a025dde32,,,,no_positions_no_balance_evidence
MoE20-R5,base_sample,sample,base,6641,17,18,total,1181,2362,8,rank0_only_repeated_sampling,492fde5aeb9527c684ae559825507280de6d295dab5cc56c1a48582a025dde32,0.23733354809087603,0.07408975444538526,,measured_nonempty
MoE20-R5,base_sample,sample,base,6641,17,18,prefill,60,120,8,rank0_only_repeated_sampling,492fde5aeb9527c684ae559825507280de6d295dab5cc56c1a48582a025dde32,0.5206833117271102,0.025,,measured_nonempty
MoE20-R5,base_sample,sample,base,6641,17,18,decode,1121,2242,8,rank0_only_repeated_sampling,492fde5aeb9527c684ae559825507280de6d295dab5cc56c1a48582a025dde32,0.2307162752339287,0.07582515611061552,,measured_nonempty
MoE20-R5,base_sample,sample,base,6641,17,18,other,0,0,8,rank0_only_repeated_sampling,492fde5aeb9527c684ae559825507280de6d295dab5cc56c1a48582a025dde32,,,,no_positions_no_balance_evidence
MoE20-R5,base_sample,sample,base,6641,19,20,total,1181,2362,8,rank0_only_repeated_sampling,492fde5aeb9527c684ae559825507280de6d295dab5cc56c1a48582a025dde32,0.35098268818884165,0.06350550381033022,,measured_nonempty
MoE20-R5,base_sample,sample,base,6641,19,20,prefill,60,120,8,rank0_only_repeated_sampling,492fde5aeb9527c684ae559825507280de6d295dab5cc56c1a48582a025dde32,0.8020806277010644,0,4,measured_nonempty
MoE20-R5,base_sample,sample,base,6641,19,20,decode,1121,2242,8,rank0_only_repeated_sampling,492fde5aeb9527c684ae559825507280de6d295dab5cc56c1a48582a025dde32,0.3303648830147336,0.06601248884924175,,measured_nonempty
MoE20-R5,base_sample,sample,base,6641,19,20,other,0,0,8,rank0_only_repeated_sampling,492fde5aeb9527c684ae559825507280de6d295dab5cc56c1a48582a025dde32,,,,no_positions_no_balance_evidence
MoE20-R5,base_bpb,train_bpb,base,6641,1,2,total,20971520,41943040,8,all_8_ranks_SUM_after_task,52f1d0cee09736c7a0e998ce907d18df5cd97bf5840894ae5d76e15debfb602c,0.16250620534332874,0.09057581424713135,,measured_nonempty
MoE20-R5,base_bpb,train_bpb,base,6641,1,2,prefill,0,0,8,all_8_ranks_SUM_after_task,52f1d0cee09736c7a0e998ce907d18df5cd97bf5840894ae5d76e15debfb602c,,,,no_positions_no_balance_evidence
MoE20-R5,base_bpb,train_bpb,base,6641,1,2,decode,0,0,8,all_8_ranks_SUM_after_task,52f1d0cee09736c7a0e998ce907d18df5cd97bf5840894ae5d76e15debfb602c,,,,no_positions_no_balance_evidence
MoE20-R5,base_bpb,train_bpb,base,6641,1,2,other,20971520,41943040,8,all_8_ranks_SUM_after_task,52f1d0cee09736c7a0e998ce907d18df5cd97bf5840894ae5d76e15debfb602c,0.16250620534332874,0.09057581424713135,,measured_nonempty
MoE20-R5,base_bpb,train_bpb,base,6641,3,4,total,20971520,41943040,8,all_8_ranks_SUM_after_task,52f1d0cee09736c7a0e998ce907d18df5cd97bf5840894ae5d76e15debfb602c,0.21580061301829848,0.0827972412109375,,measured_nonempty
MoE20-R5,base_bpb,train_bpb,base,6641,3,4,prefill,0,0,8,all_8_ranks_SUM_after_task,52f1d0cee09736c7a0e998ce907d18df5cd97bf5840894ae5d76e15debfb602c,,,,no_positions_no_balance_evidence
MoE20-R5,base_bpb,train_bpb,base,6641,3,4,decode,0,0,8,all_8_ranks_SUM_after_task,52f1d0cee09736c7a0e998ce907d18df5cd97bf5840894ae5d76e15debfb602c,,,,no_positions_no_balance_evidence
MoE20-R5,base_bpb,train_bpb,base,6641,3,4,other,20971520,41943040,8,all_8_ranks_SUM_after_task,52f1d0cee09736c7a0e998ce907d18df5cd97bf5840894ae5d76e15debfb602c,0.21580061301829848,0.0827972412109375,,measured_nonempty
MoE20-R5,base_bpb,train_bpb,base,6641,5,6,total,20971520,41943040,8,all_8_ranks_SUM_after_task,52f1d0cee09736c7a0e998ce907d18df5cd97bf5840894ae5d76e15debfb602c,0.09282365377977336,0.11430139541625976,,measured_nonempty
MoE20-R5,base_bpb,train_bpb,base,6641,5,6,prefill,0,0,8,all_8_ranks_SUM_after_task,52f1d0cee09736c7a0e998ce907d18df5cd97bf5840894ae5d76e15debfb602c,,,,no_positions_no_balance_evidence
MoE20-R5,base_bpb,train_bpb,base,6641,5,6,decode,0,0,8,all_8_ranks_SUM_after_task,52f1d0cee09736c7a0e998ce907d18df5cd97bf5840894ae5d76e15debfb602c,,,,no_positions_no_balance_evidence
MoE20-R5,base_bpb,train_bpb,base,6641,5,6,other,20971520,41943040,8,all_8_ranks_SUM_after_task,52f1d0cee09736c7a0e998ce907d18df5cd97bf5840894ae5d76e15debfb602c,0.09282365377977336,0.11430139541625976,,measured_nonempty
MoE20-R5,base_bpb,train_bpb,base,6641,7,8,total,20971520,41943040,8,all_8_ranks_SUM_after_task,52f1d0cee09736c7a0e998ce907d18df5cd97bf5840894ae5d76e15debfb602c,0.08568860147249015,0.1057917594909668,,measured_nonempty
MoE20-R5,base_bpb,train_bpb,base,6641,7,8,prefill,0,0,8,all_8_ranks_SUM_after_task,52f1d0cee09736c7a0e998ce907d18df5cd97bf5840894ae5d76e15debfb602c,,,,no_positions_no_balance_evidence
MoE20-R5,base_bpb,train_bpb,base,6641,7,8,decode,0,0,8,all_8_ranks_SUM_after_task,52f1d0cee09736c7a0e998ce907d18df5cd97bf5840894ae5d76e15debfb602c,,,,no_positions_no_balance_evidence
MoE20-R5,base_bpb,train_bpb,base,6641,7,8,other,20971520,41943040,8,all_8_ranks_SUM_after_task,52f1d0cee09736c7a0e998ce907d18df5cd97bf5840894ae5d76e15debfb602c,0.08568860147249015,0.1057917594909668,,measured_nonempty
MoE20-R5,base_bpb,train_bpb,base,6641,9,10,total,20971520,41943040,8,all_8_ranks_SUM_after_task,52f1d0cee09736c7a0e998ce907d18df5cd97bf5840894ae5d76e15debfb602c,0.07211503126592753,0.10944585800170899,,measured_nonempty
MoE20-R5,base_bpb,train_bpb,base,6641,9,10,prefill,0,0,8,all_8_ranks_SUM_after_task,52f1d0cee09736c7a0e998ce907d18df5cd97bf5840894ae5d76e15debfb602c,,,,no_positions_no_balance_evidence
MoE20-R5,base_bpb,train_bpb,base,6641,9,10,decode,0,0,8,all_8_ranks_SUM_after_task,52f1d0cee09736c7a0e998ce907d18df5cd97bf5840894ae5d76e15debfb602c,,,,no_positions_no_balance_evidence
MoE20-R5,base_bpb,train_bpb,base,6641,9,10,other,20971520,41943040,8,all_8_ranks_SUM_after_task,52f1d0cee09736c7a0e998ce907d18df5cd97bf5840894ae5d76e15debfb602c,0.07211503126592753,0.10944585800170899,,measured_nonempty
MoE20-R5,base_bpb,train_bpb,base,6641,11,12,total,20971520,41943040,8,all_8_ranks_SUM_after_task,52f1d0cee09736c7a0e998ce907d18df5cd97bf5840894ae5d76e15debfb602c,0.10634973999637054,0.1110203742980957,,measured_nonempty
MoE20-R5,base_bpb,train_bpb,base,6641,11,12,prefill,0,0,8,all_8_ranks_SUM_after_task,52f1d0cee09736c7a0e998ce907d18df5cd97bf5840894ae5d76e15debfb602c,,,,no_positions_no_balance_evidence
MoE20-R5,base_bpb,train_bpb,base,6641,11,12,decode,0,0,8,all_8_ranks_SUM_after_task,52f1d0cee09736c7a0e998ce907d18df5cd97bf5840894ae5d76e15debfb602c,,,,no_positions_no_balance_evidence
MoE20-R5,base_bpb,train_bpb,base,6641,11,12,other,20971520,41943040,8,all_8_ranks_SUM_after_task,52f1d0cee09736c7a0e998ce907d18df5cd97bf5840894ae5d76e15debfb602c,0.10634973999637054,0.1110203742980957,,measured_nonempty
MoE20-R5,base_bpb,train_bpb,base,6641,13,14,total,20971520,41943040,8,all_8_ranks_SUM_after_task,52f1d0cee09736c7a0e998ce907d18df5cd97bf5840894ae5d76e15debfb602c,0.13940012857603779,0.09061055183410645,,measured_nonempty
MoE20-R5,base_bpb,train_bpb,base,6641,13,14,prefill,0,0,8,all_8_ranks_SUM_after_task,52f1d0cee09736c7a0e998ce907d18df5cd97bf5840894ae5d76e15debfb602c,,,,no_positions_no_balance_evidence
MoE20-R5,base_bpb,train_bpb,base,6641,13,14,decode,0,0,8,all_8_ranks_SUM_after_task,52f1d0cee09736c7a0e998ce907d18df5cd97bf5840894ae5d76e15debfb602c,,,,no_positions_no_balance_evidence
MoE20-R5,base_bpb,train_bpb,base,6641,13,14,other,20971520,41943040,8,all_8_ranks_SUM_after_task,52f1d0cee09736c7a0e998ce907d18df5cd97bf5840894ae5d76e15debfb602c,0.13940012857603779,0.09061055183410645,,measured_nonempty
MoE20-R5,base_bpb,train_bpb,base,6641,15,16,total,20971520,41943040,8,all_8_ranks_SUM_after_task,52f1d0cee09736c7a0e998ce907d18df5cd97bf5840894ae5d76e15debfb602c,0.1131035063122265,0.10102872848510742,,measured_nonempty
MoE20-R5,base_bpb,train_bpb,base,6641,15,16,prefill,0,0,8,all_8_ranks_SUM_after_task,52f1d0cee09736c7a0e998ce907d18df5cd97bf5840894ae5d76e15debfb602c,,,,no_positions_no_balance_evidence
MoE20-R5,base_bpb,train_bpb,base,6641,15,16,decode,0,0,8,all_8_ranks_SUM_after_task,52f1d0cee09736c7a0e998ce907d18df5cd97bf5840894ae5d76e15debfb602c,,,,no_positions_no_balance_evidence
MoE20-R5,base_bpb,train_bpb,base,6641,15,16,other,20971520,41943040,8,all_8_ranks_SUM_after_task,52f1d0cee09736c7a0e998ce907d18df5cd97bf5840894ae5d76e15debfb602c,0.1131035063122265,0.10102872848510742,,measured_nonempty
MoE20-R5,base_bpb,train_bpb,base,6641,17,18,total,20971520,41943040,8,all_8_ranks_SUM_after_task,52f1d0cee09736c7a0e998ce907d18df5cd97bf5840894ae5d76e15debfb602c,0.11199476241383115,0.10272223949432373,,measured_nonempty
MoE20-R5,base_bpb,train_bpb,base,6641,17,18,prefill,0,0,8,all_8_ranks_SUM_after_task,52f1d0cee09736c7a0e998ce907d18df5cd97bf5840894ae5d76e15debfb602c,,,,no_positions_no_balance_evidence
MoE20-R5,base_bpb,train_bpb,base,6641,17,18,decode,0,0,8,all_8_ranks_SUM_after_task,52f1d0cee09736c7a0e998ce907d18df5cd97bf5840894ae5d76e15debfb602c,,,,no_positions_no_balance_evidence
MoE20-R5,base_bpb,train_bpb,base,6641,17,18,other,20971520,41943040,8,all_8_ranks_SUM_after_task,52f1d0cee09736c7a0e998ce907d18df5cd97bf5840894ae5d76e15debfb602c,0.11199476241383115,0.10272223949432373,,measured_nonempty
MoE20-R5,base_bpb,train_bpb,base,6641,19,20,total,20971520,41943040,8,all_8_ranks_SUM_after_task,52f1d0cee09736c7a0e998ce907d18df5cd97bf5840894ae5d76e15debfb602c,0.13230604020732972,0.1087721824645996,,measured_nonempty
MoE20-R5,base_bpb,train_bpb,base,6641,19,20,prefill,0,0,8,all_8_ranks_SUM_after_task,52f1d0cee09736c7a0e998ce907d18df5cd97bf5840894ae5d76e15debfb602c,,,,no_positions_no_balance_evidence
MoE20-R5,base_bpb,train_bpb,base,6641,19,20,decode,0,0,8,all_8_ranks_SUM_after_task,52f1d0cee09736c7a0e998ce907d18df5cd97bf5840894ae5d76e15debfb602c,,,,no_positions_no_balance_evidence
MoE20-R5,base_bpb,train_bpb,base,6641,19,20,other,20971520,41943040,8,all_8_ranks_SUM_after_task,52f1d0cee09736c7a0e998ce907d18df5cd97bf5840894ae5d76e15debfb602c,0.13230604020732972,0.1087721824645996,,measured_nonempty
MoE20-R5,base_bpb,val_bpb,base,6641,1,2,total,20971520,41943040,8,all_8_ranks_SUM_after_task,52f1d0cee09736c7a0e998ce907d18df5cd97bf5840894ae5d76e15debfb602c,0.16198804279639414,0.09065489768981934,,measured_nonempty
MoE20-R5,base_bpb,val_bpb,base,6641,1,2,prefill,0,0,8,all_8_ranks_SUM_after_task,52f1d0cee09736c7a0e998ce907d18df5cd97bf5840894ae5d76e15debfb602c,,,,no_positions_no_balance_evidence
MoE20-R5,base_bpb,val_bpb,base,6641,1,2,decode,0,0,8,all_8_ranks_SUM_after_task,52f1d0cee09736c7a0e998ce907d18df5cd97bf5840894ae5d76e15debfb602c,,,,no_positions_no_balance_evidence
MoE20-R5,base_bpb,val_bpb,base,6641,1,2,other,20971520,41943040,8,all_8_ranks_SUM_after_task,52f1d0cee09736c7a0e998ce907d18df5cd97bf5840894ae5d76e15debfb602c,0.16198804279639414,0.09065489768981934,,measured_nonempty
MoE20-R5,base_bpb,val_bpb,base,6641,3,4,total,20971520,41943040,8,all_8_ranks_SUM_after_task,52f1d0cee09736c7a0e998ce907d18df5cd97bf5840894ae5d76e15debfb602c,0.21558036563325705,0.08303070068359375,,measured_nonempty
MoE20-R5,base_bpb,val_bpb,base,6641,3,4,prefill,0,0,8,all_8_ranks_SUM_after_task,52f1d0cee09736c7a0e998ce907d18df5cd97bf5840894ae5d76e15debfb602c,,,,no_positions_no_balance_evidence
MoE20-R5,base_bpb,val_bpb,base,6641,3,4,decode,0,0,8,all_8_ranks_SUM_after_task,52f1d0cee09736c7a0e998ce907d18df5cd97bf5840894ae5d76e15debfb602c,,,,no_positions_no_balance_evidence
MoE20-R5,base_bpb,val_bpb,base,6641,3,4,other,20971520,41943040,8,all_8_ranks_SUM_after_task,52f1d0cee09736c7a0e998ce907d18df5cd97bf5840894ae5d76e15debfb602c,0.21558036563325705,0.08303070068359375,,measured_nonempty
MoE20-R5,base_bpb,val_bpb,base,6641,5,6,total,20971520,41943040,8,all_8_ranks_SUM_after_task,52f1d0cee09736c7a0e998ce907d18df5cd97bf5840894ae5d76e15debfb602c,0.09290151809268447,0.11412382125854492,,measured_nonempty
MoE20-R5,base_bpb,val_bpb,base,6641,5,6,prefill,0,0,8,all_8_ranks_SUM_after_task,52f1d0cee09736c7a0e998ce907d18df5cd97bf5840894ae5d76e15debfb602c,,,,no_positions_no_balance_evidence
MoE20-R5,base_bpb,val_bpb,base,6641,5,6,decode,0,0,8,all_8_ranks_SUM_after_task,52f1d0cee09736c7a0e998ce907d18df5cd97bf5840894ae5d76e15debfb602c,,,,no_positions_no_balance_evidence
MoE20-R5,base_bpb,val_bpb,base,6641,5,6,other,20971520,41943040,8,all_8_ranks_SUM_after_task,52f1d0cee09736c7a0e998ce907d18df5cd97bf5840894ae5d76e15debfb602c,0.09290151809268447,0.11412382125854492,,measured_nonempty
MoE20-R5,base_bpb,val_bpb,base,6641,7,8,total,20971520,41943040,8,all_8_ranks_SUM_after_task,52f1d0cee09736c7a0e998ce907d18df5cd97bf5840894ae5d76e15debfb602c,0.08532182765062432,0.10611650943756104,,measured_nonempty
MoE20-R5,base_bpb,val_bpb,base,6641,7,8,prefill,0,0,8,all_8_ranks_SUM_after_task,52f1d0cee09736c7a0e998ce907d18df5cd97bf5840894ae5d76e15debfb602c,,,,no_positions_no_balance_evidence
MoE20-R5,base_bpb,val_bpb,base,6641,7,8,decode,0,0,8,all_8_ranks_SUM_after_task,52f1d0cee09736c7a0e998ce907d18df5cd97bf5840894ae5d76e15debfb602c,,,,no_positions_no_balance_evidence
MoE20-R5,base_bpb,val_bpb,base,6641,7,8,other,20971520,41943040,8,all_8_ranks_SUM_after_task,52f1d0cee09736c7a0e998ce907d18df5cd97bf5840894ae5d76e15debfb602c,0.08532182765062432,0.10611650943756104,,measured_nonempty
MoE20-R5,base_bpb,val_bpb,base,6641,9,10,total,20971520,41943040,8,all_8_ranks_SUM_after_task,52f1d0cee09736c7a0e998ce907d18df5cd97bf5840894ae5d76e15debfb602c,0.07138918108180424,0.10969116687774658,,measured_nonempty
MoE20-R5,base_bpb,val_bpb,base,6641,9,10,prefill,0,0,8,all_8_ranks_SUM_after_task,52f1d0cee09736c7a0e998ce907d18df5cd97bf5840894ae5d76e15debfb602c,,,,no_positions_no_balance_evidence
MoE20-R5,base_bpb,val_bpb,base,6641,9,10,decode,0,0,8,all_8_ranks_SUM_after_task,52f1d0cee09736c7a0e998ce907d18df5cd97bf5840894ae5d76e15debfb602c,,,,no_positions_no_balance_evidence
MoE20-R5,base_bpb,val_bpb,base,6641,9,10,other,20971520,41943040,8,all_8_ranks_SUM_after_task,52f1d0cee09736c7a0e998ce907d18df5cd97bf5840894ae5d76e15debfb602c,0.07138918108180424,0.10969116687774658,,measured_nonempty
MoE20-R5,base_bpb,val_bpb,base,6641,11,12,total,20971520,41943040,8,all_8_ranks_SUM_after_task,52f1d0cee09736c7a0e998ce907d18df5cd97bf5840894ae5d76e15debfb602c,0.10602002146835536,0.11095268726348877,,measured_nonempty
MoE20-R5,base_bpb,val_bpb,base,6641,11,12,prefill,0,0,8,all_8_ranks_SUM_after_task,52f1d0cee09736c7a0e998ce907d18df5cd97bf5840894ae5d76e15debfb602c,,,,no_positions_no_balance_evidence
MoE20-R5,base_bpb,val_bpb,base,6641,11,12,decode,0,0,8,all_8_ranks_SUM_after_task,52f1d0cee09736c7a0e998ce907d18df5cd97bf5840894ae5d76e15debfb602c,,,,no_positions_no_balance_evidence
MoE20-R5,base_bpb,val_bpb,base,6641,11,12,other,20971520,41943040,8,all_8_ranks_SUM_after_task,52f1d0cee09736c7a0e998ce907d18df5cd97bf5840894ae5d76e15debfb602c,0.10602002146835536,0.11095268726348877,,measured_nonempty
MoE20-R5,base_bpb,val_bpb,base,6641,13,14,total,20971520,41943040,8,all_8_ranks_SUM_after_task,52f1d0cee09736c7a0e998ce907d18df5cd97bf5840894ae5d76e15debfb602c,0.13892104965782523,0.09085817337036133,,measured_nonempty
MoE20-R5,base_bpb,val_bpb,base,6641,13,14,prefill,0,0,8,all_8_ranks_SUM_after_task,52f1d0cee09736c7a0e998ce907d18df5cd97bf5840894ae5d76e15debfb602c,,,,no_positions_no_balance_evidence
MoE20-R5,base_bpb,val_bpb,base,6641,13,14,decode,0,0,8,all_8_ranks_SUM_after_task,52f1d0cee09736c7a0e998ce907d18df5cd97bf5840894ae5d76e15debfb602c,,,,no_positions_no_balance_evidence
MoE20-R5,base_bpb,val_bpb,base,6641,13,14,other,20971520,41943040,8,all_8_ranks_SUM_after_task,52f1d0cee09736c7a0e998ce907d18df5cd97bf5840894ae5d76e15debfb602c,0.13892104965782523,0.09085817337036133,,measured_nonempty
MoE20-R5,base_bpb,val_bpb,base,6641,15,16,total,20971520,41943040,8,all_8_ranks_SUM_after_task,52f1d0cee09736c7a0e998ce907d18df5cd97bf5840894ae5d76e15debfb602c,0.11320013122385089,0.10116190910339355,,measured_nonempty
MoE20-R5,base_bpb,val_bpb,base,6641,15,16,prefill,0,0,8,all_8_ranks_SUM_after_task,52f1d0cee09736c7a0e998ce907d18df5cd97bf5840894ae5d76e15debfb602c,,,,no_positions_no_balance_evidence
MoE20-R5,base_bpb,val_bpb,base,6641,15,16,decode,0,0,8,all_8_ranks_SUM_after_task,52f1d0cee09736c7a0e998ce907d18df5cd97bf5840894ae5d76e15debfb602c,,,,no_positions_no_balance_evidence
MoE20-R5,base_bpb,val_bpb,base,6641,15,16,other,20971520,41943040,8,all_8_ranks_SUM_after_task,52f1d0cee09736c7a0e998ce907d18df5cd97bf5840894ae5d76e15debfb602c,0.11320013122385089,0.10116190910339355,,measured_nonempty
MoE20-R5,base_bpb,val_bpb,base,6641,17,18,total,20971520,41943040,8,all_8_ranks_SUM_after_task,52f1d0cee09736c7a0e998ce907d18df5cd97bf5840894ae5d76e15debfb602c,0.11102586088344121,0.10309696197509766,,measured_nonempty
MoE20-R5,base_bpb,val_bpb,base,6641,17,18,prefill,0,0,8,all_8_ranks_SUM_after_task,52f1d0cee09736c7a0e998ce907d18df5cd97bf5840894ae5d76e15debfb602c,,,,no_positions_no_balance_evidence
MoE20-R5,base_bpb,val_bpb,base,6641,17,18,decode,0,0,8,all_8_ranks_SUM_after_task,52f1d0cee09736c7a0e998ce907d18df5cd97bf5840894ae5d76e15debfb602c,,,,no_positions_no_balance_evidence
MoE20-R5,base_bpb,val_bpb,base,6641,17,18,other,20971520,41943040,8,all_8_ranks_SUM_after_task,52f1d0cee09736c7a0e998ce907d18df5cd97bf5840894ae5d76e15debfb602c,0.11102586088344121,0.10309696197509766,,measured_nonempty
MoE20-R5,base_bpb,val_bpb,base,6641,19,20,total,20971520,41943040,8,all_8_ranks_SUM_after_task,52f1d0cee09736c7a0e998ce907d18df5cd97bf5840894ae5d76e15debfb602c,0.13018068100256383,0.10842888355255127,,measured_nonempty
MoE20-R5,base_bpb,val_bpb,base,6641,19,20,prefill,0,0,8,all_8_ranks_SUM_after_task,52f1d0cee09736c7a0e998ce907d18df5cd97bf5840894ae5d76e15debfb602c,,,,no_positions_no_balance_evidence
MoE20-R5,base_bpb,val_bpb,base,6641,19,20,decode,0,0,8,all_8_ranks_SUM_after_task,52f1d0cee09736c7a0e998ce907d18df5cd97bf5840894ae5d76e15debfb602c,,,,no_positions_no_balance_evidence
MoE20-R5,base_bpb,val_bpb,base,6641,19,20,other,20971520,41943040,8,all_8_ranks_SUM_after_task,52f1d0cee09736c7a0e998ce907d18df5cd97bf5840894ae5d76e15debfb602c,0.13018068100256383,0.10842888355255127,,measured_nonempty
MoE20-R5,core_00,hellaswag_zeroshot,base,6641,1,2,total,3233105,6466210,8,all_8_ranks_SUM_after_task,ac380383748e8cdb1e1e96fc8bfe87ce7922745c8e391b1beabaf087a038f44b,0.21514206788578638,0.07746485189933516,,measured_nonempty
MoE20-R5,core_00,hellaswag_zeroshot,base,6641,1,2,prefill,0,0,8,all_8_ranks_SUM_after_task,ac380383748e8cdb1e1e96fc8bfe87ce7922745c8e391b1beabaf087a038f44b,,,,no_positions_no_balance_evidence
MoE20-R5,core_00,hellaswag_zeroshot,base,6641,1,2,decode,0,0,8,all_8_ranks_SUM_after_task,ac380383748e8cdb1e1e96fc8bfe87ce7922745c8e391b1beabaf087a038f44b,,,,no_positions_no_balance_evidence
MoE20-R5,core_00,hellaswag_zeroshot,base,6641,1,2,other,3233105,6466210,8,all_8_ranks_SUM_after_task,ac380383748e8cdb1e1e96fc8bfe87ce7922745c8e391b1beabaf087a038f44b,0.21514206788578638,0.07746485189933516,,measured_nonempty
MoE20-R5,core_00,hellaswag_zeroshot,base,6641,3,4,total,3233105,6466210,8,all_8_ranks_SUM_after_task,ac380383748e8cdb1e1e96fc8bfe87ce7922745c8e391b1beabaf087a038f44b,0.2372102620586167,0.06437619563855798,,measured_nonempty
MoE20-R5,core_00,hellaswag_zeroshot,base,6641,3,4,prefill,0,0,8,all_8_ranks_SUM_after_task,ac380383748e8cdb1e1e96fc8bfe87ce7922745c8e391b1beabaf087a038f44b,,,,no_positions_no_balance_evidence
MoE20-R5,core_00,hellaswag_zeroshot,base,6641,3,4,decode,0,0,8,all_8_ranks_SUM_after_task,ac380383748e8cdb1e1e96fc8bfe87ce7922745c8e391b1beabaf087a038f44b,,,,no_positions_no_balance_evidence
MoE20-R5,core_00,hellaswag_zeroshot,base,6641,3,4,other,3233105,6466210,8,all_8_ranks_SUM_after_task,ac380383748e8cdb1e1e96fc8bfe87ce7922745c8e391b1beabaf087a038f44b,0.2372102620586167,0.06437619563855798,,measured_nonempty
MoE20-R5,core_00,hellaswag_zeroshot,base,6641,5,6,total,3233105,6466210,8,all_8_ranks_SUM_after_task,ac380383748e8cdb1e1e96fc8bfe87ce7922745c8e391b1beabaf087a038f44b,0.21936729020522266,0.08510673176404726,,measured_nonempty
MoE20-R5,core_00,hellaswag_zeroshot,base,6641,5,6,prefill,0,0,8,all_8_ranks_SUM_after_task,ac380383748e8cdb1e1e96fc8bfe87ce7922745c8e391b1beabaf087a038f44b,,,,no_positions_no_balance_evidence
MoE20-R5,core_00,hellaswag_zeroshot,base,6641,5,6,decode,0,0,8,all_8_ranks_SUM_after_task,ac380383748e8cdb1e1e96fc8bfe87ce7922745c8e391b1beabaf087a038f44b,,,,no_positions_no_balance_evidence
MoE20-R5,core_00,hellaswag_zeroshot,base,6641,5,6,other,3233105,6466210,8,all_8_ranks_SUM_after_task,ac380383748e8cdb1e1e96fc8bfe87ce7922745c8e391b1beabaf087a038f44b,0.21936729020522266,0.08510673176404726,,measured_nonempty
MoE20-R5,core_00,hellaswag_zeroshot,base,6641,7,8,total,3233105,6466210,8,all_8_ranks_SUM_after_task,ac380383748e8cdb1e1e96fc8bfe87ce7922745c8e391b1beabaf087a038f44b,0.23486052067576726,0.05997779224615347,,measured_nonempty
MoE20-R5,core_00,hellaswag_zeroshot,base,6641,7,8,prefill,0,0,8,all_8_ranks_SUM_after_task,ac380383748e8cdb1e1e96fc8bfe87ce7922745c8e391b1beabaf087a038f44b,,,,no_positions_no_balance_evidence
MoE20-R5,core_00,hellaswag_zeroshot,base,6641,7,8,decode,0,0,8,all_8_ranks_SUM_after_task,ac380383748e8cdb1e1e96fc8bfe87ce7922745c8e391b1beabaf087a038f44b,,,,no_positions_no_balance_evidence
MoE20-R5,core_00,hellaswag_zeroshot,base,6641,7,8,other,3233105,6466210,8,all_8_ranks_SUM_after_task,ac380383748e8cdb1e1e96fc8bfe87ce7922745c8e391b1beabaf087a038f44b,0.23486052067576726,0.05997779224615347,,measured_nonempty
MoE20-R5,core_00,hellaswag_zeroshot,base,6641,9,10,total,3233105,6466210,8,all_8_ranks_SUM_after_task,ac380383748e8cdb1e1e96fc8bfe87ce7922745c8e391b1beabaf087a038f44b,0.209515503720861,0.09251833763518351,,measured_nonempty
MoE20-R5,core_00,hellaswag_zeroshot,base,6641,9,10,prefill,0,0,8,all_8_ranks_SUM_after_task,ac380383748e8cdb1e1e96fc8bfe87ce7922745c8e391b1beabaf087a038f44b,,,,no_positions_no_balance_evidence
MoE20-R5,core_00,hellaswag_zeroshot,base,6641,9,10,decode,0,0,8,all_8_ranks_SUM_after_task,ac380383748e8cdb1e1e96fc8bfe87ce7922745c8e391b1beabaf087a038f44b,,,,no_positions_no_balance_evidence
MoE20-R5,core_00,hellaswag_zeroshot,base,6641,9,10,other,3233105,6466210,8,all_8_ranks_SUM_after_task,ac380383748e8cdb1e1e96fc8bfe87ce7922745c8e391b1beabaf087a038f44b,0.209515503720861,0.09251833763518351,,measured_nonempty
MoE20-R5,core_00,hellaswag_zeroshot,base,6641,11,12,total,3233105,6466210,8,all_8_ranks_SUM_after_task,ac380383748e8cdb1e1e96fc8bfe87ce7922745c8e391b1beabaf087a038f44b,0.22771423727393622,0.08695077951381103,,measured_nonempty
MoE20-R5,core_00,hellaswag_zeroshot,base,6641,11,12,prefill,0,0,8,all_8_ranks_SUM_after_task,ac380383748e8cdb1e1e96fc8bfe87ce7922745c8e391b1beabaf087a038f44b,,,,no_positions_no_balance_evidence
MoE20-R5,core_00,hellaswag_zeroshot,base,6641,11,12,decode,0,0,8,all_8_ranks_SUM_after_task,ac380383748e8cdb1e1e96fc8bfe87ce7922745c8e391b1beabaf087a038f44b,,,,no_positions_no_balance_evidence
MoE20-R5,core_00,hellaswag_zeroshot,base,6641,11,12,other,3233105,6466210,8,all_8_ranks_SUM_after_task,ac380383748e8cdb1e1e96fc8bfe87ce7922745c8e391b1beabaf087a038f44b,0.22771423727393622,0.08695077951381103,,measured_nonempty
MoE20-R5,core_00,hellaswag_zeroshot,base,6641,13,14,total,3233105,6466210,8,all_8_ranks_SUM_after_task,ac380383748e8cdb1e1e96fc8bfe87ce7922745c8e391b1beabaf087a038f44b,0.28044641678033405,0.04889510238609634,,measured_nonempty
MoE20-R5,core_00,hellaswag_zeroshot,base,6641,13,14,prefill,0,0,8,all_8_ranks_SUM_after_task,ac380383748e8cdb1e1e96fc8bfe87ce7922745c8e391b1beabaf087a038f44b,,,,no_positions_no_balance_evidence
MoE20-R5,core_00,hellaswag_zeroshot,base,6641,13,14,decode,0,0,8,all_8_ranks_SUM_after_task,ac380383748e8cdb1e1e96fc8bfe87ce7922745c8e391b1beabaf087a038f44b,,,,no_positions_no_balance_evidence
MoE20-R5,core_00,hellaswag_zeroshot,base,6641,13,14,other,3233105,6466210,8,all_8_ranks_SUM_after_task,ac380383748e8cdb1e1e96fc8bfe87ce7922745c8e391b1beabaf087a038f44b,0.28044641678033405,0.04889510238609634,,measured_nonempty
MoE20-R5,core_00,hellaswag_zeroshot,base,6641,15,16,total,3233105,6466210,8,all_8_ranks_SUM_after_task,ac380383748e8cdb1e1e96fc8bfe87ce7922745c8e391b1beabaf087a038f44b,0.2578015818379688,0.07366138742787506,,measured_nonempty
MoE20-R5,core_00,hellaswag_zeroshot,base,6641,15,16,prefill,0,0,8,all_8_ranks_SUM_after_task,ac380383748e8cdb1e1e96fc8bfe87ce7922745c8e391b1beabaf087a038f44b,,,,no_positions_no_balance_evidence
MoE20-R5,core_00,hellaswag_zeroshot,base,6641,15,16,decode,0,0,8,all_8_ranks_SUM_after_task,ac380383748e8cdb1e1e96fc8bfe87ce7922745c8e391b1beabaf087a038f44b,,,,no_positions_no_balance_evidence
MoE20-R5,core_00,hellaswag_zeroshot,base,6641,15,16,other,3233105,6466210,8,all_8_ranks_SUM_after_task,ac380383748e8cdb1e1e96fc8bfe87ce7922745c8e391b1beabaf087a038f44b,0.2578015818379688,0.07366138742787506,,measured_nonempty
MoE20-R5,core_00,hellaswag_zeroshot,base,6641,17,18,total,3233105,6466210,8,all_8_ranks_SUM_after_task,ac380383748e8cdb1e1e96fc8bfe87ce7922745c8e391b1beabaf087a038f44b,0.3685494976392889,0.07046090368237344,,measured_nonempty
MoE20-R5,core_00,hellaswag_zeroshot,base,6641,17,18,prefill,0,0,8,all_8_ranks_SUM_after_task,ac380383748e8cdb1e1e96fc8bfe87ce7922745c8e391b1beabaf087a038f44b,,,,no_positions_no_balance_evidence
MoE20-R5,core_00,hellaswag_zeroshot,base,6641,17,18,decode,0,0,8,all_8_ranks_SUM_after_task,ac380383748e8cdb1e1e96fc8bfe87ce7922745c8e391b1beabaf087a038f44b,,,,no_positions_no_balance_evidence
MoE20-R5,core_00,hellaswag_zeroshot,base,6641,17,18,other,3233105,6466210,8,all_8_ranks_SUM_after_task,ac380383748e8cdb1e1e96fc8bfe87ce7922745c8e391b1beabaf087a038f44b,0.3685494976392889,0.07046090368237344,,measured_nonempty
MoE20-R5,core_00,hellaswag_zeroshot,base,6641,19,20,total,3233105,6466210,8,all_8_ranks_SUM_after_task,ac380383748e8cdb1e1e96fc8bfe87ce7922745c8e391b1beabaf087a038f44b,0.3257275491788949,0.05271310396662032,,measured_nonempty
MoE20-R5,core_00,hellaswag_zeroshot,base,6641,19,20,prefill,0,0,8,all_8_ranks_SUM_after_task,ac380383748e8cdb1e1e96fc8bfe87ce7922745c8e391b1beabaf087a038f44b,,,,no_positions_no_balance_evidence
MoE20-R5,core_00,hellaswag_zeroshot,base,6641,19,20,decode,0,0,8,all_8_ranks_SUM_after_task,ac380383748e8cdb1e1e96fc8bfe87ce7922745c8e391b1beabaf087a038f44b,,,,no_positions_no_balance_evidence
MoE20-R5,core_00,hellaswag_zeroshot,base,6641,19,20,other,3233105,6466210,8,all_8_ranks_SUM_after_task,ac380383748e8cdb1e1e96fc8bfe87ce7922745c8e391b1beabaf087a038f44b,0.3257275491788949,0.05271310396662032,,measured_nonempty
MoE20-R5,core_01,jeopardy,base,6641,1,2,total,776918,1553836,8,all_8_ranks_SUM_after_task,579cb271b911932ce3011619500897edc20a9d4346578b1f8a48de47e66155a1,0.45507321573097487,0.05193276510519772,,measured_nonempty
MoE20-R5,core_01,jeopardy,base,6641,1,2,prefill,0,0,8,all_8_ranks_SUM_after_task,579cb271b911932ce3011619500897edc20a9d4346578b1f8a48de47e66155a1,,,,no_positions_no_balance_evidence
MoE20-R5,core_01,jeopardy,base,6641,1,2,decode,0,0,8,all_8_ranks_SUM_after_task,579cb271b911932ce3011619500897edc20a9d4346578b1f8a48de47e66155a1,,,,no_positions_no_balance_evidence
MoE20-R5,core_01,jeopardy,base,6641,1,2,other,776918,1553836,8,all_8_ranks_SUM_after_task,579cb271b911932ce3011619500897edc20a9d4346578b1f8a48de47e66155a1,0.45507321573097487,0.05193276510519772,,measured_nonempty
MoE20-R5,core_01,jeopardy,base,6641,3,4,total,776918,1553836,8,all_8_ranks_SUM_after_task,579cb271b911932ce3011619500897edc20a9d4346578b1f8a48de47e66155a1,0.5153900317350913,0.0583105295539555,,measured_nonempty
MoE20-R5,core_01,jeopardy,base,6641,3,4,prefill,0,0,8,all_8_ranks_SUM_after_task,579cb271b911932ce3011619500897edc20a9d4346578b1f8a48de47e66155a1,,,,no_positions_no_balance_evidence
MoE20-R5,core_01,jeopardy,base,6641,3,4,decode,0,0,8,all_8_ranks_SUM_after_task,579cb271b911932ce3011619500897edc20a9d4346578b1f8a48de47e66155a1,,,,no_positions_no_balance_evidence
MoE20-R5,core_01,jeopardy,base,6641,3,4,other,776918,1553836,8,all_8_ranks_SUM_after_task,579cb271b911932ce3011619500897edc20a9d4346578b1f8a48de47e66155a1,0.5153900317350913,0.0583105295539555,,measured_nonempty
MoE20-R5,core_01,jeopardy,base,6641,5,6,total,776918,1553836,8,all_8_ranks_SUM_after_task,579cb271b911932ce3011619500897edc20a9d4346578b1f8a48de47e66155a1,0.598371791199465,0.05576521589150979,,measured_nonempty
MoE20-R5,core_01,jeopardy,base,6641,5,6,prefill,0,0,8,all_8_ranks_SUM_after_task,579cb271b911932ce3011619500897edc20a9d4346578b1f8a48de47e66155a1,,,,no_positions_no_balance_evidence
MoE20-R5,core_01,jeopardy,base,6641,5,6,decode,0,0,8,all_8_ranks_SUM_after_task,579cb271b911932ce3011619500897edc20a9d4346578b1f8a48de47e66155a1,,,,no_positions_no_balance_evidence
MoE20-R5,core_01,jeopardy,base,6641,5,6,other,776918,1553836,8,all_8_ranks_SUM_after_task,579cb271b911932ce3011619500897edc20a9d4346578b1f8a48de47e66155a1,0.598371791199465,0.05576521589150979,,measured_nonempty
MoE20-R5,core_01,jeopardy,base,6641,7,8,total,776918,1553836,8,all_8_ranks_SUM_after_task,579cb271b911932ce3011619500897edc20a9d4346578b1f8a48de47e66155a1,0.318753080875128,0.06782504717357558,,measured_nonempty
MoE20-R5,core_01,jeopardy,base,6641,7,8,prefill,0,0,8,all_8_ranks_SUM_after_task,579cb271b911932ce3011619500897edc20a9d4346578b1f8a48de47e66155a1,,,,no_positions_no_balance_evidence
MoE20-R5,core_01,jeopardy,base,6641,7,8,decode,0,0,8,all_8_ranks_SUM_after_task,579cb271b911932ce3011619500897edc20a9d4346578b1f8a48de47e66155a1,,,,no_positions_no_balance_evidence
MoE20-R5,core_01,jeopardy,base,6641,7,8,other,776918,1553836,8,all_8_ranks_SUM_after_task,579cb271b911932ce3011619500897edc20a9d4346578b1f8a48de47e66155a1,0.318753080875128,0.06782504717357558,,measured_nonempty
MoE20-R5,core_01,jeopardy,base,6641,9,10,total,776918,1553836,8,all_8_ranks_SUM_after_task,579cb271b911932ce3011619500897edc20a9d4346578b1f8a48de47e66155a1,0.37173300056626474,0.07574287119103947,,measured_nonempty
MoE20-R5,core_01,jeopardy,base,6641,9,10,prefill,0,0,8,all_8_ranks_SUM_after_task,579cb271b911932ce3011619500897edc20a9d4346578b1f8a48de47e66155a1,,,,no_positions_no_balance_evidence
MoE20-R5,core_01,jeopardy,base,6641,9,10,decode,0,0,8,all_8_ranks_SUM_after_task,579cb271b911932ce3011619500897edc20a9d4346578b1f8a48de47e66155a1,,,,no_positions_no_balance_evidence
MoE20-R5,core_01,jeopardy,base,6641,9,10,other,776918,1553836,8,all_8_ranks_SUM_after_task,579cb271b911932ce3011619500897edc20a9d4346578b1f8a48de47e66155a1,0.37173300056626474,0.07574287119103947,,measured_nonempty
MoE20-R5,core_01,jeopardy,base,6641,11,12,total,776918,1553836,8,all_8_ranks_SUM_after_task,579cb271b911932ce3011619500897edc20a9d4346578b1f8a48de47e66155a1,0.345644758244945,0.06304783773834562,,measured_nonempty
MoE20-R5,core_01,jeopardy,base,6641,11,12,prefill,0,0,8,all_8_ranks_SUM_after_task,579cb271b911932ce3011619500897edc20a9d4346578b1f8a48de47e66155a1,,,,no_positions_no_balance_evidence
MoE20-R5,core_01,jeopardy,base,6641,11,12,decode,0,0,8,all_8_ranks_SUM_after_task,579cb271b911932ce3011619500897edc20a9d4346578b1f8a48de47e66155a1,,,,no_positions_no_balance_evidence
MoE20-R5,core_01,jeopardy,base,6641,11,12,other,776918,1553836,8,all_8_ranks_SUM_after_task,579cb271b911932ce3011619500897edc20a9d4346578b1f8a48de47e66155a1,0.345644758244945,0.06304783773834562,,measured_nonempty
MoE20-R5,core_01,jeopardy,base,6641,13,14,total,776918,1553836,8,all_8_ranks_SUM_after_task,579cb271b911932ce3011619500897edc20a9d4346578b1f8a48de47e66155a1,0.35177384723356203,0.05973732105576136,,measured_nonempty
MoE20-R5,core_01,jeopardy,base,6641,13,14,prefill,0,0,8,all_8_ranks_SUM_after_task,579cb271b911932ce3011619500897edc20a9d4346578b1f8a48de47e66155a1,,,,no_positions_no_balance_evidence
MoE20-R5,core_01,jeopardy,base,6641,13,14,decode,0,0,8,all_8_ranks_SUM_after_task,579cb271b911932ce3011619500897edc20a9d4346578b1f8a48de47e66155a1,,,,no_positions_no_balance_evidence
MoE20-R5,core_01,jeopardy,base,6641,13,14,other,776918,1553836,8,all_8_ranks_SUM_after_task,579cb271b911932ce3011619500897edc20a9d4346578b1f8a48de47e66155a1,0.35177384723356203,0.05973732105576136,,measured_nonempty
MoE20-R5,core_01,jeopardy,base,6641,15,16,total,776918,1553836,8,all_8_ranks_SUM_after_task,579cb271b911932ce3011619500897edc20a9d4346578b1f8a48de47e66155a1,0.4712023648535715,0.07606208119775833,,measured_nonempty
MoE20-R5,core_01,jeopardy,base,6641,15,16,prefill,0,0,8,all_8_ranks_SUM_after_task,579cb271b911932ce3011619500897edc20a9d4346578b1f8a48de47e66155a1,,,,no_positions_no_balance_evidence
MoE20-R5,core_01,jeopardy,base,6641,15,16,decode,0,0,8,all_8_ranks_SUM_after_task,579cb271b911932ce3011619500897edc20a9d4346578b1f8a48de47e66155a1,,,,no_positions_no_balance_evidence
MoE20-R5,core_01,jeopardy,base,6641,15,16,other,776918,1553836,8,all_8_ranks_SUM_after_task,579cb271b911932ce3011619500897edc20a9d4346578b1f8a48de47e66155a1,0.4712023648535715,0.07606208119775833,,measured_nonempty
MoE20-R5,core_01,jeopardy,base,6641,17,18,total,776918,1553836,8,all_8_ranks_SUM_after_task,579cb271b911932ce3011619500897edc20a9d4346578b1f8a48de47e66155a1,0.42129977759583365,0.03326992037769752,,measured_nonempty
MoE20-R5,core_01,jeopardy,base,6641,17,18,prefill,0,0,8,all_8_ranks_SUM_after_task,579cb271b911932ce3011619500897edc20a9d4346578b1f8a48de47e66155a1,,,,no_positions_no_balance_evidence
MoE20-R5,core_01,jeopardy,base,6641,17,18,decode,0,0,8,all_8_ranks_SUM_after_task,579cb271b911932ce3011619500897edc20a9d4346578b1f8a48de47e66155a1,,,,no_positions_no_balance_evidence
MoE20-R5,core_01,jeopardy,base,6641,17,18,other,776918,1553836,8,all_8_ranks_SUM_after_task,579cb271b911932ce3011619500897edc20a9d4346578b1f8a48de47e66155a1,0.42129977759583365,0.03326992037769752,,measured_nonempty
MoE20-R5,core_01,jeopardy,base,6641,19,20,total,776918,1553836,8,all_8_ranks_SUM_after_task,579cb271b911932ce3011619500897edc20a9d4346578b1f8a48de47e66155a1,0.6216990846610764,0.035766322829436314,,measured_nonempty
MoE20-R5,core_01,jeopardy,base,6641,19,20,prefill,0,0,8,all_8_ranks_SUM_after_task,579cb271b911932ce3011619500897edc20a9d4346578b1f8a48de47e66155a1,,,,no_positions_no_balance_evidence
MoE20-R5,core_01,jeopardy,base,6641,19,20,decode,0,0,8,all_8_ranks_SUM_after_task,579cb271b911932ce3011619500897edc20a9d4346578b1f8a48de47e66155a1,,,,no_positions_no_balance_evidence
MoE20-R5,core_01,jeopardy,base,6641,19,20,other,776918,1553836,8,all_8_ranks_SUM_after_task,579cb271b911932ce3011619500897edc20a9d4346578b1f8a48de47e66155a1,0.6216990846610764,0.035766322829436314,,measured_nonempty
MoE20-R5,core_02,bigbench_qa_wikidata,base,6641,1,2,total,2618160,5236320,8,all_8_ranks_SUM_after_task,fe37c4cd9e88348bf2b7784fe0154bffe1e34d4dd5d211280eeb65699cc38be0,0.3891718921060735,0.06570301280288447,,measured_nonempty
MoE20-R5,core_02,bigbench_qa_wikidata,base,6641,1,2,prefill,0,0,8,all_8_ranks_SUM_after_task,fe37c4cd9e88348bf2b7784fe0154bffe1e34d4dd5d211280eeb65699cc38be0,,,,no_positions_no_balance_evidence
MoE20-R5,core_02,bigbench_qa_wikidata,base,6641,1,2,decode,0,0,8,all_8_ranks_SUM_after_task,fe37c4cd9e88348bf2b7784fe0154bffe1e34d4dd5d211280eeb65699cc38be0,,,,no_positions_no_balance_evidence
MoE20-R5,core_02,bigbench_qa_wikidata,base,6641,1,2,other,2618160,5236320,8,all_8_ranks_SUM_after_task,fe37c4cd9e88348bf2b7784fe0154bffe1e34d4dd5d211280eeb65699cc38be0,0.3891718921060735,0.06570301280288447,,measured_nonempty
MoE20-R5,core_02,bigbench_qa_wikidata,base,6641,3,4,total,2618160,5236320,8,all_8_ranks_SUM_after_task,fe37c4cd9e88348bf2b7784fe0154bffe1e34d4dd5d211280eeb65699cc38be0,0.6290232121056463,0.056208749656247135,,measured_nonempty
MoE20-R5,core_02,bigbench_qa_wikidata,base,6641,3,4,prefill,0,0,8,all_8_ranks_SUM_after_task,fe37c4cd9e88348bf2b7784fe0154bffe1e34d4dd5d211280eeb65699cc38be0,,,,no_positions_no_balance_evidence
MoE20-R5,core_02,bigbench_qa_wikidata,base,6641,3,4,decode,0,0,8,all_8_ranks_SUM_after_task,fe37c4cd9e88348bf2b7784fe0154bffe1e34d4dd5d211280eeb65699cc38be0,,,,no_positions_no_balance_evidence
MoE20-R5,core_02,bigbench_qa_wikidata,base,6641,3,4,other,2618160,5236320,8,all_8_ranks_SUM_after_task,fe37c4cd9e88348bf2b7784fe0154bffe1e34d4dd5d211280eeb65699cc38be0,0.6290232121056463,0.056208749656247135,,measured_nonempty
MoE20-R5,core_02,bigbench_qa_wikidata,base,6641,5,6,total,2618160,5236320,8,all_8_ranks_SUM_after_task,fe37c4cd9e88348bf2b7784fe0154bffe1e34d4dd5d211280eeb65699cc38be0,0.7674277313988721,0.01813640113667614,,measured_nonempty
MoE20-R5,core_02,bigbench_qa_wikidata,base,6641,5,6,prefill,0,0,8,all_8_ranks_SUM_after_task,fe37c4cd9e88348bf2b7784fe0154bffe1e34d4dd5d211280eeb65699cc38be0,,,,no_positions_no_balance_evidence
MoE20-R5,core_02,bigbench_qa_wikidata,base,6641,5,6,decode,0,0,8,all_8_ranks_SUM_after_task,fe37c4cd9e88348bf2b7784fe0154bffe1e34d4dd5d211280eeb65699cc38be0,,,,no_positions_no_balance_evidence
MoE20-R5,core_02,bigbench_qa_wikidata,base,6641,5,6,other,2618160,5236320,8,all_8_ranks_SUM_after_task,fe37c4cd9e88348bf2b7784fe0154bffe1e34d4dd5d211280eeb65699cc38be0,0.7674277313988721,0.01813640113667614,,measured_nonempty
MoE20-R5,core_02,bigbench_qa_wikidata,base,6641,7,8,total,2618160,5236320,8,all_8_ranks_SUM_after_task,fe37c4cd9e88348bf2b7784fe0154bffe1e34d4dd5d211280eeb65699cc38be0,0.4270248824402555,0.06591785834326397,,measured_nonempty
MoE20-R5,core_02,bigbench_qa_wikidata,base,6641,7,8,prefill,0,0,8,all_8_ranks_SUM_after_task,fe37c4cd9e88348bf2b7784fe0154bffe1e34d4dd5d211280eeb65699cc38be0,,,,no_positions_no_balance_evidence
MoE20-R5,core_02,bigbench_qa_wikidata,base,6641,7,8,decode,0,0,8,all_8_ranks_SUM_after_task,fe37c4cd9e88348bf2b7784fe0154bffe1e34d4dd5d211280eeb65699cc38be0,,,,no_positions_no_balance_evidence
MoE20-R5,core_02,bigbench_qa_wikidata,base,6641,7,8,other,2618160,5236320,8,all_8_ranks_SUM_after_task,fe37c4cd9e88348bf2b7784fe0154bffe1e34d4dd5d211280eeb65699cc38be0,0.4270248824402555,0.06591785834326397,,measured_nonempty
MoE20-R5,core_02,bigbench_qa_wikidata,base,6641,9,10,total,2618160,5236320,8,all_8_ranks_SUM_after_task,fe37c4cd9e88348bf2b7784fe0154bffe1e34d4dd5d211280eeb65699cc38be0,0.44806876223177905,0.05944346411220094,,measured_nonempty
MoE20-R5,core_02,bigbench_qa_wikidata,base,6641,9,10,prefill,0,0,8,all_8_ranks_SUM_after_task,fe37c4cd9e88348bf2b7784fe0154bffe1e34d4dd5d211280eeb65699cc38be0,,,,no_positions_no_balance_evidence
MoE20-R5,core_02,bigbench_qa_wikidata,base,6641,9,10,decode,0,0,8,all_8_ranks_SUM_after_task,fe37c4cd9e88348bf2b7784fe0154bffe1e34d4dd5d211280eeb65699cc38be0,,,,no_positions_no_balance_evidence
MoE20-R5,core_02,bigbench_qa_wikidata,base,6641,9,10,other,2618160,5236320,8,all_8_ranks_SUM_after_task,fe37c4cd9e88348bf2b7784fe0154bffe1e34d4dd5d211280eeb65699cc38be0,0.44806876223177905,0.05944346411220094,,measured_nonempty
MoE20-R5,core_02,bigbench_qa_wikidata,base,6641,11,12,total,2618160,5236320,8,all_8_ranks_SUM_after_task,fe37c4cd9e88348bf2b7784fe0154bffe1e34d4dd5d211280eeb65699cc38be0,0.7138315473145058,0.01577520090445198,,measured_nonempty
MoE20-R5,core_02,bigbench_qa_wikidata,base,6641,11,12,prefill,0,0,8,all_8_ranks_SUM_after_task,fe37c4cd9e88348bf2b7784fe0154bffe1e34d4dd5d211280eeb65699cc38be0,,,,no_positions_no_balance_evidence
MoE20-R5,core_02,bigbench_qa_wikidata,base,6641,11,12,decode,0,0,8,all_8_ranks_SUM_after_task,fe37c4cd9e88348bf2b7784fe0154bffe1e34d4dd5d211280eeb65699cc38be0,,,,no_positions_no_balance_evidence
MoE20-R5,core_02,bigbench_qa_wikidata,base,6641,11,12,other,2618160,5236320,8,all_8_ranks_SUM_after_task,fe37c4cd9e88348bf2b7784fe0154bffe1e34d4dd5d211280eeb65699cc38be0,0.7138315473145058,0.01577520090445198,,measured_nonempty
MoE20-R5,core_02,bigbench_qa_wikidata,base,6641,13,14,total,2618160,5236320,8,all_8_ranks_SUM_after_task,fe37c4cd9e88348bf2b7784fe0154bffe1e34d4dd5d211280eeb65699cc38be0,0.5122224172708417,0.03704089895193571,,measured_nonempty
MoE20-R5,core_02,bigbench_qa_wikidata,base,6641,13,14,prefill,0,0,8,all_8_ranks_SUM_after_task,fe37c4cd9e88348bf2b7784fe0154bffe1e34d4dd5d211280eeb65699cc38be0,,,,no_positions_no_balance_evidence
MoE20-R5,core_02,bigbench_qa_wikidata,base,6641,13,14,decode,0,0,8,all_8_ranks_SUM_after_task,fe37c4cd9e88348bf2b7784fe0154bffe1e34d4dd5d211280eeb65699cc38be0,,,,no_positions_no_balance_evidence
MoE20-R5,core_02,bigbench_qa_wikidata,base,6641,13,14,other,2618160,5236320,8,all_8_ranks_SUM_after_task,fe37c4cd9e88348bf2b7784fe0154bffe1e34d4dd5d211280eeb65699cc38be0,0.5122224172708417,0.03704089895193571,,measured_nonempty
MoE20-R5,core_02,bigbench_qa_wikidata,base,6641,15,16,total,2618160,5236320,8,all_8_ranks_SUM_after_task,fe37c4cd9e88348bf2b7784fe0154bffe1e34d4dd5d211280eeb65699cc38be0,0.5907727171600466,0.060545001069453354,,measured_nonempty
MoE20-R5,core_02,bigbench_qa_wikidata,base,6641,15,16,prefill,0,0,8,all_8_ranks_SUM_after_task,fe37c4cd9e88348bf2b7784fe0154bffe1e34d4dd5d211280eeb65699cc38be0,,,,no_positions_no_balance_evidence
MoE20-R5,core_02,bigbench_qa_wikidata,base,6641,15,16,decode,0,0,8,all_8_ranks_SUM_after_task,fe37c4cd9e88348bf2b7784fe0154bffe1e34d4dd5d211280eeb65699cc38be0,,,,no_positions_no_balance_evidence
MoE20-R5,core_02,bigbench_qa_wikidata,base,6641,15,16,other,2618160,5236320,8,all_8_ranks_SUM_after_task,fe37c4cd9e88348bf2b7784fe0154bffe1e34d4dd5d211280eeb65699cc38be0,0.5907727171600466,0.060545001069453354,,measured_nonempty
MoE20-R5,core_02,bigbench_qa_wikidata,base,6641,17,18,total,2618160,5236320,8,all_8_ranks_SUM_after_task,fe37c4cd9e88348bf2b7784fe0154bffe1e34d4dd5d211280eeb65699cc38be0,0.6222163377088306,0.008733232499159716,,measured_nonempty
MoE20-R5,core_02,bigbench_qa_wikidata,base,6641,17,18,prefill,0,0,8,all_8_ranks_SUM_after_task,fe37c4cd9e88348bf2b7784fe0154bffe1e34d4dd5d211280eeb65699cc38be0,,,,no_positions_no_balance_evidence
MoE20-R5,core_02,bigbench_qa_wikidata,base,6641,17,18,decode,0,0,8,all_8_ranks_SUM_after_task,fe37c4cd9e88348bf2b7784fe0154bffe1e34d4dd5d211280eeb65699cc38be0,,,,no_positions_no_balance_evidence
MoE20-R5,core_02,bigbench_qa_wikidata,base,6641,17,18,other,2618160,5236320,8,all_8_ranks_SUM_after_task,fe37c4cd9e88348bf2b7784fe0154bffe1e34d4dd5d211280eeb65699cc38be0,0.6222163377088306,0.008733232499159716,,measured_nonempty
MoE20-R5,core_02,bigbench_qa_wikidata,base,6641,19,20,total,2618160,5236320,8,all_8_ranks_SUM_after_task,fe37c4cd9e88348bf2b7784fe0154bffe1e34d4dd5d211280eeb65699cc38be0,0.8483799831256797,0.018300638616432916,,measured_nonempty
MoE20-R5,core_02,bigbench_qa_wikidata,base,6641,19,20,prefill,0,0,8,all_8_ranks_SUM_after_task,fe37c4cd9e88348bf2b7784fe0154bffe1e34d4dd5d211280eeb65699cc38be0,,,,no_positions_no_balance_evidence
MoE20-R5,core_02,bigbench_qa_wikidata,base,6641,19,20,decode,0,0,8,all_8_ranks_SUM_after_task,fe37c4cd9e88348bf2b7784fe0154bffe1e34d4dd5d211280eeb65699cc38be0,,,,no_positions_no_balance_evidence
MoE20-R5,core_02,bigbench_qa_wikidata,base,6641,19,20,other,2618160,5236320,8,all_8_ranks_SUM_after_task,fe37c4cd9e88348bf2b7784fe0154bffe1e34d4dd5d211280eeb65699cc38be0,0.8483799831256797,0.018300638616432916,,measured_nonempty
MoE20-R5,core_03,arc_easy,base,6641,1,2,total,3315004,6630008,8,all_8_ranks_SUM_after_task,2ad6b901b2813990de26d9cb2cde0620d4e17a2be1efd78c407aa450081e6fe3,0.11246552542849929,0.09930938243211773,,measured_nonempty
MoE20-R5,core_03,arc_easy,base,6641,1,2,prefill,0,0,8,all_8_ranks_SUM_after_task,2ad6b901b2813990de26d9cb2cde0620d4e17a2be1efd78c407aa450081e6fe3,,,,no_positions_no_balance_evidence
MoE20-R5,core_03,arc_easy,base,6641,1,2,decode,0,0,8,all_8_ranks_SUM_after_task,2ad6b901b2813990de26d9cb2cde0620d4e17a2be1efd78c407aa450081e6fe3,,,,no_positions_no_balance_evidence
MoE20-R5,core_03,arc_easy,base,6641,1,2,other,3315004,6630008,8,all_8_ranks_SUM_after_task,2ad6b901b2813990de26d9cb2cde0620d4e17a2be1efd78c407aa450081e6fe3,0.11246552542849929,0.09930938243211773,,measured_nonempty
MoE20-R5,core_03,arc_easy,base,6641,3,4,total,3315004,6630008,8,all_8_ranks_SUM_after_task,2ad6b901b2813990de26d9cb2cde0620d4e17a2be1efd78c407aa450081e6fe3,0.22240788679855467,0.0819941695394636,,measured_nonempty
MoE20-R5,core_03,arc_easy,base,6641,3,4,prefill,0,0,8,all_8_ranks_SUM_after_task,2ad6b901b2813990de26d9cb2cde0620d4e17a2be1efd78c407aa450081e6fe3,,,,no_positions_no_balance_evidence
MoE20-R5,core_03,arc_easy,base,6641,3,4,decode,0,0,8,all_8_ranks_SUM_after_task,2ad6b901b2813990de26d9cb2cde0620d4e17a2be1efd78c407aa450081e6fe3,,,,no_positions_no_balance_evidence
MoE20-R5,core_03,arc_easy,base,6641,3,4,other,3315004,6630008,8,all_8_ranks_SUM_after_task,2ad6b901b2813990de26d9cb2cde0620d4e17a2be1efd78c407aa450081e6fe3,0.22240788679855467,0.0819941695394636,,measured_nonempty
MoE20-R5,core_03,arc_easy,base,6641,5,6,total,3315004,6630008,8,all_8_ranks_SUM_after_task,2ad6b901b2813990de26d9cb2cde0620d4e17a2be1efd78c407aa450081e6fe3,0.22380333195993424,0.06175211251630466,,measured_nonempty
MoE20-R5,core_03,arc_easy,base,6641,5,6,prefill,0,0,8,all_8_ranks_SUM_after_task,2ad6b901b2813990de26d9cb2cde0620d4e17a2be1efd78c407aa450081e6fe3,,,,no_positions_no_balance_evidence
MoE20-R5,core_03,arc_easy,base,6641,5,6,decode,0,0,8,all_8_ranks_SUM_after_task,2ad6b901b2813990de26d9cb2cde0620d4e17a2be1efd78c407aa450081e6fe3,,,,no_positions_no_balance_evidence
MoE20-R5,core_03,arc_easy,base,6641,5,6,other,3315004,6630008,8,all_8_ranks_SUM_after_task,2ad6b901b2813990de26d9cb2cde0620d4e17a2be1efd78c407aa450081e6fe3,0.22380333195993424,0.06175211251630466,,measured_nonempty
MoE20-R5,core_03,arc_easy,base,6641,7,8,total,3315004,6630008,8,all_8_ranks_SUM_after_task,2ad6b901b2813990de26d9cb2cde0620d4e17a2be1efd78c407aa450081e6fe3,0.3385692357142093,0.054879571789355305,,measured_nonempty
MoE20-R5,core_03,arc_easy,base,6641,7,8,prefill,0,0,8,all_8_ranks_SUM_after_task,2ad6b901b2813990de26d9cb2cde0620d4e17a2be1efd78c407aa450081e6fe3,,,,no_positions_no_balance_evidence
MoE20-R5,core_03,arc_easy,base,6641,7,8,decode,0,0,8,all_8_ranks_SUM_after_task,2ad6b901b2813990de26d9cb2cde0620d4e17a2be1efd78c407aa450081e6fe3,,,,no_positions_no_balance_evidence
MoE20-R5,core_03,arc_easy,base,6641,7,8,other,3315004,6630008,8,all_8_ranks_SUM_after_task,2ad6b901b2813990de26d9cb2cde0620d4e17a2be1efd78c407aa450081e6fe3,0.3385692357142093,0.054879571789355305,,measured_nonempty
MoE20-R5,core_03,arc_easy,base,6641,9,10,total,3315004,6630008,8,all_8_ranks_SUM_after_task,2ad6b901b2813990de26d9cb2cde0620d4e17a2be1efd78c407aa450081e6fe3,0.18465287210740597,0.08621407394983535,,measured_nonempty
MoE20-R5,core_03,arc_easy,base,6641,9,10,prefill,0,0,8,all_8_ranks_SUM_after_task,2ad6b901b2813990de26d9cb2cde0620d4e17a2be1efd78c407aa450081e6fe3,,,,no_positions_no_balance_evidence
MoE20-R5,core_03,arc_easy,base,6641,9,10,decode,0,0,8,all_8_ranks_SUM_after_task,2ad6b901b2813990de26d9cb2cde0620d4e17a2be1efd78c407aa450081e6fe3,,,,no_positions_no_balance_evidence
MoE20-R5,core_03,arc_easy,base,6641,9,10,other,3315004,6630008,8,all_8_ranks_SUM_after_task,2ad6b901b2813990de26d9cb2cde0620d4e17a2be1efd78c407aa450081e6fe3,0.18465287210740597,0.08621407394983535,,measured_nonempty
MoE20-R5,core_03,arc_easy,base,6641,11,12,total,3315004,6630008,8,all_8_ranks_SUM_after_task,2ad6b901b2813990de26d9cb2cde0620d4e17a2be1efd78c407aa450081e6fe3,0.21035718219174138,0.08737696847424618,,measured_nonempty
MoE20-R5,core_03,arc_easy,base,6641,11,12,prefill,0,0,8,all_8_ranks_SUM_after_task,2ad6b901b2813990de26d9cb2cde0620d4e17a2be1efd78c407aa450081e6fe3,,,,no_positions_no_balance_evidence
MoE20-R5,core_03,arc_easy,base,6641,11,12,decode,0,0,8,all_8_ranks_SUM_after_task,2ad6b901b2813990de26d9cb2cde0620d4e17a2be1efd78c407aa450081e6fe3,,,,no_positions_no_balance_evidence
MoE20-R5,core_03,arc_easy,base,6641,11,12,other,3315004,6630008,8,all_8_ranks_SUM_after_task,2ad6b901b2813990de26d9cb2cde0620d4e17a2be1efd78c407aa450081e6fe3,0.21035718219174138,0.08737696847424618,,measured_nonempty
MoE20-R5,core_03,arc_easy,base,6641,13,14,total,3315004,6630008,8,all_8_ranks_SUM_after_task,2ad6b901b2813990de26d9cb2cde0620d4e17a2be1efd78c407aa450081e6fe3,0.21034201069957145,0.0946507153535863,,measured_nonempty
MoE20-R5,core_03,arc_easy,base,6641,13,14,prefill,0,0,8,all_8_ranks_SUM_after_task,2ad6b901b2813990de26d9cb2cde0620d4e17a2be1efd78c407aa450081e6fe3,,,,no_positions_no_balance_evidence
MoE20-R5,core_03,arc_easy,base,6641,13,14,decode,0,0,8,all_8_ranks_SUM_after_task,2ad6b901b2813990de26d9cb2cde0620d4e17a2be1efd78c407aa450081e6fe3,,,,no_positions_no_balance_evidence
MoE20-R5,core_03,arc_easy,base,6641,13,14,other,3315004,6630008,8,all_8_ranks_SUM_after_task,2ad6b901b2813990de26d9cb2cde0620d4e17a2be1efd78c407aa450081e6fe3,0.21034201069957145,0.0946507153535863,,measured_nonempty
MoE20-R5,core_03,arc_easy,base,6641,15,16,total,3315004,6630008,8,all_8_ranks_SUM_after_task,2ad6b901b2813990de26d9cb2cde0620d4e17a2be1efd78c407aa450081e6fe3,0.20025143486761612,0.0702890554581533,,measured_nonempty
MoE20-R5,core_03,arc_easy,base,6641,15,16,prefill,0,0,8,all_8_ranks_SUM_after_task,2ad6b901b2813990de26d9cb2cde0620d4e17a2be1efd78c407aa450081e6fe3,,,,no_positions_no_balance_evidence
MoE20-R5,core_03,arc_easy,base,6641,15,16,decode,0,0,8,all_8_ranks_SUM_after_task,2ad6b901b2813990de26d9cb2cde0620d4e17a2be1efd78c407aa450081e6fe3,,,,no_positions_no_balance_evidence
MoE20-R5,core_03,arc_easy,base,6641,15,16,other,3315004,6630008,8,all_8_ranks_SUM_after_task,2ad6b901b2813990de26d9cb2cde0620d4e17a2be1efd78c407aa450081e6fe3,0.20025143486761612,0.0702890554581533,,measured_nonempty
MoE20-R5,core_03,arc_easy,base,6641,17,18,total,3315004,6630008,8,all_8_ranks_SUM_after_task,2ad6b901b2813990de26d9cb2cde0620d4e17a2be1efd78c407aa450081e6fe3,0.3683294861029703,0.045428451971702,,measured_nonempty
MoE20-R5,core_03,arc_easy,base,6641,17,18,prefill,0,0,8,all_8_ranks_SUM_after_task,2ad6b901b2813990de26d9cb2cde0620d4e17a2be1efd78c407aa450081e6fe3,,,,no_positions_no_balance_evidence
MoE20-R5,core_03,arc_easy,base,6641,17,18,decode,0,0,8,all_8_ranks_SUM_after_task,2ad6b901b2813990de26d9cb2cde0620d4e17a2be1efd78c407aa450081e6fe3,,,,no_positions_no_balance_evidence
MoE20-R5,core_03,arc_easy,base,6641,17,18,other,3315004,6630008,8,all_8_ranks_SUM_after_task,2ad6b901b2813990de26d9cb2cde0620d4e17a2be1efd78c407aa450081e6fe3,0.3683294861029703,0.045428451971702,,measured_nonempty
MoE20-R5,core_03,arc_easy,base,6641,19,20,total,3315004,6630008,8,all_8_ranks_SUM_after_task,2ad6b901b2813990de26d9cb2cde0620d4e17a2be1efd78c407aa450081e6fe3,0.3382367330954377,0.045467064293135094,,measured_nonempty
MoE20-R5,core_03,arc_easy,base,6641,19,20,prefill,0,0,8,all_8_ranks_SUM_after_task,2ad6b901b2813990de26d9cb2cde0620d4e17a2be1efd78c407aa450081e6fe3,,,,no_positions_no_balance_evidence
MoE20-R5,core_03,arc_easy,base,6641,19,20,decode,0,0,8,all_8_ranks_SUM_after_task,2ad6b901b2813990de26d9cb2cde0620d4e17a2be1efd78c407aa450081e6fe3,,,,no_positions_no_balance_evidence
MoE20-R5,core_03,arc_easy,base,6641,19,20,other,3315004,6630008,8,all_8_ranks_SUM_after_task,2ad6b901b2813990de26d9cb2cde0620d4e17a2be1efd78c407aa450081e6fe3,0.3382367330954377,0.045467064293135094,,measured_nonempty
MoE20-R5,core_04,arc_challenge,base,6641,1,2,total,1895430,3790860,8,all_8_ranks_SUM_after_task,fbf12255d768da5caab55694fb817378d4f8ac9b37757141f0841671b0546dd8,0.07824718140980878,0.11169338883525111,,measured_nonempty
MoE20-R5,core_04,arc_challenge,base,6641,1,2,prefill,0,0,8,all_8_ranks_SUM_after_task,fbf12255d768da5caab55694fb817378d4f8ac9b37757141f0841671b0546dd8,,,,no_positions_no_balance_evidence
MoE20-R5,core_04,arc_challenge,base,6641,1,2,decode,0,0,8,all_8_ranks_SUM_after_task,fbf12255d768da5caab55694fb817378d4f8ac9b37757141f0841671b0546dd8,,,,no_positions_no_balance_evidence
MoE20-R5,core_04,arc_challenge,base,6641,1,2,other,1895430,3790860,8,all_8_ranks_SUM_after_task,fbf12255d768da5caab55694fb817378d4f8ac9b37757141f0841671b0546dd8,0.07824718140980878,0.11169338883525111,,measured_nonempty
MoE20-R5,core_04,arc_challenge,base,6641,3,4,total,1895430,3790860,8,all_8_ranks_SUM_after_task,fbf12255d768da5caab55694fb817378d4f8ac9b37757141f0841671b0546dd8,0.19354897722263695,0.0849266393377756,,measured_nonempty
MoE20-R5,core_04,arc_challenge,base,6641,3,4,prefill,0,0,8,all_8_ranks_SUM_after_task,fbf12255d768da5caab55694fb817378d4f8ac9b37757141f0841671b0546dd8,,,,no_positions_no_balance_evidence
MoE20-R5,core_04,arc_challenge,base,6641,3,4,decode,0,0,8,all_8_ranks_SUM_after_task,fbf12255d768da5caab55694fb817378d4f8ac9b37757141f0841671b0546dd8,,,,no_positions_no_balance_evidence
MoE20-R5,core_04,arc_challenge,base,6641,3,4,other,1895430,3790860,8,all_8_ranks_SUM_after_task,fbf12255d768da5caab55694fb817378d4f8ac9b37757141f0841671b0546dd8,0.19354897722263695,0.0849266393377756,,measured_nonempty
MoE20-R5,core_04,arc_challenge,base,6641,5,6,total,1895430,3790860,8,all_8_ranks_SUM_after_task,fbf12255d768da5caab55694fb817378d4f8ac9b37757141f0841671b0546dd8,0.17742138105359148,0.07504260247015189,,measured_nonempty
MoE20-R5,core_04,arc_challenge,base,6641,5,6,prefill,0,0,8,all_8_ranks_SUM_after_task,fbf12255d768da5caab55694fb817378d4f8ac9b37757141f0841671b0546dd8,,,,no_positions_no_balance_evidence
MoE20-R5,core_04,arc_challenge,base,6641,5,6,decode,0,0,8,all_8_ranks_SUM_after_task,fbf12255d768da5caab55694fb817378d4f8ac9b37757141f0841671b0546dd8,,,,no_positions_no_balance_evidence
MoE20-R5,core_04,arc_challenge,base,6641,5,6,other,1895430,3790860,8,all_8_ranks_SUM_after_task,fbf12255d768da5caab55694fb817378d4f8ac9b37757141f0841671b0546dd8,0.17742138105359148,0.07504260247015189,,measured_nonempty
MoE20-R5,core_04,arc_challenge,base,6641,7,8,total,1895430,3790860,8,all_8_ranks_SUM_after_task,fbf12255d768da5caab55694fb817378d4f8ac9b37757141f0841671b0546dd8,0.3125280360308935,0.06416433210406082,,measured_nonempty
MoE20-R5,core_04,arc_challenge,base,6641,7,8,prefill,0,0,8,all_8_ranks_SUM_after_task,fbf12255d768da5caab55694fb817378d4f8ac9b37757141f0841671b0546dd8,,,,no_positions_no_balance_evidence
MoE20-R5,core_04,arc_challenge,base,6641,7,8,decode,0,0,8,all_8_ranks_SUM_after_task,fbf12255d768da5caab55694fb817378d4f8ac9b37757141f0841671b0546dd8,,,,no_positions_no_balance_evidence
MoE20-R5,core_04,arc_challenge,base,6641,7,8,other,1895430,3790860,8,all_8_ranks_SUM_after_task,fbf12255d768da5caab55694fb817378d4f8ac9b37757141f0841671b0546dd8,0.3125280360308935,0.06416433210406082,,measured_nonempty
MoE20-R5,core_04,arc_challenge,base,6641,9,10,total,1895430,3790860,8,all_8_ranks_SUM_after_task,fbf12255d768da5caab55694fb817378d4f8ac9b37757141f0841671b0546dd8,0.18829996741310656,0.08354014656304902,,measured_nonempty
MoE20-R5,core_04,arc_challenge,base,6641,9,10,prefill,0,0,8,all_8_ranks_SUM_after_task,fbf12255d768da5caab55694fb817378d4f8ac9b37757141f0841671b0546dd8,,,,no_positions_no_balance_evidence
MoE20-R5,core_04,arc_challenge,base,6641,9,10,decode,0,0,8,all_8_ranks_SUM_after_task,fbf12255d768da5caab55694fb817378d4f8ac9b37757141f0841671b0546dd8,,,,no_positions_no_balance_evidence
MoE20-R5,core_04,arc_challenge,base,6641,9,10,other,1895430,3790860,8,all_8_ranks_SUM_after_task,fbf12255d768da5caab55694fb817378d4f8ac9b37757141f0841671b0546dd8,0.18829996741310656,0.08354014656304902,,measured_nonempty
MoE20-R5,core_04,arc_challenge,base,6641,11,12,total,1895430,3790860,8,all_8_ranks_SUM_after_task,fbf12255d768da5caab55694fb817378d4f8ac9b37757141f0841671b0546dd8,0.21068626142004285,0.08497227542035317,,measured_nonempty
MoE20-R5,core_04,arc_challenge,base,6641,11,12,prefill,0,0,8,all_8_ranks_SUM_after_task,fbf12255d768da5caab55694fb817378d4f8ac9b37757141f0841671b0546dd8,,,,no_positions_no_balance_evidence
MoE20-R5,core_04,arc_challenge,base,6641,11,12,decode,0,0,8,all_8_ranks_SUM_after_task,fbf12255d768da5caab55694fb817378d4f8ac9b37757141f0841671b0546dd8,,,,no_positions_no_balance_evidence
MoE20-R5,core_04,arc_challenge,base,6641,11,12,other,1895430,3790860,8,all_8_ranks_SUM_after_task,fbf12255d768da5caab55694fb817378d4f8ac9b37757141f0841671b0546dd8,0.21068626142004285,0.08497227542035317,,measured_nonempty
MoE20-R5,core_04,arc_challenge,base,6641,13,14,total,1895430,3790860,8,all_8_ranks_SUM_after_task,fbf12255d768da5caab55694fb817378d4f8ac9b37757141f0841671b0546dd8,0.18703118675278899,0.09158053845301593,,measured_nonempty
MoE20-R5,core_04,arc_challenge,base,6641,13,14,prefill,0,0,8,all_8_ranks_SUM_after_task,fbf12255d768da5caab55694fb817378d4f8ac9b37757141f0841671b0546dd8,,,,no_positions_no_balance_evidence
MoE20-R5,core_04,arc_challenge,base,6641,13,14,decode,0,0,8,all_8_ranks_SUM_after_task,fbf12255d768da5caab55694fb817378d4f8ac9b37757141f0841671b0546dd8,,,,no_positions_no_balance_evidence
MoE20-R5,core_04,arc_challenge,base,6641,13,14,other,1895430,3790860,8,all_8_ranks_SUM_after_task,fbf12255d768da5caab55694fb817378d4f8ac9b37757141f0841671b0546dd8,0.18703118675278899,0.09158053845301593,,measured_nonempty
MoE20-R5,core_04,arc_challenge,base,6641,15,16,total,1895430,3790860,8,all_8_ranks_SUM_after_task,fbf12255d768da5caab55694fb817378d4f8ac9b37757141f0841671b0546dd8,0.19101096107277013,0.07440870936937792,,measured_nonempty
MoE20-R5,core_04,arc_challenge,base,6641,15,16,prefill,0,0,8,all_8_ranks_SUM_after_task,fbf12255d768da5caab55694fb817378d4f8ac9b37757141f0841671b0546dd8,,,,no_positions_no_balance_evidence
MoE20-R5,core_04,arc_challenge,base,6641,15,16,decode,0,0,8,all_8_ranks_SUM_after_task,fbf12255d768da5caab55694fb817378d4f8ac9b37757141f0841671b0546dd8,,,,no_positions_no_balance_evidence
MoE20-R5,core_04,arc_challenge,base,6641,15,16,other,1895430,3790860,8,all_8_ranks_SUM_after_task,fbf12255d768da5caab55694fb817378d4f8ac9b37757141f0841671b0546dd8,0.19101096107277013,0.07440870936937792,,measured_nonempty
MoE20-R5,core_04,arc_challenge,base,6641,17,18,total,1895430,3790860,8,all_8_ranks_SUM_after_task,fbf12255d768da5caab55694fb817378d4f8ac9b37757141f0841671b0546dd8,0.3508452554175211,0.05205072199975731,,measured_nonempty
MoE20-R5,core_04,arc_challenge,base,6641,17,18,prefill,0,0,8,all_8_ranks_SUM_after_task,fbf12255d768da5caab55694fb817378d4f8ac9b37757141f0841671b0546dd8,,,,no_positions_no_balance_evidence
MoE20-R5,core_04,arc_challenge,base,6641,17,18,decode,0,0,8,all_8_ranks_SUM_after_task,fbf12255d768da5caab55694fb817378d4f8ac9b37757141f0841671b0546dd8,,,,no_positions_no_balance_evidence
MoE20-R5,core_04,arc_challenge,base,6641,17,18,other,1895430,3790860,8,all_8_ranks_SUM_after_task,fbf12255d768da5caab55694fb817378d4f8ac9b37757141f0841671b0546dd8,0.3508452554175211,0.05205072199975731,,measured_nonempty
MoE20-R5,core_04,arc_challenge,base,6641,19,20,total,1895430,3790860,8,all_8_ranks_SUM_after_task,fbf12255d768da5caab55694fb817378d4f8ac9b37757141f0841671b0546dd8,0.32515865524172394,0.050766580670349205,,measured_nonempty
MoE20-R5,core_04,arc_challenge,base,6641,19,20,prefill,0,0,8,all_8_ranks_SUM_after_task,fbf12255d768da5caab55694fb817378d4f8ac9b37757141f0841671b0546dd8,,,,no_positions_no_balance_evidence
MoE20-R5,core_04,arc_challenge,base,6641,19,20,decode,0,0,8,all_8_ranks_SUM_after_task,fbf12255d768da5caab55694fb817378d4f8ac9b37757141f0841671b0546dd8,,,,no_positions_no_balance_evidence
MoE20-R5,core_04,arc_challenge,base,6641,19,20,other,1895430,3790860,8,all_8_ranks_SUM_after_task,fbf12255d768da5caab55694fb817378d4f8ac9b37757141f0841671b0546dd8,0.32515865524172394,0.050766580670349205,,measured_nonempty
MoE20-R5,core_05,copa,base,6641,1,2,total,3343,6686,8,all_8_ranks_SUM_after_task,ae9a5fe5f27d640f931830a12bec00ebabc723f71d3c2576a24bac1d25653955,0.2886675273455766,0.055937780436733475,,measured_nonempty
MoE20-R5,core_05,copa,base,6641,1,2,prefill,0,0,8,all_8_ranks_SUM_after_task,ae9a5fe5f27d640f931830a12bec00ebabc723f71d3c2576a24bac1d25653955,,,,no_positions_no_balance_evidence
MoE20-R5,core_05,copa,base,6641,1,2,decode,0,0,8,all_8_ranks_SUM_after_task,ae9a5fe5f27d640f931830a12bec00ebabc723f71d3c2576a24bac1d25653955,,,,no_positions_no_balance_evidence
MoE20-R5,core_05,copa,base,6641,1,2,other,3343,6686,8,all_8_ranks_SUM_after_task,ae9a5fe5f27d640f931830a12bec00ebabc723f71d3c2576a24bac1d25653955,0.2886675273455766,0.055937780436733475,,measured_nonempty
MoE20-R5,core_05,copa,base,6641,3,4,total,3343,6686,8,all_8_ranks_SUM_after_task,ae9a5fe5f27d640f931830a12bec00ebabc723f71d3c2576a24bac1d25653955,0.30035511445174934,0.029165420281184566,,measured_nonempty
MoE20-R5,core_05,copa,base,6641,3,4,prefill,0,0,8,all_8_ranks_SUM_after_task,ae9a5fe5f27d640f931830a12bec00ebabc723f71d3c2576a24bac1d25653955,,,,no_positions_no_balance_evidence
MoE20-R5,core_05,copa,base,6641,3,4,decode,0,0,8,all_8_ranks_SUM_after_task,ae9a5fe5f27d640f931830a12bec00ebabc723f71d3c2576a24bac1d25653955,,,,no_positions_no_balance_evidence
MoE20-R5,core_05,copa,base,6641,3,4,other,3343,6686,8,all_8_ranks_SUM_after_task,ae9a5fe5f27d640f931830a12bec00ebabc723f71d3c2576a24bac1d25653955,0.30035511445174934,0.029165420281184566,,measured_nonempty
MoE20-R5,core_05,copa,base,6641,5,6,total,3343,6686,8,all_8_ranks_SUM_after_task,ae9a5fe5f27d640f931830a12bec00ebabc723f71d3c2576a24bac1d25653955,0.34387478287033285,0.06999700867484296,,measured_nonempty
MoE20-R5,core_05,copa,base,6641,5,6,prefill,0,0,8,all_8_ranks_SUM_after_task,ae9a5fe5f27d640f931830a12bec00ebabc723f71d3c2576a24bac1d25653955,,,,no_positions_no_balance_evidence
MoE20-R5,core_05,copa,base,6641,5,6,decode,0,0,8,all_8_ranks_SUM_after_task,ae9a5fe5f27d640f931830a12bec00ebabc723f71d3c2576a24bac1d25653955,,,,no_positions_no_balance_evidence
MoE20-R5,core_05,copa,base,6641,5,6,other,3343,6686,8,all_8_ranks_SUM_after_task,ae9a5fe5f27d640f931830a12bec00ebabc723f71d3c2576a24bac1d25653955,0.34387478287033285,0.06999700867484296,,measured_nonempty
MoE20-R5,core_05,copa,base,6641,7,8,total,3343,6686,8,all_8_ranks_SUM_after_task,ae9a5fe5f27d640f931830a12bec00ebabc723f71d3c2576a24bac1d25653955,0.436183111605409,0.03066108285970685,,measured_nonempty
MoE20-R5,core_05,copa,base,6641,7,8,prefill,0,0,8,all_8_ranks_SUM_after_task,ae9a5fe5f27d640f931830a12bec00ebabc723f71d3c2576a24bac1d25653955,,,,no_positions_no_balance_evidence
MoE20-R5,core_05,copa,base,6641,7,8,decode,0,0,8,all_8_ranks_SUM_after_task,ae9a5fe5f27d640f931830a12bec00ebabc723f71d3c2576a24bac1d25653955,,,,no_positions_no_balance_evidence
MoE20-R5,core_05,copa,base,6641,7,8,other,3343,6686,8,all_8_ranks_SUM_after_task,ae9a5fe5f27d640f931830a12bec00ebabc723f71d3c2576a24bac1d25653955,0.436183111605409,0.03066108285970685,,measured_nonempty
MoE20-R5,core_05,copa,base,6641,9,10,total,3343,6686,8,all_8_ranks_SUM_after_task,ae9a5fe5f27d640f931830a12bec00ebabc723f71d3c2576a24bac1d25653955,0.2921125125718662,0.0676039485492073,,measured_nonempty
MoE20-R5,core_05,copa,base,6641,9,10,prefill,0,0,8,all_8_ranks_SUM_after_task,ae9a5fe5f27d640f931830a12bec00ebabc723f71d3c2576a24bac1d25653955,,,,no_positions_no_balance_evidence
MoE20-R5,core_05,copa,base,6641,9,10,decode,0,0,8,all_8_ranks_SUM_after_task,ae9a5fe5f27d640f931830a12bec00ebabc723f71d3c2576a24bac1d25653955,,,,no_positions_no_balance_evidence
MoE20-R5,core_05,copa,base,6641,9,10,other,3343,6686,8,all_8_ranks_SUM_after_task,ae9a5fe5f27d640f931830a12bec00ebabc723f71d3c2576a24bac1d25653955,0.2921125125718662,0.0676039485492073,,measured_nonempty
MoE20-R5,core_05,copa,base,6641,11,12,total,3343,6686,8,all_8_ranks_SUM_after_task,ae9a5fe5f27d640f931830a12bec00ebabc723f71d3c2576a24bac1d25653955,0.41001968552332324,0.06595871971283279,,measured_nonempty
MoE20-R5,core_05,copa,base,6641,11,12,prefill,0,0,8,all_8_ranks_SUM_after_task,ae9a5fe5f27d640f931830a12bec00ebabc723f71d3c2576a24bac1d25653955,,,,no_positions_no_balance_evidence
MoE20-R5,core_05,copa,base,6641,11,12,decode,0,0,8,all_8_ranks_SUM_after_task,ae9a5fe5f27d640f931830a12bec00ebabc723f71d3c2576a24bac1d25653955,,,,no_positions_no_balance_evidence
MoE20-R5,core_05,copa,base,6641,11,12,other,3343,6686,8,all_8_ranks_SUM_after_task,ae9a5fe5f27d640f931830a12bec00ebabc723f71d3c2576a24bac1d25653955,0.41001968552332324,0.06595871971283279,,measured_nonempty
MoE20-R5,core_05,copa,base,6641,13,14,total,3343,6686,8,all_8_ranks_SUM_after_task,ae9a5fe5f27d640f931830a12bec00ebabc723f71d3c2576a24bac1d25653955,0.2774929348700212,0.05982650314089141,,measured_nonempty
MoE20-R5,core_05,copa,base,6641,13,14,prefill,0,0,8,all_8_ranks_SUM_after_task,ae9a5fe5f27d640f931830a12bec00ebabc723f71d3c2576a24bac1d25653955,,,,no_positions_no_balance_evidence
MoE20-R5,core_05,copa,base,6641,13,14,decode,0,0,8,all_8_ranks_SUM_after_task,ae9a5fe5f27d640f931830a12bec00ebabc723f71d3c2576a24bac1d25653955,,,,no_positions_no_balance_evidence
MoE20-R5,core_05,copa,base,6641,13,14,other,3343,6686,8,all_8_ranks_SUM_after_task,ae9a5fe5f27d640f931830a12bec00ebabc723f71d3c2576a24bac1d25653955,0.2774929348700212,0.05982650314089141,,measured_nonempty
MoE20-R5,core_05,copa,base,6641,15,16,total,3343,6686,8,all_8_ranks_SUM_after_task,ae9a5fe5f27d640f931830a12bec00ebabc723f71d3c2576a24bac1d25653955,0.18892367593308912,0.08345797188154352,,measured_nonempty
MoE20-R5,core_05,copa,base,6641,15,16,prefill,0,0,8,all_8_ranks_SUM_after_task,ae9a5fe5f27d640f931830a12bec00ebabc723f71d3c2576a24bac1d25653955,,,,no_positions_no_balance_evidence
MoE20-R5,core_05,copa,base,6641,15,16,decode,0,0,8,all_8_ranks_SUM_after_task,ae9a5fe5f27d640f931830a12bec00ebabc723f71d3c2576a24bac1d25653955,,,,no_positions_no_balance_evidence
MoE20-R5,core_05,copa,base,6641,15,16,other,3343,6686,8,all_8_ranks_SUM_after_task,ae9a5fe5f27d640f931830a12bec00ebabc723f71d3c2576a24bac1d25653955,0.18892367593308912,0.08345797188154352,,measured_nonempty
MoE20-R5,core_05,copa,base,6641,17,18,total,3343,6686,8,all_8_ranks_SUM_after_task,ae9a5fe5f27d640f931830a12bec00ebabc723f71d3c2576a24bac1d25653955,0.4109004052482967,0.07298833383188752,,measured_nonempty
MoE20-R5,core_05,copa,base,6641,17,18,prefill,0,0,8,all_8_ranks_SUM_after_task,ae9a5fe5f27d640f931830a12bec00ebabc723f71d3c2576a24bac1d25653955,,,,no_positions_no_balance_evidence
MoE20-R5,core_05,copa,base,6641,17,18,decode,0,0,8,all_8_ranks_SUM_after_task,ae9a5fe5f27d640f931830a12bec00ebabc723f71d3c2576a24bac1d25653955,,,,no_positions_no_balance_evidence
MoE20-R5,core_05,copa,base,6641,17,18,other,3343,6686,8,all_8_ranks_SUM_after_task,ae9a5fe5f27d640f931830a12bec00ebabc723f71d3c2576a24bac1d25653955,0.4109004052482967,0.07298833383188752,,measured_nonempty
MoE20-R5,core_05,copa,base,6641,19,20,total,3343,6686,8,all_8_ranks_SUM_after_task,ae9a5fe5f27d640f931830a12bec00ebabc723f71d3c2576a24bac1d25653955,0.561375306450675,0.02542626383487885,,measured_nonempty
MoE20-R5,core_05,copa,base,6641,19,20,prefill,0,0,8,all_8_ranks_SUM_after_task,ae9a5fe5f27d640f931830a12bec00ebabc723f71d3c2576a24bac1d25653955,,,,no_positions_no_balance_evidence
MoE20-R5,core_05,copa,base,6641,19,20,decode,0,0,8,all_8_ranks_SUM_after_task,ae9a5fe5f27d640f931830a12bec00ebabc723f71d3c2576a24bac1d25653955,,,,no_positions_no_balance_evidence
MoE20-R5,core_05,copa,base,6641,19,20,other,3343,6686,8,all_8_ranks_SUM_after_task,ae9a5fe5f27d640f931830a12bec00ebabc723f71d3c2576a24bac1d25653955,0.561375306450675,0.02542626383487885,,measured_nonempty
MoE20-R5,core_06,commonsense_qa,base,6641,1,2,total,2332040,4664080,8,all_8_ranks_SUM_after_task,bc92284ebfdb8187a97808bee6a19c2dfc019e34380695baecf829ed560f992f,0.5827383244707246,0.051365542615049484,,measured_nonempty
MoE20-R5,core_06,commonsense_qa,base,6641,1,2,prefill,0,0,8,all_8_ranks_SUM_after_task,bc92284ebfdb8187a97808bee6a19c2dfc019e34380695baecf829ed560f992f,,,,no_positions_no_balance_evidence
MoE20-R5,core_06,commonsense_qa,base,6641,1,2,decode,0,0,8,all_8_ranks_SUM_after_task,bc92284ebfdb8187a97808bee6a19c2dfc019e34380695baecf829ed560f992f,,,,no_positions_no_balance_evidence
MoE20-R5,core_06,commonsense_qa,base,6641,1,2,other,2332040,4664080,8,all_8_ranks_SUM_after_task,bc92284ebfdb8187a97808bee6a19c2dfc019e34380695baecf829ed560f992f,0.5827383244707246,0.051365542615049484,,measured_nonempty
MoE20-R5,core_06,commonsense_qa,base,6641,3,4,total,2332040,4664080,8,all_8_ranks_SUM_after_task,bc92284ebfdb8187a97808bee6a19c2dfc019e34380695baecf829ed560f992f,0.49660119767696737,0.06551517126635907,,measured_nonempty
MoE20-R5,core_06,commonsense_qa,base,6641,3,4,prefill,0,0,8,all_8_ranks_SUM_after_task,bc92284ebfdb8187a97808bee6a19c2dfc019e34380695baecf829ed560f992f,,,,no_positions_no_balance_evidence
MoE20-R5,core_06,commonsense_qa,base,6641,3,4,decode,0,0,8,all_8_ranks_SUM_after_task,bc92284ebfdb8187a97808bee6a19c2dfc019e34380695baecf829ed560f992f,,,,no_positions_no_balance_evidence
MoE20-R5,core_06,commonsense_qa,base,6641,3,4,other,2332040,4664080,8,all_8_ranks_SUM_after_task,bc92284ebfdb8187a97808bee6a19c2dfc019e34380695baecf829ed560f992f,0.49660119767696737,0.06551517126635907,,measured_nonempty
MoE20-R5,core_06,commonsense_qa,base,6641,5,6,total,2332040,4664080,8,all_8_ranks_SUM_after_task,bc92284ebfdb8187a97808bee6a19c2dfc019e34380695baecf829ed560f992f,0.727291486909659,0.0376983242139929,,measured_nonempty
MoE20-R5,core_06,commonsense_qa,base,6641,5,6,prefill,0,0,8,all_8_ranks_SUM_after_task,bc92284ebfdb8187a97808bee6a19c2dfc019e34380695baecf829ed560f992f,,,,no_positions_no_balance_evidence
MoE20-R5,core_06,commonsense_qa,base,6641,5,6,decode,0,0,8,all_8_ranks_SUM_after_task,bc92284ebfdb8187a97808bee6a19c2dfc019e34380695baecf829ed560f992f,,,,no_positions_no_balance_evidence
MoE20-R5,core_06,commonsense_qa,base,6641,5,6,other,2332040,4664080,8,all_8_ranks_SUM_after_task,bc92284ebfdb8187a97808bee6a19c2dfc019e34380695baecf829ed560f992f,0.727291486909659,0.0376983242139929,,measured_nonempty
MoE20-R5,core_06,commonsense_qa,base,6641,7,8,total,2332040,4664080,8,all_8_ranks_SUM_after_task,bc92284ebfdb8187a97808bee6a19c2dfc019e34380695baecf829ed560f992f,0.26984777799133963,0.07962127579286804,,measured_nonempty
MoE20-R5,core_06,commonsense_qa,base,6641,7,8,prefill,0,0,8,all_8_ranks_SUM_after_task,bc92284ebfdb8187a97808bee6a19c2dfc019e34380695baecf829ed560f992f,,,,no_positions_no_balance_evidence
MoE20-R5,core_06,commonsense_qa,base,6641,7,8,decode,0,0,8,all_8_ranks_SUM_after_task,bc92284ebfdb8187a97808bee6a19c2dfc019e34380695baecf829ed560f992f,,,,no_positions_no_balance_evidence
MoE20-R5,core_06,commonsense_qa,base,6641,7,8,other,2332040,4664080,8,all_8_ranks_SUM_after_task,bc92284ebfdb8187a97808bee6a19c2dfc019e34380695baecf829ed560f992f,0.26984777799133963,0.07962127579286804,,measured_nonempty
MoE20-R5,core_06,commonsense_qa,base,6641,9,10,total,2332040,4664080,8,all_8_ranks_SUM_after_task,bc92284ebfdb8187a97808bee6a19c2dfc019e34380695baecf829ed560f992f,0.5525748643977234,0.04667587176892335,,measured_nonempty
MoE20-R5,core_06,commonsense_qa,base,6641,9,10,prefill,0,0,8,all_8_ranks_SUM_after_task,bc92284ebfdb8187a97808bee6a19c2dfc019e34380695baecf829ed560f992f,,,,no_positions_no_balance_evidence
MoE20-R5,core_06,commonsense_qa,base,6641,9,10,decode,0,0,8,all_8_ranks_SUM_after_task,bc92284ebfdb8187a97808bee6a19c2dfc019e34380695baecf829ed560f992f,,,,no_positions_no_balance_evidence
MoE20-R5,core_06,commonsense_qa,base,6641,9,10,other,2332040,4664080,8,all_8_ranks_SUM_after_task,bc92284ebfdb8187a97808bee6a19c2dfc019e34380695baecf829ed560f992f,0.5525748643977234,0.04667587176892335,,measured_nonempty
MoE20-R5,core_06,commonsense_qa,base,6641,11,12,total,2332040,4664080,8,all_8_ranks_SUM_after_task,bc92284ebfdb8187a97808bee6a19c2dfc019e34380695baecf829ed560f992f,0.3891482839305816,0.06132227577571568,,measured_nonempty
MoE20-R5,core_06,commonsense_qa,base,6641,11,12,prefill,0,0,8,all_8_ranks_SUM_after_task,bc92284ebfdb8187a97808bee6a19c2dfc019e34380695baecf829ed560f992f,,,,no_positions_no_balance_evidence
MoE20-R5,core_06,commonsense_qa,base,6641,11,12,decode,0,0,8,all_8_ranks_SUM_after_task,bc92284ebfdb8187a97808bee6a19c2dfc019e34380695baecf829ed560f992f,,,,no_positions_no_balance_evidence
MoE20-R5,core_06,commonsense_qa,base,6641,11,12,other,2332040,4664080,8,all_8_ranks_SUM_after_task,bc92284ebfdb8187a97808bee6a19c2dfc019e34380695baecf829ed560f992f,0.3891482839305816,0.06132227577571568,,measured_nonempty
MoE20-R5,core_06,commonsense_qa,base,6641,13,14,total,2332040,4664080,8,all_8_ranks_SUM_after_task,bc92284ebfdb8187a97808bee6a19c2dfc019e34380695baecf829ed560f992f,0.48147322421890715,0.07617622339239465,,measured_nonempty
MoE20-R5,core_06,commonsense_qa,base,6641,13,14,prefill,0,0,8,all_8_ranks_SUM_after_task,bc92284ebfdb8187a97808bee6a19c2dfc019e34380695baecf829ed560f992f,,,,no_positions_no_balance_evidence
MoE20-R5,core_06,commonsense_qa,base,6641,13,14,decode,0,0,8,all_8_ranks_SUM_after_task,bc92284ebfdb8187a97808bee6a19c2dfc019e34380695baecf829ed560f992f,,,,no_positions_no_balance_evidence
MoE20-R5,core_06,commonsense_qa,base,6641,13,14,other,2332040,4664080,8,all_8_ranks_SUM_after_task,bc92284ebfdb8187a97808bee6a19c2dfc019e34380695baecf829ed560f992f,0.48147322421890715,0.07617622339239465,,measured_nonempty
MoE20-R5,core_06,commonsense_qa,base,6641,15,16,total,2332040,4664080,8,all_8_ranks_SUM_after_task,bc92284ebfdb8187a97808bee6a19c2dfc019e34380695baecf829ed560f992f,0.44023824661077426,0.06890533610058147,,measured_nonempty
MoE20-R5,core_06,commonsense_qa,base,6641,15,16,prefill,0,0,8,all_8_ranks_SUM_after_task,bc92284ebfdb8187a97808bee6a19c2dfc019e34380695baecf829ed560f992f,,,,no_positions_no_balance_evidence
MoE20-R5,core_06,commonsense_qa,base,6641,15,16,decode,0,0,8,all_8_ranks_SUM_after_task,bc92284ebfdb8187a97808bee6a19c2dfc019e34380695baecf829ed560f992f,,,,no_positions_no_balance_evidence
MoE20-R5,core_06,commonsense_qa,base,6641,15,16,other,2332040,4664080,8,all_8_ranks_SUM_after_task,bc92284ebfdb8187a97808bee6a19c2dfc019e34380695baecf829ed560f992f,0.44023824661077426,0.06890533610058147,,measured_nonempty
MoE20-R5,core_06,commonsense_qa,base,6641,17,18,total,2332040,4664080,8,all_8_ranks_SUM_after_task,bc92284ebfdb8187a97808bee6a19c2dfc019e34380695baecf829ed560f992f,0.48097542295260526,0.06391142518996244,,measured_nonempty
MoE20-R5,core_06,commonsense_qa,base,6641,17,18,prefill,0,0,8,all_8_ranks_SUM_after_task,bc92284ebfdb8187a97808bee6a19c2dfc019e34380695baecf829ed560f992f,,,,no_positions_no_balance_evidence
MoE20-R5,core_06,commonsense_qa,base,6641,17,18,decode,0,0,8,all_8_ranks_SUM_after_task,bc92284ebfdb8187a97808bee6a19c2dfc019e34380695baecf829ed560f992f,,,,no_positions_no_balance_evidence
MoE20-R5,core_06,commonsense_qa,base,6641,17,18,other,2332040,4664080,8,all_8_ranks_SUM_after_task,bc92284ebfdb8187a97808bee6a19c2dfc019e34380695baecf829ed560f992f,0.48097542295260526,0.06391142518996244,,measured_nonempty
MoE20-R5,core_06,commonsense_qa,base,6641,19,20,total,2332040,4664080,8,all_8_ranks_SUM_after_task,bc92284ebfdb8187a97808bee6a19c2dfc019e34380695baecf829ed560f992f,0.4027303456394572,0.059453525668513404,,measured_nonempty
MoE20-R5,core_06,commonsense_qa,base,6641,19,20,prefill,0,0,8,all_8_ranks_SUM_after_task,bc92284ebfdb8187a97808bee6a19c2dfc019e34380695baecf829ed560f992f,,,,no_positions_no_balance_evidence
MoE20-R5,core_06,commonsense_qa,base,6641,19,20,decode,0,0,8,all_8_ranks_SUM_after_task,bc92284ebfdb8187a97808bee6a19c2dfc019e34380695baecf829ed560f992f,,,,no_positions_no_balance_evidence
MoE20-R5,core_06,commonsense_qa,base,6641,19,20,other,2332040,4664080,8,all_8_ranks_SUM_after_task,bc92284ebfdb8187a97808bee6a19c2dfc019e34380695baecf829ed560f992f,0.4027303456394572,0.059453525668513404,,measured_nonempty
MoE20-R5,core_07,piqa,base,6641,1,2,total,1439181,2878362,8,all_8_ranks_SUM_after_task,666b846b1ee3911976a1c07322d787d970086a11a7f02a48964112a4cf2ed927,0.12712796357496717,0.10230888262143538,,measured_nonempty
MoE20-R5,core_07,piqa,base,6641,1,2,prefill,0,0,8,all_8_ranks_SUM_after_task,666b846b1ee3911976a1c07322d787d970086a11a7f02a48964112a4cf2ed927,,,,no_positions_no_balance_evidence
MoE20-R5,core_07,piqa,base,6641,1,2,decode,0,0,8,all_8_ranks_SUM_after_task,666b846b1ee3911976a1c07322d787d970086a11a7f02a48964112a4cf2ed927,,,,no_positions_no_balance_evidence
MoE20-R5,core_07,piqa,base,6641,1,2,other,1439181,2878362,8,all_8_ranks_SUM_after_task,666b846b1ee3911976a1c07322d787d970086a11a7f02a48964112a4cf2ed927,0.12712796357496717,0.10230888262143538,,measured_nonempty
MoE20-R5,core_07,piqa,base,6641,3,4,total,1439181,2878362,8,all_8_ranks_SUM_after_task,666b846b1ee3911976a1c07322d787d970086a11a7f02a48964112a4cf2ed927,0.24490281222214566,0.06850354472439533,,measured_nonempty
MoE20-R5,core_07,piqa,base,6641,3,4,prefill,0,0,8,all_8_ranks_SUM_after_task,666b846b1ee3911976a1c07322d787d970086a11a7f02a48964112a4cf2ed927,,,,no_positions_no_balance_evidence
MoE20-R5,core_07,piqa,base,6641,3,4,decode,0,0,8,all_8_ranks_SUM_after_task,666b846b1ee3911976a1c07322d787d970086a11a7f02a48964112a4cf2ed927,,,,no_positions_no_balance_evidence
MoE20-R5,core_07,piqa,base,6641,3,4,other,1439181,2878362,8,all_8_ranks_SUM_after_task,666b846b1ee3911976a1c07322d787d970086a11a7f02a48964112a4cf2ed927,0.24490281222214566,0.06850354472439533,,measured_nonempty
MoE20-R5,core_07,piqa,base,6641,5,6,total,1439181,2878362,8,all_8_ranks_SUM_after_task,666b846b1ee3911976a1c07322d787d970086a11a7f02a48964112a4cf2ed927,0.34924389724865357,0.07786894073782241,,measured_nonempty
MoE20-R5,core_07,piqa,base,6641,5,6,prefill,0,0,8,all_8_ranks_SUM_after_task,666b846b1ee3911976a1c07322d787d970086a11a7f02a48964112a4cf2ed927,,,,no_positions_no_balance_evidence
MoE20-R5,core_07,piqa,base,6641,5,6,decode,0,0,8,all_8_ranks_SUM_after_task,666b846b1ee3911976a1c07322d787d970086a11a7f02a48964112a4cf2ed927,,,,no_positions_no_balance_evidence
MoE20-R5,core_07,piqa,base,6641,5,6,other,1439181,2878362,8,all_8_ranks_SUM_after_task,666b846b1ee3911976a1c07322d787d970086a11a7f02a48964112a4cf2ed927,0.34924389724865357,0.07786894073782241,,measured_nonempty
MoE20-R5,core_07,piqa,base,6641,7,8,total,1439181,2878362,8,all_8_ranks_SUM_after_task,666b846b1ee3911976a1c07322d787d970086a11a7f02a48964112a4cf2ed927,0.2444498085100889,0.07549814790495428,,measured_nonempty
MoE20-R5,core_07,piqa,base,6641,7,8,prefill,0,0,8,all_8_ranks_SUM_after_task,666b846b1ee3911976a1c07322d787d970086a11a7f02a48964112a4cf2ed927,,,,no_positions_no_balance_evidence
MoE20-R5,core_07,piqa,base,6641,7,8,decode,0,0,8,all_8_ranks_SUM_after_task,666b846b1ee3911976a1c07322d787d970086a11a7f02a48964112a4cf2ed927,,,,no_positions_no_balance_evidence
MoE20-R5,core_07,piqa,base,6641,7,8,other,1439181,2878362,8,all_8_ranks_SUM_after_task,666b846b1ee3911976a1c07322d787d970086a11a7f02a48964112a4cf2ed927,0.2444498085100889,0.07549814790495428,,measured_nonempty
MoE20-R5,core_07,piqa,base,6641,9,10,total,1439181,2878362,8,all_8_ranks_SUM_after_task,666b846b1ee3911976a1c07322d787d970086a11a7f02a48964112a4cf2ed927,0.2543709766124726,0.07531714218017052,,measured_nonempty
MoE20-R5,core_07,piqa,base,6641,9,10,prefill,0,0,8,all_8_ranks_SUM_after_task,666b846b1ee3911976a1c07322d787d970086a11a7f02a48964112a4cf2ed927,,,,no_positions_no_balance_evidence
MoE20-R5,core_07,piqa,base,6641,9,10,decode,0,0,8,all_8_ranks_SUM_after_task,666b846b1ee3911976a1c07322d787d970086a11a7f02a48964112a4cf2ed927,,,,no_positions_no_balance_evidence
MoE20-R5,core_07,piqa,base,6641,9,10,other,1439181,2878362,8,all_8_ranks_SUM_after_task,666b846b1ee3911976a1c07322d787d970086a11a7f02a48964112a4cf2ed927,0.2543709766124726,0.07531714218017052,,measured_nonempty
MoE20-R5,core_07,piqa,base,6641,11,12,total,1439181,2878362,8,all_8_ranks_SUM_after_task,666b846b1ee3911976a1c07322d787d970086a11a7f02a48964112a4cf2ed927,0.3036804154532876,0.069554142251739,,measured_nonempty
MoE20-R5,core_07,piqa,base,6641,11,12,prefill,0,0,8,all_8_ranks_SUM_after_task,666b846b1ee3911976a1c07322d787d970086a11a7f02a48964112a4cf2ed927,,,,no_positions_no_balance_evidence
MoE20-R5,core_07,piqa,base,6641,11,12,decode,0,0,8,all_8_ranks_SUM_after_task,666b846b1ee3911976a1c07322d787d970086a11a7f02a48964112a4cf2ed927,,,,no_positions_no_balance_evidence
MoE20-R5,core_07,piqa,base,6641,11,12,other,1439181,2878362,8,all_8_ranks_SUM_after_task,666b846b1ee3911976a1c07322d787d970086a11a7f02a48964112a4cf2ed927,0.3036804154532876,0.069554142251739,,measured_nonempty
MoE20-R5,core_07,piqa,base,6641,13,14,total,1439181,2878362,8,all_8_ranks_SUM_after_task,666b846b1ee3911976a1c07322d787d970086a11a7f02a48964112a4cf2ed927,0.1546940855042159,0.08871504001234035,,measured_nonempty
MoE20-R5,core_07,piqa,base,6641,13,14,prefill,0,0,8,all_8_ranks_SUM_after_task,666b846b1ee3911976a1c07322d787d970086a11a7f02a48964112a4cf2ed927,,,,no_positions_no_balance_evidence
MoE20-R5,core_07,piqa,base,6641,13,14,decode,0,0,8,all_8_ranks_SUM_after_task,666b846b1ee3911976a1c07322d787d970086a11a7f02a48964112a4cf2ed927,,,,no_positions_no_balance_evidence
MoE20-R5,core_07,piqa,base,6641,13,14,other,1439181,2878362,8,all_8_ranks_SUM_after_task,666b846b1ee3911976a1c07322d787d970086a11a7f02a48964112a4cf2ed927,0.1546940855042159,0.08871504001234035,,measured_nonempty
MoE20-R5,core_07,piqa,base,6641,15,16,total,1439181,2878362,8,all_8_ranks_SUM_after_task,666b846b1ee3911976a1c07322d787d970086a11a7f02a48964112a4cf2ed927,0.21472994009549531,0.07589385907679437,,measured_nonempty
MoE20-R5,core_07,piqa,base,6641,15,16,prefill,0,0,8,all_8_ranks_SUM_after_task,666b846b1ee3911976a1c07322d787d970086a11a7f02a48964112a4cf2ed927,,,,no_positions_no_balance_evidence
MoE20-R5,core_07,piqa,base,6641,15,16,decode,0,0,8,all_8_ranks_SUM_after_task,666b846b1ee3911976a1c07322d787d970086a11a7f02a48964112a4cf2ed927,,,,no_positions_no_balance_evidence
MoE20-R5,core_07,piqa,base,6641,15,16,other,1439181,2878362,8,all_8_ranks_SUM_after_task,666b846b1ee3911976a1c07322d787d970086a11a7f02a48964112a4cf2ed927,0.21472994009549531,0.07589385907679437,,measured_nonempty
MoE20-R5,core_07,piqa,base,6641,17,18,total,1439181,2878362,8,all_8_ranks_SUM_after_task,666b846b1ee3911976a1c07322d787d970086a11a7f02a48964112a4cf2ed927,0.8277905492844085,0.038448603754496484,,measured_nonempty
MoE20-R5,core_07,piqa,base,6641,17,18,prefill,0,0,8,all_8_ranks_SUM_after_task,666b846b1ee3911976a1c07322d787d970086a11a7f02a48964112a4cf2ed927,,,,no_positions_no_balance_evidence
MoE20-R5,core_07,piqa,base,6641,17,18,decode,0,0,8,all_8_ranks_SUM_after_task,666b846b1ee3911976a1c07322d787d970086a11a7f02a48964112a4cf2ed927,,,,no_positions_no_balance_evidence
MoE20-R5,core_07,piqa,base,6641,17,18,other,1439181,2878362,8,all_8_ranks_SUM_after_task,666b846b1ee3911976a1c07322d787d970086a11a7f02a48964112a4cf2ed927,0.8277905492844085,0.038448603754496484,,measured_nonempty
MoE20-R5,core_07,piqa,base,6641,19,20,total,1439181,2878362,8,all_8_ranks_SUM_after_task,666b846b1ee3911976a1c07322d787d970086a11a7f02a48964112a4cf2ed927,0.41071014025914326,0.04170462228170049,,measured_nonempty
MoE20-R5,core_07,piqa,base,6641,19,20,prefill,0,0,8,all_8_ranks_SUM_after_task,666b846b1ee3911976a1c07322d787d970086a11a7f02a48964112a4cf2ed927,,,,no_positions_no_balance_evidence
MoE20-R5,core_07,piqa,base,6641,19,20,decode,0,0,8,all_8_ranks_SUM_after_task,666b846b1ee3911976a1c07322d787d970086a11a7f02a48964112a4cf2ed927,,,,no_positions_no_balance_evidence
MoE20-R5,core_07,piqa,base,6641,19,20,other,1439181,2878362,8,all_8_ranks_SUM_after_task,666b846b1ee3911976a1c07322d787d970086a11a7f02a48964112a4cf2ed927,0.41071014025914326,0.04170462228170049,,measured_nonempty
MoE20-R5,core_08,openbook_qa,base,6641,1,2,total,32023,64046,8,all_8_ranks_SUM_after_task,a59d96d68a0a3dfdda0da7f013bd9d156e9958606ef15614f7be901b33db3bdf,0.2924270438187156,0.07750679199325484,,measured_nonempty
MoE20-R5,core_08,openbook_qa,base,6641,1,2,prefill,0,0,8,all_8_ranks_SUM_after_task,a59d96d68a0a3dfdda0da7f013bd9d156e9958606ef15614f7be901b33db3bdf,,,,no_positions_no_balance_evidence
MoE20-R5,core_08,openbook_qa,base,6641,1,2,decode,0,0,8,all_8_ranks_SUM_after_task,a59d96d68a0a3dfdda0da7f013bd9d156e9958606ef15614f7be901b33db3bdf,,,,no_positions_no_balance_evidence
MoE20-R5,core_08,openbook_qa,base,6641,1,2,other,32023,64046,8,all_8_ranks_SUM_after_task,a59d96d68a0a3dfdda0da7f013bd9d156e9958606ef15614f7be901b33db3bdf,0.2924270438187156,0.07750679199325484,,measured_nonempty
MoE20-R5,core_08,openbook_qa,base,6641,3,4,total,32023,64046,8,all_8_ranks_SUM_after_task,a59d96d68a0a3dfdda0da7f013bd9d156e9958606ef15614f7be901b33db3bdf,0.32167756523322466,0.07302563782281485,,measured_nonempty
MoE20-R5,core_08,openbook_qa,base,6641,3,4,prefill,0,0,8,all_8_ranks_SUM_after_task,a59d96d68a0a3dfdda0da7f013bd9d156e9958606ef15614f7be901b33db3bdf,,,,no_positions_no_balance_evidence
MoE20-R5,core_08,openbook_qa,base,6641,3,4,decode,0,0,8,all_8_ranks_SUM_after_task,a59d96d68a0a3dfdda0da7f013bd9d156e9958606ef15614f7be901b33db3bdf,,,,no_positions_no_balance_evidence
MoE20-R5,core_08,openbook_qa,base,6641,3,4,other,32023,64046,8,all_8_ranks_SUM_after_task,a59d96d68a0a3dfdda0da7f013bd9d156e9958606ef15614f7be901b33db3bdf,0.32167756523322466,0.07302563782281485,,measured_nonempty
MoE20-R5,core_08,openbook_qa,base,6641,5,6,total,32023,64046,8,all_8_ranks_SUM_after_task,a59d96d68a0a3dfdda0da7f013bd9d156e9958606ef15614f7be901b33db3bdf,0.17878263528536736,0.08671892077569247,,measured_nonempty
MoE20-R5,core_08,openbook_qa,base,6641,5,6,prefill,0,0,8,all_8_ranks_SUM_after_task,a59d96d68a0a3dfdda0da7f013bd9d156e9958606ef15614f7be901b33db3bdf,,,,no_positions_no_balance_evidence
MoE20-R5,core_08,openbook_qa,base,6641,5,6,decode,0,0,8,all_8_ranks_SUM_after_task,a59d96d68a0a3dfdda0da7f013bd9d156e9958606ef15614f7be901b33db3bdf,,,,no_positions_no_balance_evidence
MoE20-R5,core_08,openbook_qa,base,6641,5,6,other,32023,64046,8,all_8_ranks_SUM_after_task,a59d96d68a0a3dfdda0da7f013bd9d156e9958606ef15614f7be901b33db3bdf,0.17878263528536736,0.08671892077569247,,measured_nonempty
MoE20-R5,core_08,openbook_qa,base,6641,7,8,total,32023,64046,8,all_8_ranks_SUM_after_task,a59d96d68a0a3dfdda0da7f013bd9d156e9958606ef15614f7be901b33db3bdf,0.3170508058255833,0.05521031758423633,,measured_nonempty
MoE20-R5,core_08,openbook_qa,base,6641,7,8,prefill,0,0,8,all_8_ranks_SUM_after_task,a59d96d68a0a3dfdda0da7f013bd9d156e9958606ef15614f7be901b33db3bdf,,,,no_positions_no_balance_evidence
MoE20-R5,core_08,openbook_qa,base,6641,7,8,decode,0,0,8,all_8_ranks_SUM_after_task,a59d96d68a0a3dfdda0da7f013bd9d156e9958606ef15614f7be901b33db3bdf,,,,no_positions_no_balance_evidence
MoE20-R5,core_08,openbook_qa,base,6641,7,8,other,32023,64046,8,all_8_ranks_SUM_after_task,a59d96d68a0a3dfdda0da7f013bd9d156e9958606ef15614f7be901b33db3bdf,0.3170508058255833,0.05521031758423633,,measured_nonempty
MoE20-R5,core_08,openbook_qa,base,6641,9,10,total,32023,64046,8,all_8_ranks_SUM_after_task,a59d96d68a0a3dfdda0da7f013bd9d156e9958606ef15614f7be901b33db3bdf,0.19303396282000473,0.09474440246073135,,measured_nonempty
MoE20-R5,core_08,openbook_qa,base,6641,9,10,prefill,0,0,8,all_8_ranks_SUM_after_task,a59d96d68a0a3dfdda0da7f013bd9d156e9958606ef15614f7be901b33db3bdf,,,,no_positions_no_balance_evidence
MoE20-R5,core_08,openbook_qa,base,6641,9,10,decode,0,0,8,all_8_ranks_SUM_after_task,a59d96d68a0a3dfdda0da7f013bd9d156e9958606ef15614f7be901b33db3bdf,,,,no_positions_no_balance_evidence
MoE20-R5,core_08,openbook_qa,base,6641,9,10,other,32023,64046,8,all_8_ranks_SUM_after_task,a59d96d68a0a3dfdda0da7f013bd9d156e9958606ef15614f7be901b33db3bdf,0.19303396282000473,0.09474440246073135,,measured_nonempty
MoE20-R5,core_08,openbook_qa,base,6641,11,12,total,32023,64046,8,all_8_ranks_SUM_after_task,a59d96d68a0a3dfdda0da7f013bd9d156e9958606ef15614f7be901b33db3bdf,0.18647156688834132,0.09401055491365581,,measured_nonempty
MoE20-R5,core_08,openbook_qa,base,6641,11,12,prefill,0,0,8,all_8_ranks_SUM_after_task,a59d96d68a0a3dfdda0da7f013bd9d156e9958606ef15614f7be901b33db3bdf,,,,no_positions_no_balance_evidence
MoE20-R5,core_08,openbook_qa,base,6641,11,12,decode,0,0,8,all_8_ranks_SUM_after_task,a59d96d68a0a3dfdda0da7f013bd9d156e9958606ef15614f7be901b33db3bdf,,,,no_positions_no_balance_evidence
MoE20-R5,core_08,openbook_qa,base,6641,11,12,other,32023,64046,8,all_8_ranks_SUM_after_task,a59d96d68a0a3dfdda0da7f013bd9d156e9958606ef15614f7be901b33db3bdf,0.18647156688834132,0.09401055491365581,,measured_nonempty
MoE20-R5,core_08,openbook_qa,base,6641,13,14,total,32023,64046,8,all_8_ranks_SUM_after_task,a59d96d68a0a3dfdda0da7f013bd9d156e9958606ef15614f7be901b33db3bdf,0.21866288510348683,0.06813852543484371,,measured_nonempty
MoE20-R5,core_08,openbook_qa,base,6641,13,14,prefill,0,0,8,all_8_ranks_SUM_after_task,a59d96d68a0a3dfdda0da7f013bd9d156e9958606ef15614f7be901b33db3bdf,,,,no_positions_no_balance_evidence
MoE20-R5,core_08,openbook_qa,base,6641,13,14,decode,0,0,8,all_8_ranks_SUM_after_task,a59d96d68a0a3dfdda0da7f013bd9d156e9958606ef15614f7be901b33db3bdf,,,,no_positions_no_balance_evidence
MoE20-R5,core_08,openbook_qa,base,6641,13,14,other,32023,64046,8,all_8_ranks_SUM_after_task,a59d96d68a0a3dfdda0da7f013bd9d156e9958606ef15614f7be901b33db3bdf,0.21866288510348683,0.06813852543484371,,measured_nonempty
MoE20-R5,core_08,openbook_qa,base,6641,15,16,total,32023,64046,8,all_8_ranks_SUM_after_task,a59d96d68a0a3dfdda0da7f013bd9d156e9958606ef15614f7be901b33db3bdf,0.20757445932738938,0.08425194391531086,,measured_nonempty
MoE20-R5,core_08,openbook_qa,base,6641,15,16,prefill,0,0,8,all_8_ranks_SUM_after_task,a59d96d68a0a3dfdda0da7f013bd9d156e9958606ef15614f7be901b33db3bdf,,,,no_positions_no_balance_evidence
MoE20-R5,core_08,openbook_qa,base,6641,15,16,decode,0,0,8,all_8_ranks_SUM_after_task,a59d96d68a0a3dfdda0da7f013bd9d156e9958606ef15614f7be901b33db3bdf,,,,no_positions_no_balance_evidence
MoE20-R5,core_08,openbook_qa,base,6641,15,16,other,32023,64046,8,all_8_ranks_SUM_after_task,a59d96d68a0a3dfdda0da7f013bd9d156e9958606ef15614f7be901b33db3bdf,0.20757445932738938,0.08425194391531086,,measured_nonempty
MoE20-R5,core_08,openbook_qa,base,6641,17,18,total,32023,64046,8,all_8_ranks_SUM_after_task,a59d96d68a0a3dfdda0da7f013bd9d156e9958606ef15614f7be901b33db3bdf,0.37634501048153,0.08075445773350405,,measured_nonempty
MoE20-R5,core_08,openbook_qa,base,6641,17,18,prefill,0,0,8,all_8_ranks_SUM_after_task,a59d96d68a0a3dfdda0da7f013bd9d156e9958606ef15614f7be901b33db3bdf,,,,no_positions_no_balance_evidence
MoE20-R5,core_08,openbook_qa,base,6641,17,18,decode,0,0,8,all_8_ranks_SUM_after_task,a59d96d68a0a3dfdda0da7f013bd9d156e9958606ef15614f7be901b33db3bdf,,,,no_positions_no_balance_evidence
MoE20-R5,core_08,openbook_qa,base,6641,17,18,other,32023,64046,8,all_8_ranks_SUM_after_task,a59d96d68a0a3dfdda0da7f013bd9d156e9958606ef15614f7be901b33db3bdf,0.37634501048153,0.08075445773350405,,measured_nonempty
MoE20-R5,core_08,openbook_qa,base,6641,19,20,total,32023,64046,8,all_8_ranks_SUM_after_task,a59d96d68a0a3dfdda0da7f013bd9d156e9958606ef15614f7be901b33db3bdf,0.393269097208243,0.05455453892514755,,measured_nonempty
MoE20-R5,core_08,openbook_qa,base,6641,19,20,prefill,0,0,8,all_8_ranks_SUM_after_task,a59d96d68a0a3dfdda0da7f013bd9d156e9958606ef15614f7be901b33db3bdf,,,,no_positions_no_balance_evidence
MoE20-R5,core_08,openbook_qa,base,6641,19,20,decode,0,0,8,all_8_ranks_SUM_after_task,a59d96d68a0a3dfdda0da7f013bd9d156e9958606ef15614f7be901b33db3bdf,,,,no_positions_no_balance_evidence
MoE20-R5,core_08,openbook_qa,base,6641,19,20,other,32023,64046,8,all_8_ranks_SUM_after_task,a59d96d68a0a3dfdda0da7f013bd9d156e9958606ef15614f7be901b33db3bdf,0.393269097208243,0.05455453892514755,,measured_nonempty
MoE20-R5,core_09,lambada_openai,base,6641,1,2,total,416581,833162,8,all_8_ranks_SUM_after_task,744d0ab0f11d257705f135dfec4c345ba9bdb5f2b941e7dca0aae46823436d1a,0.2747273079070565,0.08562320413076929,,measured_nonempty
MoE20-R5,core_09,lambada_openai,base,6641,1,2,prefill,0,0,8,all_8_ranks_SUM_after_task,744d0ab0f11d257705f135dfec4c345ba9bdb5f2b941e7dca0aae46823436d1a,,,,no_positions_no_balance_evidence
MoE20-R5,core_09,lambada_openai,base,6641,1,2,decode,0,0,8,all_8_ranks_SUM_after_task,744d0ab0f11d257705f135dfec4c345ba9bdb5f2b941e7dca0aae46823436d1a,,,,no_positions_no_balance_evidence
MoE20-R5,core_09,lambada_openai,base,6641,1,2,other,416581,833162,8,all_8_ranks_SUM_after_task,744d0ab0f11d257705f135dfec4c345ba9bdb5f2b941e7dca0aae46823436d1a,0.2747273079070565,0.08562320413076929,,measured_nonempty
MoE20-R5,core_09,lambada_openai,base,6641,3,4,total,416581,833162,8,all_8_ranks_SUM_after_task,744d0ab0f11d257705f135dfec4c345ba9bdb5f2b941e7dca0aae46823436d1a,0.25550192893539764,0.0511173097188782,,measured_nonempty
MoE20-R5,core_09,lambada_openai,base,6641,3,4,prefill,0,0,8,all_8_ranks_SUM_after_task,744d0ab0f11d257705f135dfec4c345ba9bdb5f2b941e7dca0aae46823436d1a,,,,no_positions_no_balance_evidence
MoE20-R5,core_09,lambada_openai,base,6641,3,4,decode,0,0,8,all_8_ranks_SUM_after_task,744d0ab0f11d257705f135dfec4c345ba9bdb5f2b941e7dca0aae46823436d1a,,,,no_positions_no_balance_evidence
MoE20-R5,core_09,lambada_openai,base,6641,3,4,other,416581,833162,8,all_8_ranks_SUM_after_task,744d0ab0f11d257705f135dfec4c345ba9bdb5f2b941e7dca0aae46823436d1a,0.25550192893539764,0.0511173097188782,,measured_nonempty
MoE20-R5,core_09,lambada_openai,base,6641,5,6,total,416581,833162,8,all_8_ranks_SUM_after_task,744d0ab0f11d257705f135dfec4c345ba9bdb5f2b941e7dca0aae46823436d1a,0.36825759340570813,0.07854294843019725,,measured_nonempty
MoE20-R5,core_09,lambada_openai,base,6641,5,6,prefill,0,0,8,all_8_ranks_SUM_after_task,744d0ab0f11d257705f135dfec4c345ba9bdb5f2b941e7dca0aae46823436d1a,,,,no_positions_no_balance_evidence
MoE20-R5,core_09,lambada_openai,base,6641,5,6,decode,0,0,8,all_8_ranks_SUM_after_task,744d0ab0f11d257705f135dfec4c345ba9bdb5f2b941e7dca0aae46823436d1a,,,,no_positions_no_balance_evidence
MoE20-R5,core_09,lambada_openai,base,6641,5,6,other,416581,833162,8,all_8_ranks_SUM_after_task,744d0ab0f11d257705f135dfec4c345ba9bdb5f2b941e7dca0aae46823436d1a,0.36825759340570813,0.07854294843019725,,measured_nonempty
MoE20-R5,core_09,lambada_openai,base,6641,7,8,total,416581,833162,8,all_8_ranks_SUM_after_task,744d0ab0f11d257705f135dfec4c345ba9bdb5f2b941e7dca0aae46823436d1a,0.3374916074162597,0.06877293971640569,,measured_nonempty
MoE20-R5,core_09,lambada_openai,base,6641,7,8,prefill,0,0,8,all_8_ranks_SUM_after_task,744d0ab0f11d257705f135dfec4c345ba9bdb5f2b941e7dca0aae46823436d1a,,,,no_positions_no_balance_evidence
MoE20-R5,core_09,lambada_openai,base,6641,7,8,decode,0,0,8,all_8_ranks_SUM_after_task,744d0ab0f11d257705f135dfec4c345ba9bdb5f2b941e7dca0aae46823436d1a,,,,no_positions_no_balance_evidence
MoE20-R5,core_09,lambada_openai,base,6641,7,8,other,416581,833162,8,all_8_ranks_SUM_after_task,744d0ab0f11d257705f135dfec4c345ba9bdb5f2b941e7dca0aae46823436d1a,0.3374916074162597,0.06877293971640569,,measured_nonempty
MoE20-R5,core_09,lambada_openai,base,6641,9,10,total,416581,833162,8,all_8_ranks_SUM_after_task,744d0ab0f11d257705f135dfec4c345ba9bdb5f2b941e7dca0aae46823436d1a,0.30127821182710923,0.06310297397144853,,measured_nonempty
MoE20-R5,core_09,lambada_openai,base,6641,9,10,prefill,0,0,8,all_8_ranks_SUM_after_task,744d0ab0f11d257705f135dfec4c345ba9bdb5f2b941e7dca0aae46823436d1a,,,,no_positions_no_balance_evidence
MoE20-R5,core_09,lambada_openai,base,6641,9,10,decode,0,0,8,all_8_ranks_SUM_after_task,744d0ab0f11d257705f135dfec4c345ba9bdb5f2b941e7dca0aae46823436d1a,,,,no_positions_no_balance_evidence
MoE20-R5,core_09,lambada_openai,base,6641,9,10,other,416581,833162,8,all_8_ranks_SUM_after_task,744d0ab0f11d257705f135dfec4c345ba9bdb5f2b941e7dca0aae46823436d1a,0.30127821182710923,0.06310297397144853,,measured_nonempty
MoE20-R5,core_09,lambada_openai,base,6641,11,12,total,416581,833162,8,all_8_ranks_SUM_after_task,744d0ab0f11d257705f135dfec4c345ba9bdb5f2b941e7dca0aae46823436d1a,0.27348238966893923,0.07277096170972752,,measured_nonempty
MoE20-R5,core_09,lambada_openai,base,6641,11,12,prefill,0,0,8,all_8_ranks_SUM_after_task,744d0ab0f11d257705f135dfec4c345ba9bdb5f2b941e7dca0aae46823436d1a,,,,no_positions_no_balance_evidence
MoE20-R5,core_09,lambada_openai,base,6641,11,12,decode,0,0,8,all_8_ranks_SUM_after_task,744d0ab0f11d257705f135dfec4c345ba9bdb5f2b941e7dca0aae46823436d1a,,,,no_positions_no_balance_evidence
MoE20-R5,core_09,lambada_openai,base,6641,11,12,other,416581,833162,8,all_8_ranks_SUM_after_task,744d0ab0f11d257705f135dfec4c345ba9bdb5f2b941e7dca0aae46823436d1a,0.27348238966893923,0.07277096170972752,,measured_nonempty
MoE20-R5,core_09,lambada_openai,base,6641,13,14,total,416581,833162,8,all_8_ranks_SUM_after_task,744d0ab0f11d257705f135dfec4c345ba9bdb5f2b941e7dca0aae46823436d1a,0.21861931757880024,0.08303547209306233,,measured_nonempty
MoE20-R5,core_09,lambada_openai,base,6641,13,14,prefill,0,0,8,all_8_ranks_SUM_after_task,744d0ab0f11d257705f135dfec4c345ba9bdb5f2b941e7dca0aae46823436d1a,,,,no_positions_no_balance_evidence
MoE20-R5,core_09,lambada_openai,base,6641,13,14,decode,0,0,8,all_8_ranks_SUM_after_task,744d0ab0f11d257705f135dfec4c345ba9bdb5f2b941e7dca0aae46823436d1a,,,,no_positions_no_balance_evidence
MoE20-R5,core_09,lambada_openai,base,6641,13,14,other,416581,833162,8,all_8_ranks_SUM_after_task,744d0ab0f11d257705f135dfec4c345ba9bdb5f2b941e7dca0aae46823436d1a,0.21861931757880024,0.08303547209306233,,measured_nonempty
MoE20-R5,core_09,lambada_openai,base,6641,15,16,total,416581,833162,8,all_8_ranks_SUM_after_task,744d0ab0f11d257705f135dfec4c345ba9bdb5f2b941e7dca0aae46823436d1a,0.24851410386477052,0.08813051963483692,,measured_nonempty
MoE20-R5,core_09,lambada_openai,base,6641,15,16,prefill,0,0,8,all_8_ranks_SUM_after_task,744d0ab0f11d257705f135dfec4c345ba9bdb5f2b941e7dca0aae46823436d1a,,,,no_positions_no_balance_evidence
MoE20-R5,core_09,lambada_openai,base,6641,15,16,decode,0,0,8,all_8_ranks_SUM_after_task,744d0ab0f11d257705f135dfec4c345ba9bdb5f2b941e7dca0aae46823436d1a,,,,no_positions_no_balance_evidence
MoE20-R5,core_09,lambada_openai,base,6641,15,16,other,416581,833162,8,all_8_ranks_SUM_after_task,744d0ab0f11d257705f135dfec4c345ba9bdb5f2b941e7dca0aae46823436d1a,0.24851410386477052,0.08813051963483692,,measured_nonempty
MoE20-R5,core_09,lambada_openai,base,6641,17,18,total,416581,833162,8,all_8_ranks_SUM_after_task,744d0ab0f11d257705f135dfec4c345ba9bdb5f2b941e7dca0aae46823436d1a,0.42952751596757555,0.072427691133297,,measured_nonempty
MoE20-R5,core_09,lambada_openai,base,6641,17,18,prefill,0,0,8,all_8_ranks_SUM_after_task,744d0ab0f11d257705f135dfec4c345ba9bdb5f2b941e7dca0aae46823436d1a,,,,no_positions_no_balance_evidence
MoE20-R5,core_09,lambada_openai,base,6641,17,18,decode,0,0,8,all_8_ranks_SUM_after_task,744d0ab0f11d257705f135dfec4c345ba9bdb5f2b941e7dca0aae46823436d1a,,,,no_positions_no_balance_evidence
MoE20-R5,core_09,lambada_openai,base,6641,17,18,other,416581,833162,8,all_8_ranks_SUM_after_task,744d0ab0f11d257705f135dfec4c345ba9bdb5f2b941e7dca0aae46823436d1a,0.42952751596757555,0.072427691133297,,measured_nonempty
MoE20-R5,core_09,lambada_openai,base,6641,19,20,total,416581,833162,8,all_8_ranks_SUM_after_task,744d0ab0f11d257705f135dfec4c345ba9bdb5f2b941e7dca0aae46823436d1a,0.5473889657873598,0.04144452099351627,,measured_nonempty
MoE20-R5,core_09,lambada_openai,base,6641,19,20,prefill,0,0,8,all_8_ranks_SUM_after_task,744d0ab0f11d257705f135dfec4c345ba9bdb5f2b941e7dca0aae46823436d1a,,,,no_positions_no_balance_evidence
MoE20-R5,core_09,lambada_openai,base,6641,19,20,decode,0,0,8,all_8_ranks_SUM_after_task,744d0ab0f11d257705f135dfec4c345ba9bdb5f2b941e7dca0aae46823436d1a,,,,no_positions_no_balance_evidence
MoE20-R5,core_09,lambada_openai,base,6641,19,20,other,416581,833162,8,all_8_ranks_SUM_after_task,744d0ab0f11d257705f135dfec4c345ba9bdb5f2b941e7dca0aae46823436d1a,0.5473889657873598,0.04144452099351627,,measured_nonempty
MoE20-R5,core_10,hellaswag,base,6641,1,2,total,35182197,70364394,8,all_8_ranks_SUM_after_task,483390abb3b0e008c4956d66a1581c8223dc9b4ae340b509ae0d796a7319f503,0.20203931033443887,0.07315420068849027,,measured_nonempty
MoE20-R5,core_10,hellaswag,base,6641,1,2,prefill,0,0,8,all_8_ranks_SUM_after_task,483390abb3b0e008c4956d66a1581c8223dc9b4ae340b509ae0d796a7319f503,,,,no_positions_no_balance_evidence
MoE20-R5,core_10,hellaswag,base,6641,1,2,decode,0,0,8,all_8_ranks_SUM_after_task,483390abb3b0e008c4956d66a1581c8223dc9b4ae340b509ae0d796a7319f503,,,,no_positions_no_balance_evidence
MoE20-R5,core_10,hellaswag,base,6641,1,2,other,35182197,70364394,8,all_8_ranks_SUM_after_task,483390abb3b0e008c4956d66a1581c8223dc9b4ae340b509ae0d796a7319f503,0.20203931033443887,0.07315420068849027,,measured_nonempty
MoE20-R5,core_10,hellaswag,base,6641,3,4,total,35182197,70364394,8,all_8_ranks_SUM_after_task,483390abb3b0e008c4956d66a1581c8223dc9b4ae340b509ae0d796a7319f503,0.23733814791606436,0.06610877654968506,,measured_nonempty
MoE20-R5,core_10,hellaswag,base,6641,3,4,prefill,0,0,8,all_8_ranks_SUM_after_task,483390abb3b0e008c4956d66a1581c8223dc9b4ae340b509ae0d796a7319f503,,,,no_positions_no_balance_evidence
MoE20-R5,core_10,hellaswag,base,6641,3,4,decode,0,0,8,all_8_ranks_SUM_after_task,483390abb3b0e008c4956d66a1581c8223dc9b4ae340b509ae0d796a7319f503,,,,no_positions_no_balance_evidence
MoE20-R5,core_10,hellaswag,base,6641,3,4,other,35182197,70364394,8,all_8_ranks_SUM_after_task,483390abb3b0e008c4956d66a1581c8223dc9b4ae340b509ae0d796a7319f503,0.23733814791606436,0.06610877654968506,,measured_nonempty
MoE20-R5,core_10,hellaswag,base,6641,5,6,total,35182197,70364394,8,all_8_ranks_SUM_after_task,483390abb3b0e008c4956d66a1581c8223dc9b4ae340b509ae0d796a7319f503,0.2320425332434158,0.08066825673223307,,measured_nonempty
MoE20-R5,core_10,hellaswag,base,6641,5,6,prefill,0,0,8,all_8_ranks_SUM_after_task,483390abb3b0e008c4956d66a1581c8223dc9b4ae340b509ae0d796a7319f503,,,,no_positions_no_balance_evidence
MoE20-R5,core_10,hellaswag,base,6641,5,6,decode,0,0,8,all_8_ranks_SUM_after_task,483390abb3b0e008c4956d66a1581c8223dc9b4ae340b509ae0d796a7319f503,,,,no_positions_no_balance_evidence
MoE20-R5,core_10,hellaswag,base,6641,5,6,other,35182197,70364394,8,all_8_ranks_SUM_after_task,483390abb3b0e008c4956d66a1581c8223dc9b4ae340b509ae0d796a7319f503,0.2320425332434158,0.08066825673223307,,measured_nonempty
MoE20-R5,core_10,hellaswag,base,6641,7,8,total,35182197,70364394,8,all_8_ranks_SUM_after_task,483390abb3b0e008c4956d66a1581c8223dc9b4ae340b509ae0d796a7319f503,0.2135653650652577,0.06652728367134093,,measured_nonempty
MoE20-R5,core_10,hellaswag,base,6641,7,8,prefill,0,0,8,all_8_ranks_SUM_after_task,483390abb3b0e008c4956d66a1581c8223dc9b4ae340b509ae0d796a7319f503,,,,no_positions_no_balance_evidence
MoE20-R5,core_10,hellaswag,base,6641,7,8,decode,0,0,8,all_8_ranks_SUM_after_task,483390abb3b0e008c4956d66a1581c8223dc9b4ae340b509ae0d796a7319f503,,,,no_positions_no_balance_evidence
MoE20-R5,core_10,hellaswag,base,6641,7,8,other,35182197,70364394,8,all_8_ranks_SUM_after_task,483390abb3b0e008c4956d66a1581c8223dc9b4ae340b509ae0d796a7319f503,0.2135653650652577,0.06652728367134093,,measured_nonempty
MoE20-R5,core_10,hellaswag,base,6641,9,10,total,35182197,70364394,8,all_8_ranks_SUM_after_task,483390abb3b0e008c4956d66a1581c8223dc9b4ae340b509ae0d796a7319f503,0.2072303695000456,0.0912084313552107,,measured_nonempty
MoE20-R5,core_10,hellaswag,base,6641,9,10,prefill,0,0,8,all_8_ranks_SUM_after_task,483390abb3b0e008c4956d66a1581c8223dc9b4ae340b509ae0d796a7319f503,,,,no_positions_no_balance_evidence
MoE20-R5,core_10,hellaswag,base,6641,9,10,decode,0,0,8,all_8_ranks_SUM_after_task,483390abb3b0e008c4956d66a1581c8223dc9b4ae340b509ae0d796a7319f503,,,,no_positions_no_balance_evidence
MoE20-R5,core_10,hellaswag,base,6641,9,10,other,35182197,70364394,8,all_8_ranks_SUM_after_task,483390abb3b0e008c4956d66a1581c8223dc9b4ae340b509ae0d796a7319f503,0.2072303695000456,0.0912084313552107,,measured_nonempty
MoE20-R5,core_10,hellaswag,base,6641,11,12,total,35182197,70364394,8,all_8_ranks_SUM_after_task,483390abb3b0e008c4956d66a1581c8223dc9b4ae340b509ae0d796a7319f503,0.25008200631347155,0.07681844030377068,,measured_nonempty
MoE20-R5,core_10,hellaswag,base,6641,11,12,prefill,0,0,8,all_8_ranks_SUM_after_task,483390abb3b0e008c4956d66a1581c8223dc9b4ae340b509ae0d796a7319f503,,,,no_positions_no_balance_evidence
MoE20-R5,core_10,hellaswag,base,6641,11,12,decode,0,0,8,all_8_ranks_SUM_after_task,483390abb3b0e008c4956d66a1581c8223dc9b4ae340b509ae0d796a7319f503,,,,no_positions_no_balance_evidence
MoE20-R5,core_10,hellaswag,base,6641,11,12,other,35182197,70364394,8,all_8_ranks_SUM_after_task,483390abb3b0e008c4956d66a1581c8223dc9b4ae340b509ae0d796a7319f503,0.25008200631347155,0.07681844030377068,,measured_nonempty
MoE20-R5,core_10,hellaswag,base,6641,13,14,total,35182197,70364394,8,all_8_ranks_SUM_after_task,483390abb3b0e008c4956d66a1581c8223dc9b4ae340b509ae0d796a7319f503,0.2840284075639118,0.050948481130953814,,measured_nonempty
MoE20-R5,core_10,hellaswag,base,6641,13,14,prefill,0,0,8,all_8_ranks_SUM_after_task,483390abb3b0e008c4956d66a1581c8223dc9b4ae340b509ae0d796a7319f503,,,,no_positions_no_balance_evidence
MoE20-R5,core_10,hellaswag,base,6641,13,14,decode,0,0,8,all_8_ranks_SUM_after_task,483390abb3b0e008c4956d66a1581c8223dc9b4ae340b509ae0d796a7319f503,,,,no_positions_no_balance_evidence
MoE20-R5,core_10,hellaswag,base,6641,13,14,other,35182197,70364394,8,all_8_ranks_SUM_after_task,483390abb3b0e008c4956d66a1581c8223dc9b4ae340b509ae0d796a7319f503,0.2840284075639118,0.050948481130953814,,measured_nonempty
MoE20-R5,core_10,hellaswag,base,6641,15,16,total,35182197,70364394,8,all_8_ranks_SUM_after_task,483390abb3b0e008c4956d66a1581c8223dc9b4ae340b509ae0d796a7319f503,0.2620769688421046,0.07589423707678063,,measured_nonempty
MoE20-R5,core_10,hellaswag,base,6641,15,16,prefill,0,0,8,all_8_ranks_SUM_after_task,483390abb3b0e008c4956d66a1581c8223dc9b4ae340b509ae0d796a7319f503,,,,no_positions_no_balance_evidence
MoE20-R5,core_10,hellaswag,base,6641,15,16,decode,0,0,8,all_8_ranks_SUM_after_task,483390abb3b0e008c4956d66a1581c8223dc9b4ae340b509ae0d796a7319f503,,,,no_positions_no_balance_evidence
MoE20-R5,core_10,hellaswag,base,6641,15,16,other,35182197,70364394,8,all_8_ranks_SUM_after_task,483390abb3b0e008c4956d66a1581c8223dc9b4ae340b509ae0d796a7319f503,0.2620769688421046,0.07589423707678063,,measured_nonempty
MoE20-R5,core_10,hellaswag,base,6641,17,18,total,35182197,70364394,8,all_8_ranks_SUM_after_task,483390abb3b0e008c4956d66a1581c8223dc9b4ae340b509ae0d796a7319f503,0.39444848284543216,0.07006537994202011,,measured_nonempty
MoE20-R5,core_10,hellaswag,base,6641,17,18,prefill,0,0,8,all_8_ranks_SUM_after_task,483390abb3b0e008c4956d66a1581c8223dc9b4ae340b509ae0d796a7319f503,,,,no_positions_no_balance_evidence
MoE20-R5,core_10,hellaswag,base,6641,17,18,decode,0,0,8,all_8_ranks_SUM_after_task,483390abb3b0e008c4956d66a1581c8223dc9b4ae340b509ae0d796a7319f503,,,,no_positions_no_balance_evidence
MoE20-R5,core_10,hellaswag,base,6641,17,18,other,35182197,70364394,8,all_8_ranks_SUM_after_task,483390abb3b0e008c4956d66a1581c8223dc9b4ae340b509ae0d796a7319f503,0.39444848284543216,0.07006537994202011,,measured_nonempty
MoE20-R5,core_10,hellaswag,base,6641,19,20,total,35182197,70364394,8,all_8_ranks_SUM_after_task,483390abb3b0e008c4956d66a1581c8223dc9b4ae340b509ae0d796a7319f503,0.21116206469474358,0.07234777009519901,,measured_nonempty
MoE20-R5,core_10,hellaswag,base,6641,19,20,prefill,0,0,8,all_8_ranks_SUM_after_task,483390abb3b0e008c4956d66a1581c8223dc9b4ae340b509ae0d796a7319f503,,,,no_positions_no_balance_evidence
MoE20-R5,core_10,hellaswag,base,6641,19,20,decode,0,0,8,all_8_ranks_SUM_after_task,483390abb3b0e008c4956d66a1581c8223dc9b4ae340b509ae0d796a7319f503,,,,no_positions_no_balance_evidence
MoE20-R5,core_10,hellaswag,base,6641,19,20,other,35182197,70364394,8,all_8_ranks_SUM_after_task,483390abb3b0e008c4956d66a1581c8223dc9b4ae340b509ae0d796a7319f503,0.21116206469474358,0.07234777009519901,,measured_nonempty
MoE20-R5,core_11,winograd,base,6641,1,2,total,12035,24070,8,all_8_ranks_SUM_after_task,12621bde80bb4ac76368203f467932d050b984269c3cfad2cc638b1b7259bd7b,0.2553729060050333,0.06963024511840465,,measured_nonempty
MoE20-R5,core_11,winograd,base,6641,1,2,prefill,0,0,8,all_8_ranks_SUM_after_task,12621bde80bb4ac76368203f467932d050b984269c3cfad2cc638b1b7259bd7b,,,,no_positions_no_balance_evidence
MoE20-R5,core_11,winograd,base,6641,1,2,decode,0,0,8,all_8_ranks_SUM_after_task,12621bde80bb4ac76368203f467932d050b984269c3cfad2cc638b1b7259bd7b,,,,no_positions_no_balance_evidence
MoE20-R5,core_11,winograd,base,6641,1,2,other,12035,24070,8,all_8_ranks_SUM_after_task,12621bde80bb4ac76368203f467932d050b984269c3cfad2cc638b1b7259bd7b,0.2553729060050333,0.06963024511840465,,measured_nonempty
MoE20-R5,core_11,winograd,base,6641,3,4,total,12035,24070,8,all_8_ranks_SUM_after_task,12621bde80bb4ac76368203f467932d050b984269c3cfad2cc638b1b7259bd7b,0.2668272755421648,0.05164104694640632,,measured_nonempty
MoE20-R5,core_11,winograd,base,6641,3,4,prefill,0,0,8,all_8_ranks_SUM_after_task,12621bde80bb4ac76368203f467932d050b984269c3cfad2cc638b1b7259bd7b,,,,no_positions_no_balance_evidence
MoE20-R5,core_11,winograd,base,6641,3,4,decode,0,0,8,all_8_ranks_SUM_after_task,12621bde80bb4ac76368203f467932d050b984269c3cfad2cc638b1b7259bd7b,,,,no_positions_no_balance_evidence
MoE20-R5,core_11,winograd,base,6641,3,4,other,12035,24070,8,all_8_ranks_SUM_after_task,12621bde80bb4ac76368203f467932d050b984269c3cfad2cc638b1b7259bd7b,0.2668272755421648,0.05164104694640632,,measured_nonempty
MoE20-R5,core_11,winograd,base,6641,5,6,total,12035,24070,8,all_8_ranks_SUM_after_task,12621bde80bb4ac76368203f467932d050b984269c3cfad2cc638b1b7259bd7b,0.32578459861392545,0.0891566265060241,,measured_nonempty
MoE20-R5,core_11,winograd,base,6641,5,6,prefill,0,0,8,all_8_ranks_SUM_after_task,12621bde80bb4ac76368203f467932d050b984269c3cfad2cc638b1b7259bd7b,,,,no_positions_no_balance_evidence
MoE20-R5,core_11,winograd,base,6641,5,6,decode,0,0,8,all_8_ranks_SUM_after_task,12621bde80bb4ac76368203f467932d050b984269c3cfad2cc638b1b7259bd7b,,,,no_positions_no_balance_evidence
MoE20-R5,core_11,winograd,base,6641,5,6,other,12035,24070,8,all_8_ranks_SUM_after_task,12621bde80bb4ac76368203f467932d050b984269c3cfad2cc638b1b7259bd7b,0.32578459861392545,0.0891566265060241,,measured_nonempty
MoE20-R5,core_11,winograd,base,6641,7,8,total,12035,24070,8,all_8_ranks_SUM_after_task,12621bde80bb4ac76368203f467932d050b984269c3cfad2cc638b1b7259bd7b,0.3143083961641782,0.08026589115081013,,measured_nonempty
MoE20-R5,core_11,winograd,base,6641,7,8,prefill,0,0,8,all_8_ranks_SUM_after_task,12621bde80bb4ac76368203f467932d050b984269c3cfad2cc638b1b7259bd7b,,,,no_positions_no_balance_evidence
MoE20-R5,core_11,winograd,base,6641,7,8,decode,0,0,8,all_8_ranks_SUM_after_task,12621bde80bb4ac76368203f467932d050b984269c3cfad2cc638b1b7259bd7b,,,,no_positions_no_balance_evidence
MoE20-R5,core_11,winograd,base,6641,7,8,other,12035,24070,8,all_8_ranks_SUM_after_task,12621bde80bb4ac76368203f467932d050b984269c3cfad2cc638b1b7259bd7b,0.3143083961641782,0.08026589115081013,,measured_nonempty
MoE20-R5,core_11,winograd,base,6641,9,10,total,12035,24070,8,all_8_ranks_SUM_after_task,12621bde80bb4ac76368203f467932d050b984269c3cfad2cc638b1b7259bd7b,0.23534780312416603,0.06576651433319484,,measured_nonempty
MoE20-R5,core_11,winograd,base,6641,9,10,prefill,0,0,8,all_8_ranks_SUM_after_task,12621bde80bb4ac76368203f467932d050b984269c3cfad2cc638b1b7259bd7b,,,,no_positions_no_balance_evidence
MoE20-R5,core_11,winograd,base,6641,9,10,decode,0,0,8,all_8_ranks_SUM_after_task,12621bde80bb4ac76368203f467932d050b984269c3cfad2cc638b1b7259bd7b,,,,no_positions_no_balance_evidence
MoE20-R5,core_11,winograd,base,6641,9,10,other,12035,24070,8,all_8_ranks_SUM_after_task,12621bde80bb4ac76368203f467932d050b984269c3cfad2cc638b1b7259bd7b,0.23534780312416603,0.06576651433319484,,measured_nonempty
MoE20-R5,core_11,winograd,base,6641,11,12,total,12035,24070,8,all_8_ranks_SUM_after_task,12621bde80bb4ac76368203f467932d050b984269c3cfad2cc638b1b7259bd7b,0.3007093729065359,0.08433734939759036,,measured_nonempty
MoE20-R5,core_11,winograd,base,6641,11,12,prefill,0,0,8,all_8_ranks_SUM_after_task,12621bde80bb4ac76368203f467932d050b984269c3cfad2cc638b1b7259bd7b,,,,no_positions_no_balance_evidence
MoE20-R5,core_11,winograd,base,6641,11,12,decode,0,0,8,all_8_ranks_SUM_after_task,12621bde80bb4ac76368203f467932d050b984269c3cfad2cc638b1b7259bd7b,,,,no_positions_no_balance_evidence
MoE20-R5,core_11,winograd,base,6641,11,12,other,12035,24070,8,all_8_ranks_SUM_after_task,12621bde80bb4ac76368203f467932d050b984269c3cfad2cc638b1b7259bd7b,0.3007093729065359,0.08433734939759036,,measured_nonempty
MoE20-R5,core_11,winograd,base,6641,13,14,total,12035,24070,8,all_8_ranks_SUM_after_task,12621bde80bb4ac76368203f467932d050b984269c3cfad2cc638b1b7259bd7b,0.19641504894087197,0.07274615704196094,,measured_nonempty
MoE20-R5,core_11,winograd,base,6641,13,14,prefill,0,0,8,all_8_ranks_SUM_after_task,12621bde80bb4ac76368203f467932d050b984269c3cfad2cc638b1b7259bd7b,,,,no_positions_no_balance_evidence
MoE20-R5,core_11,winograd,base,6641,13,14,decode,0,0,8,all_8_ranks_SUM_after_task,12621bde80bb4ac76368203f467932d050b984269c3cfad2cc638b1b7259bd7b,,,,no_positions_no_balance_evidence
MoE20-R5,core_11,winograd,base,6641,13,14,other,12035,24070,8,all_8_ranks_SUM_after_task,12621bde80bb4ac76368203f467932d050b984269c3cfad2cc638b1b7259bd7b,0.19641504894087197,0.07274615704196094,,measured_nonempty
MoE20-R5,core_11,winograd,base,6641,15,16,total,12035,24070,8,all_8_ranks_SUM_after_task,12621bde80bb4ac76368203f467932d050b984269c3cfad2cc638b1b7259bd7b,0.24907621373322283,0.08853344412131284,,measured_nonempty
MoE20-R5,core_11,winograd,base,6641,15,16,prefill,0,0,8,all_8_ranks_SUM_after_task,12621bde80bb4ac76368203f467932d050b984269c3cfad2cc638b1b7259bd7b,,,,no_positions_no_balance_evidence
MoE20-R5,core_11,winograd,base,6641,15,16,decode,0,0,8,all_8_ranks_SUM_after_task,12621bde80bb4ac76368203f467932d050b984269c3cfad2cc638b1b7259bd7b,,,,no_positions_no_balance_evidence
MoE20-R5,core_11,winograd,base,6641,15,16,other,12035,24070,8,all_8_ranks_SUM_after_task,12621bde80bb4ac76368203f467932d050b984269c3cfad2cc638b1b7259bd7b,0.24907621373322283,0.08853344412131284,,measured_nonempty
MoE20-R5,core_11,winograd,base,6641,17,18,total,12035,24070,8,all_8_ranks_SUM_after_task,12621bde80bb4ac76368203f467932d050b984269c3cfad2cc638b1b7259bd7b,0.331672640021864,0.09505608641462401,,measured_nonempty
MoE20-R5,core_11,winograd,base,6641,17,18,prefill,0,0,8,all_8_ranks_SUM_after_task,12621bde80bb4ac76368203f467932d050b984269c3cfad2cc638b1b7259bd7b,,,,no_positions_no_balance_evidence
MoE20-R5,core_11,winograd,base,6641,17,18,decode,0,0,8,all_8_ranks_SUM_after_task,12621bde80bb4ac76368203f467932d050b984269c3cfad2cc638b1b7259bd7b,,,,no_positions_no_balance_evidence
MoE20-R5,core_11,winograd,base,6641,17,18,other,12035,24070,8,all_8_ranks_SUM_after_task,12621bde80bb4ac76368203f467932d050b984269c3cfad2cc638b1b7259bd7b,0.331672640021864,0.09505608641462401,,measured_nonempty
MoE20-R5,core_11,winograd,base,6641,19,20,total,12035,24070,8,all_8_ranks_SUM_after_task,12621bde80bb4ac76368203f467932d050b984269c3cfad2cc638b1b7259bd7b,0.4759109460654962,0.03535521395928542,,measured_nonempty
MoE20-R5,core_11,winograd,base,6641,19,20,prefill,0,0,8,all_8_ranks_SUM_after_task,12621bde80bb4ac76368203f467932d050b984269c3cfad2cc638b1b7259bd7b,,,,no_positions_no_balance_evidence
MoE20-R5,core_11,winograd,base,6641,19,20,decode,0,0,8,all_8_ranks_SUM_after_task,12621bde80bb4ac76368203f467932d050b984269c3cfad2cc638b1b7259bd7b,,,,no_positions_no_balance_evidence
MoE20-R5,core_11,winograd,base,6641,19,20,other,12035,24070,8,all_8_ranks_SUM_after_task,12621bde80bb4ac76368203f467932d050b984269c3cfad2cc638b1b7259bd7b,0.4759109460654962,0.03535521395928542,,measured_nonempty
MoE20-R5,core_12,winogrande,base,6641,1,2,total,61466,122932,8,all_8_ranks_SUM_after_task,4f6d8f50c00c97f93e8ff5372ea0ebcf316d40b91bd003767f5024a9feb9e68c,0.2621147417131618,0.07534246575342465,,measured_nonempty
MoE20-R5,core_12,winogrande,base,6641,1,2,prefill,0,0,8,all_8_ranks_SUM_after_task,4f6d8f50c00c97f93e8ff5372ea0ebcf316d40b91bd003767f5024a9feb9e68c,,,,no_positions_no_balance_evidence
MoE20-R5,core_12,winogrande,base,6641,1,2,decode,0,0,8,all_8_ranks_SUM_after_task,4f6d8f50c00c97f93e8ff5372ea0ebcf316d40b91bd003767f5024a9feb9e68c,,,,no_positions_no_balance_evidence
MoE20-R5,core_12,winogrande,base,6641,1,2,other,61466,122932,8,all_8_ranks_SUM_after_task,4f6d8f50c00c97f93e8ff5372ea0ebcf316d40b91bd003767f5024a9feb9e68c,0.2621147417131618,0.07534246575342465,,measured_nonempty
MoE20-R5,core_12,winogrande,base,6641,3,4,total,61466,122932,8,all_8_ranks_SUM_after_task,4f6d8f50c00c97f93e8ff5372ea0ebcf316d40b91bd003767f5024a9feb9e68c,0.2990809966736339,0.0532733543747763,,measured_nonempty
MoE20-R5,core_12,winogrande,base,6641,3,4,prefill,0,0,8,all_8_ranks_SUM_after_task,4f6d8f50c00c97f93e8ff5372ea0ebcf316d40b91bd003767f5024a9feb9e68c,,,,no_positions_no_balance_evidence
MoE20-R5,core_12,winogrande,base,6641,3,4,decode,0,0,8,all_8_ranks_SUM_after_task,4f6d8f50c00c97f93e8ff5372ea0ebcf316d40b91bd003767f5024a9feb9e68c,,,,no_positions_no_balance_evidence
MoE20-R5,core_12,winogrande,base,6641,3,4,other,61466,122932,8,all_8_ranks_SUM_after_task,4f6d8f50c00c97f93e8ff5372ea0ebcf316d40b91bd003767f5024a9feb9e68c,0.2990809966736339,0.0532733543747763,,measured_nonempty
MoE20-R5,core_12,winogrande,base,6641,5,6,total,61466,122932,8,all_8_ranks_SUM_after_task,4f6d8f50c00c97f93e8ff5372ea0ebcf316d40b91bd003767f5024a9feb9e68c,0.24745803564822516,0.09606937168515928,,measured_nonempty
MoE20-R5,core_12,winogrande,base,6641,5,6,prefill,0,0,8,all_8_ranks_SUM_after_task,4f6d8f50c00c97f93e8ff5372ea0ebcf316d40b91bd003767f5024a9feb9e68c,,,,no_positions_no_balance_evidence
MoE20-R5,core_12,winogrande,base,6641,5,6,decode,0,0,8,all_8_ranks_SUM_after_task,4f6d8f50c00c97f93e8ff5372ea0ebcf316d40b91bd003767f5024a9feb9e68c,,,,no_positions_no_balance_evidence
MoE20-R5,core_12,winogrande,base,6641,5,6,other,61466,122932,8,all_8_ranks_SUM_after_task,4f6d8f50c00c97f93e8ff5372ea0ebcf316d40b91bd003767f5024a9feb9e68c,0.24745803564822516,0.09606937168515928,,measured_nonempty
MoE20-R5,core_12,winogrande,base,6641,7,8,total,61466,122932,8,all_8_ranks_SUM_after_task,4f6d8f50c00c97f93e8ff5372ea0ebcf316d40b91bd003767f5024a9feb9e68c,0.2555294736834986,0.08447759737090424,,measured_nonempty
MoE20-R5,core_12,winogrande,base,6641,7,8,prefill,0,0,8,all_8_ranks_SUM_after_task,4f6d8f50c00c97f93e8ff5372ea0ebcf316d40b91bd003767f5024a9feb9e68c,,,,no_positions_no_balance_evidence
MoE20-R5,core_12,winogrande,base,6641,7,8,decode,0,0,8,all_8_ranks_SUM_after_task,4f6d8f50c00c97f93e8ff5372ea0ebcf316d40b91bd003767f5024a9feb9e68c,,,,no_positions_no_balance_evidence
MoE20-R5,core_12,winogrande,base,6641,7,8,other,61466,122932,8,all_8_ranks_SUM_after_task,4f6d8f50c00c97f93e8ff5372ea0ebcf316d40b91bd003767f5024a9feb9e68c,0.2555294736834986,0.08447759737090424,,measured_nonempty
MoE20-R5,core_12,winogrande,base,6641,9,10,total,61466,122932,8,all_8_ranks_SUM_after_task,4f6d8f50c00c97f93e8ff5372ea0ebcf316d40b91bd003767f5024a9feb9e68c,0.2100580326017144,0.07679042072039827,,measured_nonempty
MoE20-R5,core_12,winogrande,base,6641,9,10,prefill,0,0,8,all_8_ranks_SUM_after_task,4f6d8f50c00c97f93e8ff5372ea0ebcf316d40b91bd003767f5024a9feb9e68c,,,,no_positions_no_balance_evidence
MoE20-R5,core_12,winogrande,base,6641,9,10,decode,0,0,8,all_8_ranks_SUM_after_task,4f6d8f50c00c97f93e8ff5372ea0ebcf316d40b91bd003767f5024a9feb9e68c,,,,no_positions_no_balance_evidence
MoE20-R5,core_12,winogrande,base,6641,9,10,other,61466,122932,8,all_8_ranks_SUM_after_task,4f6d8f50c00c97f93e8ff5372ea0ebcf316d40b91bd003767f5024a9feb9e68c,0.2100580326017144,0.07679042072039827,,measured_nonempty
MoE20-R5,core_12,winogrande,base,6641,11,12,total,61466,122932,8,all_8_ranks_SUM_after_task,4f6d8f50c00c97f93e8ff5372ea0ebcf316d40b91bd003767f5024a9feb9e68c,0.2683719750228701,0.07651384505254938,,measured_nonempty
MoE20-R5,core_12,winogrande,base,6641,11,12,prefill,0,0,8,all_8_ranks_SUM_after_task,4f6d8f50c00c97f93e8ff5372ea0ebcf316d40b91bd003767f5024a9feb9e68c,,,,no_positions_no_balance_evidence
MoE20-R5,core_12,winogrande,base,6641,11,12,decode,0,0,8,all_8_ranks_SUM_after_task,4f6d8f50c00c97f93e8ff5372ea0ebcf316d40b91bd003767f5024a9feb9e68c,,,,no_positions_no_balance_evidence
MoE20-R5,core_12,winogrande,base,6641,11,12,other,61466,122932,8,all_8_ranks_SUM_after_task,4f6d8f50c00c97f93e8ff5372ea0ebcf316d40b91bd003767f5024a9feb9e68c,0.2683719750228701,0.07651384505254938,,measured_nonempty
MoE20-R5,core_12,winogrande,base,6641,13,14,total,61466,122932,8,all_8_ranks_SUM_after_task,4f6d8f50c00c97f93e8ff5372ea0ebcf316d40b91bd003767f5024a9feb9e68c,0.19625485288667063,0.07322747535222725,,measured_nonempty
MoE20-R5,core_12,winogrande,base,6641,13,14,prefill,0,0,8,all_8_ranks_SUM_after_task,4f6d8f50c00c97f93e8ff5372ea0ebcf316d40b91bd003767f5024a9feb9e68c,,,,no_positions_no_balance_evidence
MoE20-R5,core_12,winogrande,base,6641,13,14,decode,0,0,8,all_8_ranks_SUM_after_task,4f6d8f50c00c97f93e8ff5372ea0ebcf316d40b91bd003767f5024a9feb9e68c,,,,no_positions_no_balance_evidence
MoE20-R5,core_12,winogrande,base,6641,13,14,other,61466,122932,8,all_8_ranks_SUM_after_task,4f6d8f50c00c97f93e8ff5372ea0ebcf316d40b91bd003767f5024a9feb9e68c,0.19625485288667063,0.07322747535222725,,measured_nonempty
MoE20-R5,core_12,winogrande,base,6641,15,16,total,61466,122932,8,all_8_ranks_SUM_after_task,4f6d8f50c00c97f93e8ff5372ea0ebcf316d40b91bd003767f5024a9feb9e68c,0.2360357412083218,0.08672274102755995,,measured_nonempty
MoE20-R5,core_12,winogrande,base,6641,15,16,prefill,0,0,8,all_8_ranks_SUM_after_task,4f6d8f50c00c97f93e8ff5372ea0ebcf316d40b91bd003767f5024a9feb9e68c,,,,no_positions_no_balance_evidence
MoE20-R5,core_12,winogrande,base,6641,15,16,decode,0,0,8,all_8_ranks_SUM_after_task,4f6d8f50c00c97f93e8ff5372ea0ebcf316d40b91bd003767f5024a9feb9e68c,,,,no_positions_no_balance_evidence
MoE20-R5,core_12,winogrande,base,6641,15,16,other,61466,122932,8,all_8_ranks_SUM_after_task,4f6d8f50c00c97f93e8ff5372ea0ebcf316d40b91bd003767f5024a9feb9e68c,0.2360357412083218,0.08672274102755995,,measured_nonempty
MoE20-R5,core_12,winogrande,base,6641,17,18,total,61466,122932,8,all_8_ranks_SUM_after_task,4f6d8f50c00c97f93e8ff5372ea0ebcf316d40b91bd003767f5024a9feb9e68c,0.29487195403329053,0.09274232909250643,,measured_nonempty
MoE20-R5,core_12,winogrande,base,6641,17,18,prefill,0,0,8,all_8_ranks_SUM_after_task,4f6d8f50c00c97f93e8ff5372ea0ebcf316d40b91bd003767f5024a9feb9e68c,,,,no_positions_no_balance_evidence
MoE20-R5,core_12,winogrande,base,6641,17,18,decode,0,0,8,all_8_ranks_SUM_after_task,4f6d8f50c00c97f93e8ff5372ea0ebcf316d40b91bd003767f5024a9feb9e68c,,,,no_positions_no_balance_evidence
MoE20-R5,core_12,winogrande,base,6641,17,18,other,61466,122932,8,all_8_ranks_SUM_after_task,4f6d8f50c00c97f93e8ff5372ea0ebcf316d40b91bd003767f5024a9feb9e68c,0.29487195403329053,0.09274232909250643,,measured_nonempty
MoE20-R5,core_12,winogrande,base,6641,19,20,total,61466,122932,8,all_8_ranks_SUM_after_task,4f6d8f50c00c97f93e8ff5372ea0ebcf316d40b91bd003767f5024a9feb9e68c,0.4960610432031307,0.040510200761396546,,measured_nonempty
MoE20-R5,core_12,winogrande,base,6641,19,20,prefill,0,0,8,all_8_ranks_SUM_after_task,4f6d8f50c00c97f93e8ff5372ea0ebcf316d40b91bd003767f5024a9feb9e68c,,,,no_positions_no_balance_evidence
MoE20-R5,core_12,winogrande,base,6641,19,20,decode,0,0,8,all_8_ranks_SUM_after_task,4f6d8f50c00c97f93e8ff5372ea0ebcf316d40b91bd003767f5024a9feb9e68c,,,,no_positions_no_balance_evidence
MoE20-R5,core_12,winogrande,base,6641,19,20,other,61466,122932,8,all_8_ranks_SUM_after_task,4f6d8f50c00c97f93e8ff5372ea0ebcf316d40b91bd003767f5024a9feb9e68c,0.4960610432031307,0.040510200761396546,,measured_nonempty
MoE20-R5,core_13,bigbench_dyck_languages,base,6641,1,2,total,588629,1177258,8,all_8_ranks_SUM_after_task,123ebc44b5823f0a06cc9aa2575e803365ca82fb4a551359ecada68aadbe3a09,0.9727781078508357,0.030353584345997223,,measured_nonempty
MoE20-R5,core_13,bigbench_dyck_languages,base,6641,1,2,prefill,0,0,8,all_8_ranks_SUM_after_task,123ebc44b5823f0a06cc9aa2575e803365ca82fb4a551359ecada68aadbe3a09,,,,no_positions_no_balance_evidence
MoE20-R5,core_13,bigbench_dyck_languages,base,6641,1,2,decode,0,0,8,all_8_ranks_SUM_after_task,123ebc44b5823f0a06cc9aa2575e803365ca82fb4a551359ecada68aadbe3a09,,,,no_positions_no_balance_evidence
MoE20-R5,core_13,bigbench_dyck_languages,base,6641,1,2,other,588629,1177258,8,all_8_ranks_SUM_after_task,123ebc44b5823f0a06cc9aa2575e803365ca82fb4a551359ecada68aadbe3a09,0.9727781078508357,0.030353584345997223,,measured_nonempty
MoE20-R5,core_13,bigbench_dyck_languages,base,6641,3,4,total,588629,1177258,8,all_8_ranks_SUM_after_task,123ebc44b5823f0a06cc9aa2575e803365ca82fb4a551359ecada68aadbe3a09,0.7320190574652543,0.043307414347577164,,measured_nonempty
MoE20-R5,core_13,bigbench_dyck_languages,base,6641,3,4,prefill,0,0,8,all_8_ranks_SUM_after_task,123ebc44b5823f0a06cc9aa2575e803365ca82fb4a551359ecada68aadbe3a09,,,,no_positions_no_balance_evidence
MoE20-R5,core_13,bigbench_dyck_languages,base,6641,3,4,decode,0,0,8,all_8_ranks_SUM_after_task,123ebc44b5823f0a06cc9aa2575e803365ca82fb4a551359ecada68aadbe3a09,,,,no_positions_no_balance_evidence
MoE20-R5,core_13,bigbench_dyck_languages,base,6641,3,4,other,588629,1177258,8,all_8_ranks_SUM_after_task,123ebc44b5823f0a06cc9aa2575e803365ca82fb4a551359ecada68aadbe3a09,0.7320190574652543,0.043307414347577164,,measured_nonempty
MoE20-R5,core_13,bigbench_dyck_languages,base,6641,5,6,total,588629,1177258,8,all_8_ranks_SUM_after_task,123ebc44b5823f0a06cc9aa2575e803365ca82fb4a551359ecada68aadbe3a09,1.1645579632517238,0.02716566801839529,,measured_nonempty
MoE20-R5,core_13,bigbench_dyck_languages,base,6641,5,6,prefill,0,0,8,all_8_ranks_SUM_after_task,123ebc44b5823f0a06cc9aa2575e803365ca82fb4a551359ecada68aadbe3a09,,,,no_positions_no_balance_evidence
MoE20-R5,core_13,bigbench_dyck_languages,base,6641,5,6,decode,0,0,8,all_8_ranks_SUM_after_task,123ebc44b5823f0a06cc9aa2575e803365ca82fb4a551359ecada68aadbe3a09,,,,no_positions_no_balance_evidence
MoE20-R5,core_13,bigbench_dyck_languages,base,6641,5,6,other,588629,1177258,8,all_8_ranks_SUM_after_task,123ebc44b5823f0a06cc9aa2575e803365ca82fb4a551359ecada68aadbe3a09,1.1645579632517238,0.02716566801839529,,measured_nonempty
MoE20-R5,core_13,bigbench_dyck_languages,base,6641,7,8,total,588629,1177258,8,all_8_ranks_SUM_after_task,123ebc44b5823f0a06cc9aa2575e803365ca82fb4a551359ecada68aadbe3a09,0.6989582743592929,0.0415711764116277,,measured_nonempty
MoE20-R5,core_13,bigbench_dyck_languages,base,6641,7,8,prefill,0,0,8,all_8_ranks_SUM_after_task,123ebc44b5823f0a06cc9aa2575e803365ca82fb4a551359ecada68aadbe3a09,,,,no_positions_no_balance_evidence
MoE20-R5,core_13,bigbench_dyck_languages,base,6641,7,8,decode,0,0,8,all_8_ranks_SUM_after_task,123ebc44b5823f0a06cc9aa2575e803365ca82fb4a551359ecada68aadbe3a09,,,,no_positions_no_balance_evidence
MoE20-R5,core_13,bigbench_dyck_languages,base,6641,7,8,other,588629,1177258,8,all_8_ranks_SUM_after_task,123ebc44b5823f0a06cc9aa2575e803365ca82fb4a551359ecada68aadbe3a09,0.6989582743592929,0.0415711764116277,,measured_nonempty
MoE20-R5,core_13,bigbench_dyck_languages,base,6641,9,10,total,588629,1177258,8,all_8_ranks_SUM_after_task,123ebc44b5823f0a06cc9aa2575e803365ca82fb4a551359ecada68aadbe3a09,1.0719963687633238,0.024119606747204096,,measured_nonempty
MoE20-R5,core_13,bigbench_dyck_languages,base,6641,9,10,prefill,0,0,8,all_8_ranks_SUM_after_task,123ebc44b5823f0a06cc9aa2575e803365ca82fb4a551359ecada68aadbe3a09,,,,no_positions_no_balance_evidence
MoE20-R5,core_13,bigbench_dyck_languages,base,6641,9,10,decode,0,0,8,all_8_ranks_SUM_after_task,123ebc44b5823f0a06cc9aa2575e803365ca82fb4a551359ecada68aadbe3a09,,,,no_positions_no_balance_evidence
MoE20-R5,core_13,bigbench_dyck_languages,base,6641,9,10,other,588629,1177258,8,all_8_ranks_SUM_after_task,123ebc44b5823f0a06cc9aa2575e803365ca82fb4a551359ecada68aadbe3a09,1.0719963687633238,0.024119606747204096,,measured_nonempty
MoE20-R5,core_13,bigbench_dyck_languages,base,6641,11,12,total,588629,1177258,8,all_8_ranks_SUM_after_task,123ebc44b5823f0a06cc9aa2575e803365ca82fb4a551359ecada68aadbe3a09,0.9149344250168769,0.02277920387884389,,measured_nonempty
MoE20-R5,core_13,bigbench_dyck_languages,base,6641,11,12,prefill,0,0,8,all_8_ranks_SUM_after_task,123ebc44b5823f0a06cc9aa2575e803365ca82fb4a551359ecada68aadbe3a09,,,,no_positions_no_balance_evidence
MoE20-R5,core_13,bigbench_dyck_languages,base,6641,11,12,decode,0,0,8,all_8_ranks_SUM_after_task,123ebc44b5823f0a06cc9aa2575e803365ca82fb4a551359ecada68aadbe3a09,,,,no_positions_no_balance_evidence
MoE20-R5,core_13,bigbench_dyck_languages,base,6641,11,12,other,588629,1177258,8,all_8_ranks_SUM_after_task,123ebc44b5823f0a06cc9aa2575e803365ca82fb4a551359ecada68aadbe3a09,0.9149344250168769,0.02277920387884389,,measured_nonempty
MoE20-R5,core_13,bigbench_dyck_languages,base,6641,13,14,total,588629,1177258,8,all_8_ranks_SUM_after_task,123ebc44b5823f0a06cc9aa2575e803365ca82fb4a551359ecada68aadbe3a09,1.0901260198488314,0.014392766921099708,,measured_nonempty
MoE20-R5,core_13,bigbench_dyck_languages,base,6641,13,14,prefill,0,0,8,all_8_ranks_SUM_after_task,123ebc44b5823f0a06cc9aa2575e803365ca82fb4a551359ecada68aadbe3a09,,,,no_positions_no_balance_evidence
MoE20-R5,core_13,bigbench_dyck_languages,base,6641,13,14,decode,0,0,8,all_8_ranks_SUM_after_task,123ebc44b5823f0a06cc9aa2575e803365ca82fb4a551359ecada68aadbe3a09,,,,no_positions_no_balance_evidence
MoE20-R5,core_13,bigbench_dyck_languages,base,6641,13,14,other,588629,1177258,8,all_8_ranks_SUM_after_task,123ebc44b5823f0a06cc9aa2575e803365ca82fb4a551359ecada68aadbe3a09,1.0901260198488314,0.014392766921099708,,measured_nonempty
MoE20-R5,core_13,bigbench_dyck_languages,base,6641,15,16,total,588629,1177258,8,all_8_ranks_SUM_after_task,123ebc44b5823f0a06cc9aa2575e803365ca82fb4a551359ecada68aadbe3a09,1.1099469582624275,0.02477281955187393,,measured_nonempty
MoE20-R5,core_13,bigbench_dyck_languages,base,6641,15,16,prefill,0,0,8,all_8_ranks_SUM_after_task,123ebc44b5823f0a06cc9aa2575e803365ca82fb4a551359ecada68aadbe3a09,,,,no_positions_no_balance_evidence
MoE20-R5,core_13,bigbench_dyck_languages,base,6641,15,16,decode,0,0,8,all_8_ranks_SUM_after_task,123ebc44b5823f0a06cc9aa2575e803365ca82fb4a551359ecada68aadbe3a09,,,,no_positions_no_balance_evidence
MoE20-R5,core_13,bigbench_dyck_languages,base,6641,15,16,other,588629,1177258,8,all_8_ranks_SUM_after_task,123ebc44b5823f0a06cc9aa2575e803365ca82fb4a551359ecada68aadbe3a09,1.1099469582624275,0.02477281955187393,,measured_nonempty
MoE20-R5,core_13,bigbench_dyck_languages,base,6641,17,18,total,588629,1177258,8,all_8_ranks_SUM_after_task,123ebc44b5823f0a06cc9aa2575e803365ca82fb4a551359ecada68aadbe3a09,1.1289899298997992,0.006191506025017455,,measured_nonempty
MoE20-R5,core_13,bigbench_dyck_languages,base,6641,17,18,prefill,0,0,8,all_8_ranks_SUM_after_task,123ebc44b5823f0a06cc9aa2575e803365ca82fb4a551359ecada68aadbe3a09,,,,no_positions_no_balance_evidence
MoE20-R5,core_13,bigbench_dyck_languages,base,6641,17,18,decode,0,0,8,all_8_ranks_SUM_after_task,123ebc44b5823f0a06cc9aa2575e803365ca82fb4a551359ecada68aadbe3a09,,,,no_positions_no_balance_evidence
MoE20-R5,core_13,bigbench_dyck_languages,base,6641,17,18,other,588629,1177258,8,all_8_ranks_SUM_after_task,123ebc44b5823f0a06cc9aa2575e803365ca82fb4a551359ecada68aadbe3a09,1.1289899298997992,0.006191506025017455,,measured_nonempty
MoE20-R5,core_13,bigbench_dyck_languages,base,6641,19,20,total,588629,1177258,8,all_8_ranks_SUM_after_task,123ebc44b5823f0a06cc9aa2575e803365ca82fb4a551359ecada68aadbe3a09,1.0460639245979186,0.0015739965241264023,,measured_nonempty
MoE20-R5,core_13,bigbench_dyck_languages,base,6641,19,20,prefill,0,0,8,all_8_ranks_SUM_after_task,123ebc44b5823f0a06cc9aa2575e803365ca82fb4a551359ecada68aadbe3a09,,,,no_positions_no_balance_evidence
MoE20-R5,core_13,bigbench_dyck_languages,base,6641,19,20,decode,0,0,8,all_8_ranks_SUM_after_task,123ebc44b5823f0a06cc9aa2575e803365ca82fb4a551359ecada68aadbe3a09,,,,no_positions_no_balance_evidence
MoE20-R5,core_13,bigbench_dyck_languages,base,6641,19,20,other,588629,1177258,8,all_8_ranks_SUM_after_task,123ebc44b5823f0a06cc9aa2575e803365ca82fb4a551359ecada68aadbe3a09,1.0460639245979186,0.0015739965241264023,,measured_nonempty
MoE20-R5,core_14,agi_eval_lsat_ar,base,6641,1,2,total,817784,1635568,8,all_8_ranks_SUM_after_task,3013db95ed5d7a7726de91e84ae890badc5946de36b4bb800217fdade8e12738,0.256724382562432,0.06886659558025102,,measured_nonempty
MoE20-R5,core_14,agi_eval_lsat_ar,base,6641,1,2,prefill,0,0,8,all_8_ranks_SUM_after_task,3013db95ed5d7a7726de91e84ae890badc5946de36b4bb800217fdade8e12738,,,,no_positions_no_balance_evidence
MoE20-R5,core_14,agi_eval_lsat_ar,base,6641,1,2,decode,0,0,8,all_8_ranks_SUM_after_task,3013db95ed5d7a7726de91e84ae890badc5946de36b4bb800217fdade8e12738,,,,no_positions_no_balance_evidence
MoE20-R5,core_14,agi_eval_lsat_ar,base,6641,1,2,other,817784,1635568,8,all_8_ranks_SUM_after_task,3013db95ed5d7a7726de91e84ae890badc5946de36b4bb800217fdade8e12738,0.256724382562432,0.06886659558025102,,measured_nonempty
MoE20-R5,core_14,agi_eval_lsat_ar,base,6641,3,4,total,817784,1635568,8,all_8_ranks_SUM_after_task,3013db95ed5d7a7726de91e84ae890badc5946de36b4bb800217fdade8e12738,0.2871075314308617,0.09830224117859973,,measured_nonempty
MoE20-R5,core_14,agi_eval_lsat_ar,base,6641,3,4,prefill,0,0,8,all_8_ranks_SUM_after_task,3013db95ed5d7a7726de91e84ae890badc5946de36b4bb800217fdade8e12738,,,,no_positions_no_balance_evidence
MoE20-R5,core_14,agi_eval_lsat_ar,base,6641,3,4,decode,0,0,8,all_8_ranks_SUM_after_task,3013db95ed5d7a7726de91e84ae890badc5946de36b4bb800217fdade8e12738,,,,no_positions_no_balance_evidence
MoE20-R5,core_14,agi_eval_lsat_ar,base,6641,3,4,other,817784,1635568,8,all_8_ranks_SUM_after_task,3013db95ed5d7a7726de91e84ae890badc5946de36b4bb800217fdade8e12738,0.2871075314308617,0.09830224117859973,,measured_nonempty
MoE20-R5,core_14,agi_eval_lsat_ar,base,6641,5,6,total,817784,1635568,8,all_8_ranks_SUM_after_task,3013db95ed5d7a7726de91e84ae890badc5946de36b4bb800217fdade8e12738,0.3590498509178638,0.08414935973313246,,measured_nonempty
MoE20-R5,core_14,agi_eval_lsat_ar,base,6641,5,6,prefill,0,0,8,all_8_ranks_SUM_after_task,3013db95ed5d7a7726de91e84ae890badc5946de36b4bb800217fdade8e12738,,,,no_positions_no_balance_evidence
MoE20-R5,core_14,agi_eval_lsat_ar,base,6641,5,6,decode,0,0,8,all_8_ranks_SUM_after_task,3013db95ed5d7a7726de91e84ae890badc5946de36b4bb800217fdade8e12738,,,,no_positions_no_balance_evidence
MoE20-R5,core_14,agi_eval_lsat_ar,base,6641,5,6,other,817784,1635568,8,all_8_ranks_SUM_after_task,3013db95ed5d7a7726de91e84ae890badc5946de36b4bb800217fdade8e12738,0.3590498509178638,0.08414935973313246,,measured_nonempty
MoE20-R5,core_14,agi_eval_lsat_ar,base,6641,7,8,total,817784,1635568,8,all_8_ranks_SUM_after_task,3013db95ed5d7a7726de91e84ae890badc5946de36b4bb800217fdade8e12738,0.22917061206226846,0.08309040039912739,,measured_nonempty
MoE20-R5,core_14,agi_eval_lsat_ar,base,6641,7,8,prefill,0,0,8,all_8_ranks_SUM_after_task,3013db95ed5d7a7726de91e84ae890badc5946de36b4bb800217fdade8e12738,,,,no_positions_no_balance_evidence
MoE20-R5,core_14,agi_eval_lsat_ar,base,6641,7,8,decode,0,0,8,all_8_ranks_SUM_after_task,3013db95ed5d7a7726de91e84ae890badc5946de36b4bb800217fdade8e12738,,,,no_positions_no_balance_evidence
MoE20-R5,core_14,agi_eval_lsat_ar,base,6641,7,8,other,817784,1635568,8,all_8_ranks_SUM_after_task,3013db95ed5d7a7726de91e84ae890badc5946de36b4bb800217fdade8e12738,0.22917061206226846,0.08309040039912739,,measured_nonempty
MoE20-R5,core_14,agi_eval_lsat_ar,base,6641,9,10,total,817784,1635568,8,all_8_ranks_SUM_after_task,3013db95ed5d7a7726de91e84ae890badc5946de36b4bb800217fdade8e12738,0.23019544809708917,0.08828003482582197,,measured_nonempty
MoE20-R5,core_14,agi_eval_lsat_ar,base,6641,9,10,prefill,0,0,8,all_8_ranks_SUM_after_task,3013db95ed5d7a7726de91e84ae890badc5946de36b4bb800217fdade8e12738,,,,no_positions_no_balance_evidence
MoE20-R5,core_14,agi_eval_lsat_ar,base,6641,9,10,decode,0,0,8,all_8_ranks_SUM_after_task,3013db95ed5d7a7726de91e84ae890badc5946de36b4bb800217fdade8e12738,,,,no_positions_no_balance_evidence
MoE20-R5,core_14,agi_eval_lsat_ar,base,6641,9,10,other,817784,1635568,8,all_8_ranks_SUM_after_task,3013db95ed5d7a7726de91e84ae890badc5946de36b4bb800217fdade8e12738,0.23019544809708917,0.08828003482582197,,measured_nonempty
MoE20-R5,core_14,agi_eval_lsat_ar,base,6641,11,12,total,817784,1635568,8,all_8_ranks_SUM_after_task,3013db95ed5d7a7726de91e84ae890badc5946de36b4bb800217fdade8e12738,0.33969592321483816,0.06677068761433337,,measured_nonempty
MoE20-R5,core_14,agi_eval_lsat_ar,base,6641,11,12,prefill,0,0,8,all_8_ranks_SUM_after_task,3013db95ed5d7a7726de91e84ae890badc5946de36b4bb800217fdade8e12738,,,,no_positions_no_balance_evidence
MoE20-R5,core_14,agi_eval_lsat_ar,base,6641,11,12,decode,0,0,8,all_8_ranks_SUM_after_task,3013db95ed5d7a7726de91e84ae890badc5946de36b4bb800217fdade8e12738,,,,no_positions_no_balance_evidence
MoE20-R5,core_14,agi_eval_lsat_ar,base,6641,11,12,other,817784,1635568,8,all_8_ranks_SUM_after_task,3013db95ed5d7a7726de91e84ae890badc5946de36b4bb800217fdade8e12738,0.33969592321483816,0.06677068761433337,,measured_nonempty
MoE20-R5,core_14,agi_eval_lsat_ar,base,6641,13,14,total,817784,1635568,8,all_8_ranks_SUM_after_task,3013db95ed5d7a7726de91e84ae890badc5946de36b4bb800217fdade8e12738,0.21451600750498712,0.09310832689316495,,measured_nonempty
MoE20-R5,core_14,agi_eval_lsat_ar,base,6641,13,14,prefill,0,0,8,all_8_ranks_SUM_after_task,3013db95ed5d7a7726de91e84ae890badc5946de36b4bb800217fdade8e12738,,,,no_positions_no_balance_evidence
MoE20-R5,core_14,agi_eval_lsat_ar,base,6641,13,14,decode,0,0,8,all_8_ranks_SUM_after_task,3013db95ed5d7a7726de91e84ae890badc5946de36b4bb800217fdade8e12738,,,,no_positions_no_balance_evidence
MoE20-R5,core_14,agi_eval_lsat_ar,base,6641,13,14,other,817784,1635568,8,all_8_ranks_SUM_after_task,3013db95ed5d7a7726de91e84ae890badc5946de36b4bb800217fdade8e12738,0.21451600750498712,0.09310832689316495,,measured_nonempty
MoE20-R5,core_14,agi_eval_lsat_ar,base,6641,15,16,total,817784,1635568,8,all_8_ranks_SUM_after_task,3013db95ed5d7a7726de91e84ae890badc5946de36b4bb800217fdade8e12738,0.35911174944541513,0.07343259344765855,,measured_nonempty
MoE20-R5,core_14,agi_eval_lsat_ar,base,6641,15,16,prefill,0,0,8,all_8_ranks_SUM_after_task,3013db95ed5d7a7726de91e84ae890badc5946de36b4bb800217fdade8e12738,,,,no_positions_no_balance_evidence
MoE20-R5,core_14,agi_eval_lsat_ar,base,6641,15,16,decode,0,0,8,all_8_ranks_SUM_after_task,3013db95ed5d7a7726de91e84ae890badc5946de36b4bb800217fdade8e12738,,,,no_positions_no_balance_evidence
MoE20-R5,core_14,agi_eval_lsat_ar,base,6641,15,16,other,817784,1635568,8,all_8_ranks_SUM_after_task,3013db95ed5d7a7726de91e84ae890badc5946de36b4bb800217fdade8e12738,0.35911174944541513,0.07343259344765855,,measured_nonempty
MoE20-R5,core_14,agi_eval_lsat_ar,base,6641,17,18,total,817784,1635568,8,all_8_ranks_SUM_after_task,3013db95ed5d7a7726de91e84ae890badc5946de36b4bb800217fdade8e12738,0.3398191116089228,0.041345881063948424,,measured_nonempty
MoE20-R5,core_14,agi_eval_lsat_ar,base,6641,17,18,prefill,0,0,8,all_8_ranks_SUM_after_task,3013db95ed5d7a7726de91e84ae890badc5946de36b4bb800217fdade8e12738,,,,no_positions_no_balance_evidence
MoE20-R5,core_14,agi_eval_lsat_ar,base,6641,17,18,decode,0,0,8,all_8_ranks_SUM_after_task,3013db95ed5d7a7726de91e84ae890badc5946de36b4bb800217fdade8e12738,,,,no_positions_no_balance_evidence
MoE20-R5,core_14,agi_eval_lsat_ar,base,6641,17,18,other,817784,1635568,8,all_8_ranks_SUM_after_task,3013db95ed5d7a7726de91e84ae890badc5946de36b4bb800217fdade8e12738,0.3398191116089228,0.041345881063948424,,measured_nonempty
MoE20-R5,core_14,agi_eval_lsat_ar,base,6641,19,20,total,817784,1635568,8,all_8_ranks_SUM_after_task,3013db95ed5d7a7726de91e84ae890badc5946de36b4bb800217fdade8e12738,0.29061739240308954,0.08250589397689366,,measured_nonempty
MoE20-R5,core_14,agi_eval_lsat_ar,base,6641,19,20,prefill,0,0,8,all_8_ranks_SUM_after_task,3013db95ed5d7a7726de91e84ae890badc5946de36b4bb800217fdade8e12738,,,,no_positions_no_balance_evidence
MoE20-R5,core_14,agi_eval_lsat_ar,base,6641,19,20,decode,0,0,8,all_8_ranks_SUM_after_task,3013db95ed5d7a7726de91e84ae890badc5946de36b4bb800217fdade8e12738,,,,no_positions_no_balance_evidence
MoE20-R5,core_14,agi_eval_lsat_ar,base,6641,19,20,other,817784,1635568,8,all_8_ranks_SUM_after_task,3013db95ed5d7a7726de91e84ae890badc5946de36b4bb800217fdade8e12738,0.29061739240308954,0.08250589397689366,,measured_nonempty
MoE20-R5,core_15,bigbench_cs_algorithms,base,6641,1,2,total,647764,1295528,8,all_8_ranks_SUM_after_task,f52a7b0782fbd31808a92f8f1c26d85f7746775106105845fa975cf3e493e483,0.5329618115201054,0.0361613180108805,,measured_nonempty
MoE20-R5,core_15,bigbench_cs_algorithms,base,6641,1,2,prefill,0,0,8,all_8_ranks_SUM_after_task,f52a7b0782fbd31808a92f8f1c26d85f7746775106105845fa975cf3e493e483,,,,no_positions_no_balance_evidence
MoE20-R5,core_15,bigbench_cs_algorithms,base,6641,1,2,decode,0,0,8,all_8_ranks_SUM_after_task,f52a7b0782fbd31808a92f8f1c26d85f7746775106105845fa975cf3e493e483,,,,no_positions_no_balance_evidence
MoE20-R5,core_15,bigbench_cs_algorithms,base,6641,1,2,other,647764,1295528,8,all_8_ranks_SUM_after_task,f52a7b0782fbd31808a92f8f1c26d85f7746775106105845fa975cf3e493e483,0.5329618115201054,0.0361613180108805,,measured_nonempty
MoE20-R5,core_15,bigbench_cs_algorithms,base,6641,3,4,total,647764,1295528,8,all_8_ranks_SUM_after_task,f52a7b0782fbd31808a92f8f1c26d85f7746775106105845fa975cf3e493e483,0.5879221514021974,0.041084407284134344,,measured_nonempty
MoE20-R5,core_15,bigbench_cs_algorithms,base,6641,3,4,prefill,0,0,8,all_8_ranks_SUM_after_task,f52a7b0782fbd31808a92f8f1c26d85f7746775106105845fa975cf3e493e483,,,,no_positions_no_balance_evidence
MoE20-R5,core_15,bigbench_cs_algorithms,base,6641,3,4,decode,0,0,8,all_8_ranks_SUM_after_task,f52a7b0782fbd31808a92f8f1c26d85f7746775106105845fa975cf3e493e483,,,,no_positions_no_balance_evidence
MoE20-R5,core_15,bigbench_cs_algorithms,base,6641,3,4,other,647764,1295528,8,all_8_ranks_SUM_after_task,f52a7b0782fbd31808a92f8f1c26d85f7746775106105845fa975cf3e493e483,0.5879221514021974,0.041084407284134344,,measured_nonempty
MoE20-R5,core_15,bigbench_cs_algorithms,base,6641,5,6,total,647764,1295528,8,all_8_ranks_SUM_after_task,f52a7b0782fbd31808a92f8f1c26d85f7746775106105845fa975cf3e493e483,0.8259721420142481,0.018451936198986052,,measured_nonempty
MoE20-R5,core_15,bigbench_cs_algorithms,base,6641,5,6,prefill,0,0,8,all_8_ranks_SUM_after_task,f52a7b0782fbd31808a92f8f1c26d85f7746775106105845fa975cf3e493e483,,,,no_positions_no_balance_evidence
MoE20-R5,core_15,bigbench_cs_algorithms,base,6641,5,6,decode,0,0,8,all_8_ranks_SUM_after_task,f52a7b0782fbd31808a92f8f1c26d85f7746775106105845fa975cf3e493e483,,,,no_positions_no_balance_evidence
MoE20-R5,core_15,bigbench_cs_algorithms,base,6641,5,6,other,647764,1295528,8,all_8_ranks_SUM_after_task,f52a7b0782fbd31808a92f8f1c26d85f7746775106105845fa975cf3e493e483,0.8259721420142481,0.018451936198986052,,measured_nonempty
MoE20-R5,core_15,bigbench_cs_algorithms,base,6641,7,8,total,647764,1295528,8,all_8_ranks_SUM_after_task,f52a7b0782fbd31808a92f8f1c26d85f7746775106105845fa975cf3e493e483,0.7203111488279482,0.058705022199443006,,measured_nonempty
MoE20-R5,core_15,bigbench_cs_algorithms,base,6641,7,8,prefill,0,0,8,all_8_ranks_SUM_after_task,f52a7b0782fbd31808a92f8f1c26d85f7746775106105845fa975cf3e493e483,,,,no_positions_no_balance_evidence
MoE20-R5,core_15,bigbench_cs_algorithms,base,6641,7,8,decode,0,0,8,all_8_ranks_SUM_after_task,f52a7b0782fbd31808a92f8f1c26d85f7746775106105845fa975cf3e493e483,,,,no_positions_no_balance_evidence
MoE20-R5,core_15,bigbench_cs_algorithms,base,6641,7,8,other,647764,1295528,8,all_8_ranks_SUM_after_task,f52a7b0782fbd31808a92f8f1c26d85f7746775106105845fa975cf3e493e483,0.7203111488279482,0.058705022199443006,,measured_nonempty
MoE20-R5,core_15,bigbench_cs_algorithms,base,6641,9,10,total,647764,1295528,8,all_8_ranks_SUM_after_task,f52a7b0782fbd31808a92f8f1c26d85f7746775106105845fa975cf3e493e483,0.8349495224137966,0.04969479625295632,,measured_nonempty
MoE20-R5,core_15,bigbench_cs_algorithms,base,6641,9,10,prefill,0,0,8,all_8_ranks_SUM_after_task,f52a7b0782fbd31808a92f8f1c26d85f7746775106105845fa975cf3e493e483,,,,no_positions_no_balance_evidence
MoE20-R5,core_15,bigbench_cs_algorithms,base,6641,9,10,decode,0,0,8,all_8_ranks_SUM_after_task,f52a7b0782fbd31808a92f8f1c26d85f7746775106105845fa975cf3e493e483,,,,no_positions_no_balance_evidence
MoE20-R5,core_15,bigbench_cs_algorithms,base,6641,9,10,other,647764,1295528,8,all_8_ranks_SUM_after_task,f52a7b0782fbd31808a92f8f1c26d85f7746775106105845fa975cf3e493e483,0.8349495224137966,0.04969479625295632,,measured_nonempty
MoE20-R5,core_15,bigbench_cs_algorithms,base,6641,11,12,total,647764,1295528,8,all_8_ranks_SUM_after_task,f52a7b0782fbd31808a92f8f1c26d85f7746775106105845fa975cf3e493e483,0.6720080818832379,0.02962421499187976,,measured_nonempty
MoE20-R5,core_15,bigbench_cs_algorithms,base,6641,11,12,prefill,0,0,8,all_8_ranks_SUM_after_task,f52a7b0782fbd31808a92f8f1c26d85f7746775106105845fa975cf3e493e483,,,,no_positions_no_balance_evidence
MoE20-R5,core_15,bigbench_cs_algorithms,base,6641,11,12,decode,0,0,8,all_8_ranks_SUM_after_task,f52a7b0782fbd31808a92f8f1c26d85f7746775106105845fa975cf3e493e483,,,,no_positions_no_balance_evidence
MoE20-R5,core_15,bigbench_cs_algorithms,base,6641,11,12,other,647764,1295528,8,all_8_ranks_SUM_after_task,f52a7b0782fbd31808a92f8f1c26d85f7746775106105845fa975cf3e493e483,0.6720080818832379,0.02962421499187976,,measured_nonempty
MoE20-R5,core_15,bigbench_cs_algorithms,base,6641,13,14,total,647764,1295528,8,all_8_ranks_SUM_after_task,f52a7b0782fbd31808a92f8f1c26d85f7746775106105845fa975cf3e493e483,1.009613679401013,0.02677827109873349,,measured_nonempty
MoE20-R5,core_15,bigbench_cs_algorithms,base,6641,13,14,prefill,0,0,8,all_8_ranks_SUM_after_task,f52a7b0782fbd31808a92f8f1c26d85f7746775106105845fa975cf3e493e483,,,,no_positions_no_balance_evidence
MoE20-R5,core_15,bigbench_cs_algorithms,base,6641,13,14,decode,0,0,8,all_8_ranks_SUM_after_task,f52a7b0782fbd31808a92f8f1c26d85f7746775106105845fa975cf3e493e483,,,,no_positions_no_balance_evidence
MoE20-R5,core_15,bigbench_cs_algorithms,base,6641,13,14,other,647764,1295528,8,all_8_ranks_SUM_after_task,f52a7b0782fbd31808a92f8f1c26d85f7746775106105845fa975cf3e493e483,1.009613679401013,0.02677827109873349,,measured_nonempty
MoE20-R5,core_15,bigbench_cs_algorithms,base,6641,15,16,total,647764,1295528,8,all_8_ranks_SUM_after_task,f52a7b0782fbd31808a92f8f1c26d85f7746775106105845fa975cf3e493e483,1.0789793560316334,0.02975929505190162,,measured_nonempty
MoE20-R5,core_15,bigbench_cs_algorithms,base,6641,15,16,prefill,0,0,8,all_8_ranks_SUM_after_task,f52a7b0782fbd31808a92f8f1c26d85f7746775106105845fa975cf3e493e483,,,,no_positions_no_balance_evidence
MoE20-R5,core_15,bigbench_cs_algorithms,base,6641,15,16,decode,0,0,8,all_8_ranks_SUM_after_task,f52a7b0782fbd31808a92f8f1c26d85f7746775106105845fa975cf3e493e483,,,,no_positions_no_balance_evidence
MoE20-R5,core_15,bigbench_cs_algorithms,base,6641,15,16,other,647764,1295528,8,all_8_ranks_SUM_after_task,f52a7b0782fbd31808a92f8f1c26d85f7746775106105845fa975cf3e493e483,1.0789793560316334,0.02975929505190162,,measured_nonempty
MoE20-R5,core_15,bigbench_cs_algorithms,base,6641,17,18,total,647764,1295528,8,all_8_ranks_SUM_after_task,f52a7b0782fbd31808a92f8f1c26d85f7746775106105845fa975cf3e493e483,0.8434649308650776,0.012137908250535689,,measured_nonempty
MoE20-R5,core_15,bigbench_cs_algorithms,base,6641,17,18,prefill,0,0,8,all_8_ranks_SUM_after_task,f52a7b0782fbd31808a92f8f1c26d85f7746775106105845fa975cf3e493e483,,,,no_positions_no_balance_evidence
MoE20-R5,core_15,bigbench_cs_algorithms,base,6641,17,18,decode,0,0,8,all_8_ranks_SUM_after_task,f52a7b0782fbd31808a92f8f1c26d85f7746775106105845fa975cf3e493e483,,,,no_positions_no_balance_evidence
MoE20-R5,core_15,bigbench_cs_algorithms,base,6641,17,18,other,647764,1295528,8,all_8_ranks_SUM_after_task,f52a7b0782fbd31808a92f8f1c26d85f7746775106105845fa975cf3e493e483,0.8434649308650776,0.012137908250535689,,measured_nonempty
MoE20-R5,core_15,bigbench_cs_algorithms,base,6641,19,20,total,647764,1295528,8,all_8_ranks_SUM_after_task,f52a7b0782fbd31808a92f8f1c26d85f7746775106105845fa975cf3e493e483,0.984565062430401,0.01144861400139557,,measured_nonempty
MoE20-R5,core_15,bigbench_cs_algorithms,base,6641,19,20,prefill,0,0,8,all_8_ranks_SUM_after_task,f52a7b0782fbd31808a92f8f1c26d85f7746775106105845fa975cf3e493e483,,,,no_positions_no_balance_evidence
MoE20-R5,core_15,bigbench_cs_algorithms,base,6641,19,20,decode,0,0,8,all_8_ranks_SUM_after_task,f52a7b0782fbd31808a92f8f1c26d85f7746775106105845fa975cf3e493e483,,,,no_positions_no_balance_evidence
MoE20-R5,core_15,bigbench_cs_algorithms,base,6641,19,20,other,647764,1295528,8,all_8_ranks_SUM_after_task,f52a7b0782fbd31808a92f8f1c26d85f7746775106105845fa975cf3e493e483,0.984565062430401,0.01144861400139557,,measured_nonempty
MoE20-R5,core_16,bigbench_operators,base,6641,1,2,total,88711,177422,8,all_8_ranks_SUM_after_task,fc660931809883b8d8c97bea54f36e52d4a84e8527138a0cb8a63d416f79425d,0.49649496692526124,0.045535502925229114,,measured_nonempty
MoE20-R5,core_16,bigbench_operators,base,6641,1,2,prefill,0,0,8,all_8_ranks_SUM_after_task,fc660931809883b8d8c97bea54f36e52d4a84e8527138a0cb8a63d416f79425d,,,,no_positions_no_balance_evidence
MoE20-R5,core_16,bigbench_operators,base,6641,1,2,decode,0,0,8,all_8_ranks_SUM_after_task,fc660931809883b8d8c97bea54f36e52d4a84e8527138a0cb8a63d416f79425d,,,,no_positions_no_balance_evidence
MoE20-R5,core_16,bigbench_operators,base,6641,1,2,other,88711,177422,8,all_8_ranks_SUM_after_task,fc660931809883b8d8c97bea54f36e52d4a84e8527138a0cb8a63d416f79425d,0.49649496692526124,0.045535502925229114,,measured_nonempty
MoE20-R5,core_16,bigbench_operators,base,6641,3,4,total,88711,177422,8,all_8_ranks_SUM_after_task,fc660931809883b8d8c97bea54f36e52d4a84e8527138a0cb8a63d416f79425d,0.4102147642287263,0.056740426779091656,,measured_nonempty
MoE20-R5,core_16,bigbench_operators,base,6641,3,4,prefill,0,0,8,all_8_ranks_SUM_after_task,fc660931809883b8d8c97bea54f36e52d4a84e8527138a0cb8a63d416f79425d,,,,no_positions_no_balance_evidence
MoE20-R5,core_16,bigbench_operators,base,6641,3,4,decode,0,0,8,all_8_ranks_SUM_after_task,fc660931809883b8d8c97bea54f36e52d4a84e8527138a0cb8a63d416f79425d,,,,no_positions_no_balance_evidence
MoE20-R5,core_16,bigbench_operators,base,6641,3,4,other,88711,177422,8,all_8_ranks_SUM_after_task,fc660931809883b8d8c97bea54f36e52d4a84e8527138a0cb8a63d416f79425d,0.4102147642287263,0.056740426779091656,,measured_nonempty
MoE20-R5,core_16,bigbench_operators,base,6641,5,6,total,88711,177422,8,all_8_ranks_SUM_after_task,fc660931809883b8d8c97bea54f36e52d4a84e8527138a0cb8a63d416f79425d,0.6080354599978958,0.04131392950141471,,measured_nonempty
MoE20-R5,core_16,bigbench_operators,base,6641,5,6,prefill,0,0,8,all_8_ranks_SUM_after_task,fc660931809883b8d8c97bea54f36e52d4a84e8527138a0cb8a63d416f79425d,,,,no_positions_no_balance_evidence
MoE20-R5,core_16,bigbench_operators,base,6641,5,6,decode,0,0,8,all_8_ranks_SUM_after_task,fc660931809883b8d8c97bea54f36e52d4a84e8527138a0cb8a63d416f79425d,,,,no_positions_no_balance_evidence
MoE20-R5,core_16,bigbench_operators,base,6641,5,6,other,88711,177422,8,all_8_ranks_SUM_after_task,fc660931809883b8d8c97bea54f36e52d4a84e8527138a0cb8a63d416f79425d,0.6080354599978958,0.04131392950141471,,measured_nonempty
MoE20-R5,core_16,bigbench_operators,base,6641,7,8,total,88711,177422,8,all_8_ranks_SUM_after_task,fc660931809883b8d8c97bea54f36e52d4a84e8527138a0cb8a63d416f79425d,0.6702496866565485,0.030841721996144784,,measured_nonempty
MoE20-R5,core_16,bigbench_operators,base,6641,7,8,prefill,0,0,8,all_8_ranks_SUM_after_task,fc660931809883b8d8c97bea54f36e52d4a84e8527138a0cb8a63d416f79425d,,,,no_positions_no_balance_evidence
MoE20-R5,core_16,bigbench_operators,base,6641,7,8,decode,0,0,8,all_8_ranks_SUM_after_task,fc660931809883b8d8c97bea54f36e52d4a84e8527138a0cb8a63d416f79425d,,,,no_positions_no_balance_evidence
MoE20-R5,core_16,bigbench_operators,base,6641,7,8,other,88711,177422,8,all_8_ranks_SUM_after_task,fc660931809883b8d8c97bea54f36e52d4a84e8527138a0cb8a63d416f79425d,0.6702496866565485,0.030841721996144784,,measured_nonempty
MoE20-R5,core_16,bigbench_operators,base,6641,9,10,total,88711,177422,8,all_8_ranks_SUM_after_task,fc660931809883b8d8c97bea54f36e52d4a84e8527138a0cb8a63d416f79425d,0.7464453433730166,0.023993642276606057,,measured_nonempty
MoE20-R5,core_16,bigbench_operators,base,6641,9,10,prefill,0,0,8,all_8_ranks_SUM_after_task,fc660931809883b8d8c97bea54f36e52d4a84e8527138a0cb8a63d416f79425d,,,,no_positions_no_balance_evidence
MoE20-R5,core_16,bigbench_operators,base,6641,9,10,decode,0,0,8,all_8_ranks_SUM_after_task,fc660931809883b8d8c97bea54f36e52d4a84e8527138a0cb8a63d416f79425d,,,,no_positions_no_balance_evidence
MoE20-R5,core_16,bigbench_operators,base,6641,9,10,other,88711,177422,8,all_8_ranks_SUM_after_task,fc660931809883b8d8c97bea54f36e52d4a84e8527138a0cb8a63d416f79425d,0.7464453433730166,0.023993642276606057,,measured_nonempty
MoE20-R5,core_16,bigbench_operators,base,6641,11,12,total,88711,177422,8,all_8_ranks_SUM_after_task,fc660931809883b8d8c97bea54f36e52d4a84e8527138a0cb8a63d416f79425d,0.5870448992012304,0.04515787219172369,,measured_nonempty
MoE20-R5,core_16,bigbench_operators,base,6641,11,12,prefill,0,0,8,all_8_ranks_SUM_after_task,fc660931809883b8d8c97bea54f36e52d4a84e8527138a0cb8a63d416f79425d,,,,no_positions_no_balance_evidence
MoE20-R5,core_16,bigbench_operators,base,6641,11,12,decode,0,0,8,all_8_ranks_SUM_after_task,fc660931809883b8d8c97bea54f36e52d4a84e8527138a0cb8a63d416f79425d,,,,no_positions_no_balance_evidence
MoE20-R5,core_16,bigbench_operators,base,6641,11,12,other,88711,177422,8,all_8_ranks_SUM_after_task,fc660931809883b8d8c97bea54f36e52d4a84e8527138a0cb8a63d416f79425d,0.5870448992012304,0.04515787219172369,,measured_nonempty
MoE20-R5,core_16,bigbench_operators,base,6641,13,14,total,88711,177422,8,all_8_ranks_SUM_after_task,fc660931809883b8d8c97bea54f36e52d4a84e8527138a0cb8a63d416f79425d,0.7760220079909175,0.044086979066857546,,measured_nonempty
MoE20-R5,core_16,bigbench_operators,base,6641,13,14,prefill,0,0,8,all_8_ranks_SUM_after_task,fc660931809883b8d8c97bea54f36e52d4a84e8527138a0cb8a63d416f79425d,,,,no_positions_no_balance_evidence
MoE20-R5,core_16,bigbench_operators,base,6641,13,14,decode,0,0,8,all_8_ranks_SUM_after_task,fc660931809883b8d8c97bea54f36e52d4a84e8527138a0cb8a63d416f79425d,,,,no_positions_no_balance_evidence
MoE20-R5,core_16,bigbench_operators,base,6641,13,14,other,88711,177422,8,all_8_ranks_SUM_after_task,fc660931809883b8d8c97bea54f36e52d4a84e8527138a0cb8a63d416f79425d,0.7760220079909175,0.044086979066857546,,measured_nonempty
MoE20-R5,core_16,bigbench_operators,base,6641,15,16,total,88711,177422,8,all_8_ranks_SUM_after_task,fc660931809883b8d8c97bea54f36e52d4a84e8527138a0cb8a63d416f79425d,0.7505841839800264,0.03233533609135282,,measured_nonempty
MoE20-R5,core_16,bigbench_operators,base,6641,15,16,prefill,0,0,8,all_8_ranks_SUM_after_task,fc660931809883b8d8c97bea54f36e52d4a84e8527138a0cb8a63d416f79425d,,,,no_positions_no_balance_evidence
MoE20-R5,core_16,bigbench_operators,base,6641,15,16,decode,0,0,8,all_8_ranks_SUM_after_task,fc660931809883b8d8c97bea54f36e52d4a84e8527138a0cb8a63d416f79425d,,,,no_positions_no_balance_evidence
MoE20-R5,core_16,bigbench_operators,base,6641,15,16,other,88711,177422,8,all_8_ranks_SUM_after_task,fc660931809883b8d8c97bea54f36e52d4a84e8527138a0cb8a63d416f79425d,0.7505841839800264,0.03233533609135282,,measured_nonempty
MoE20-R5,core_16,bigbench_operators,base,6641,17,18,total,88711,177422,8,all_8_ranks_SUM_after_task,fc660931809883b8d8c97bea54f36e52d4a84e8527138a0cb8a63d416f79425d,0.8143023523212751,0.002643415134537994,,measured_nonempty
MoE20-R5,core_16,bigbench_operators,base,6641,17,18,prefill,0,0,8,all_8_ranks_SUM_after_task,fc660931809883b8d8c97bea54f36e52d4a84e8527138a0cb8a63d416f79425d,,,,no_positions_no_balance_evidence
MoE20-R5,core_16,bigbench_operators,base,6641,17,18,decode,0,0,8,all_8_ranks_SUM_after_task,fc660931809883b8d8c97bea54f36e52d4a84e8527138a0cb8a63d416f79425d,,,,no_positions_no_balance_evidence
MoE20-R5,core_16,bigbench_operators,base,6641,17,18,other,88711,177422,8,all_8_ranks_SUM_after_task,fc660931809883b8d8c97bea54f36e52d4a84e8527138a0cb8a63d416f79425d,0.8143023523212751,0.002643415134537994,,measured_nonempty
MoE20-R5,core_16,bigbench_operators,base,6641,19,20,total,88711,177422,8,all_8_ranks_SUM_after_task,fc660931809883b8d8c97bea54f36e52d4a84e8527138a0cb8a63d416f79425d,0.8647795715691675,0.01673975042553911,,measured_nonempty
MoE20-R5,core_16,bigbench_operators,base,6641,19,20,prefill,0,0,8,all_8_ranks_SUM_after_task,fc660931809883b8d8c97bea54f36e52d4a84e8527138a0cb8a63d416f79425d,,,,no_positions_no_balance_evidence
MoE20-R5,core_16,bigbench_operators,base,6641,19,20,decode,0,0,8,all_8_ranks_SUM_after_task,fc660931809883b8d8c97bea54f36e52d4a84e8527138a0cb8a63d416f79425d,,,,no_positions_no_balance_evidence
MoE20-R5,core_16,bigbench_operators,base,6641,19,20,other,88711,177422,8,all_8_ranks_SUM_after_task,fc660931809883b8d8c97bea54f36e52d4a84e8527138a0cb8a63d416f79425d,0.8647795715691675,0.01673975042553911,,measured_nonempty
MoE20-R5,core_17,bigbench_repeat_copy_logic,base,6641,1,2,total,14901,29802,8,all_8_ranks_SUM_after_task,57afe467a193bac3c0e909e37cf297d269304f79852603f4c6958b1b3d92cc18,0.24181699224851697,0.07811556271391182,,measured_nonempty
MoE20-R5,core_17,bigbench_repeat_copy_logic,base,6641,1,2,prefill,0,0,8,all_8_ranks_SUM_after_task,57afe467a193bac3c0e909e37cf297d269304f79852603f4c6958b1b3d92cc18,,,,no_positions_no_balance_evidence
MoE20-R5,core_17,bigbench_repeat_copy_logic,base,6641,1,2,decode,0,0,8,all_8_ranks_SUM_after_task,57afe467a193bac3c0e909e37cf297d269304f79852603f4c6958b1b3d92cc18,,,,no_positions_no_balance_evidence
MoE20-R5,core_17,bigbench_repeat_copy_logic,base,6641,1,2,other,14901,29802,8,all_8_ranks_SUM_after_task,57afe467a193bac3c0e909e37cf297d269304f79852603f4c6958b1b3d92cc18,0.24181699224851697,0.07811556271391182,,measured_nonempty
MoE20-R5,core_17,bigbench_repeat_copy_logic,base,6641,3,4,total,14901,29802,8,all_8_ranks_SUM_after_task,57afe467a193bac3c0e909e37cf297d269304f79852603f4c6958b1b3d92cc18,0.38326309153157545,0.06036507616938461,,measured_nonempty
MoE20-R5,core_17,bigbench_repeat_copy_logic,base,6641,3,4,prefill,0,0,8,all_8_ranks_SUM_after_task,57afe467a193bac3c0e909e37cf297d269304f79852603f4c6958b1b3d92cc18,,,,no_positions_no_balance_evidence
MoE20-R5,core_17,bigbench_repeat_copy_logic,base,6641,3,4,decode,0,0,8,all_8_ranks_SUM_after_task,57afe467a193bac3c0e909e37cf297d269304f79852603f4c6958b1b3d92cc18,,,,no_positions_no_balance_evidence
MoE20-R5,core_17,bigbench_repeat_copy_logic,base,6641,3,4,other,14901,29802,8,all_8_ranks_SUM_after_task,57afe467a193bac3c0e909e37cf297d269304f79852603f4c6958b1b3d92cc18,0.38326309153157545,0.06036507616938461,,measured_nonempty
MoE20-R5,core_17,bigbench_repeat_copy_logic,base,6641,5,6,total,14901,29802,8,all_8_ranks_SUM_after_task,57afe467a193bac3c0e909e37cf297d269304f79852603f4c6958b1b3d92cc18,0.5664683836951302,0.05466076102275015,,measured_nonempty
MoE20-R5,core_17,bigbench_repeat_copy_logic,base,6641,5,6,prefill,0,0,8,all_8_ranks_SUM_after_task,57afe467a193bac3c0e909e37cf297d269304f79852603f4c6958b1b3d92cc18,,,,no_positions_no_balance_evidence
MoE20-R5,core_17,bigbench_repeat_copy_logic,base,6641,5,6,decode,0,0,8,all_8_ranks_SUM_after_task,57afe467a193bac3c0e909e37cf297d269304f79852603f4c6958b1b3d92cc18,,,,no_positions_no_balance_evidence
MoE20-R5,core_17,bigbench_repeat_copy_logic,base,6641,5,6,other,14901,29802,8,all_8_ranks_SUM_after_task,57afe467a193bac3c0e909e37cf297d269304f79852603f4c6958b1b3d92cc18,0.5664683836951302,0.05466076102275015,,measured_nonempty
MoE20-R5,core_17,bigbench_repeat_copy_logic,base,6641,7,8,total,14901,29802,8,all_8_ranks_SUM_after_task,57afe467a193bac3c0e909e37cf297d269304f79852603f4c6958b1b3d92cc18,0.4741988842493497,0.06580095295617744,,measured_nonempty
MoE20-R5,core_17,bigbench_repeat_copy_logic,base,6641,7,8,prefill,0,0,8,all_8_ranks_SUM_after_task,57afe467a193bac3c0e909e37cf297d269304f79852603f4c6958b1b3d92cc18,,,,no_positions_no_balance_evidence
MoE20-R5,core_17,bigbench_repeat_copy_logic,base,6641,7,8,decode,0,0,8,all_8_ranks_SUM_after_task,57afe467a193bac3c0e909e37cf297d269304f79852603f4c6958b1b3d92cc18,,,,no_positions_no_balance_evidence
MoE20-R5,core_17,bigbench_repeat_copy_logic,base,6641,7,8,other,14901,29802,8,all_8_ranks_SUM_after_task,57afe467a193bac3c0e909e37cf297d269304f79852603f4c6958b1b3d92cc18,0.4741988842493497,0.06580095295617744,,measured_nonempty
MoE20-R5,core_17,bigbench_repeat_copy_logic,base,6641,9,10,total,14901,29802,8,all_8_ranks_SUM_after_task,57afe467a193bac3c0e909e37cf297d269304f79852603f4c6958b1b3d92cc18,0.5654418731514931,0.051942822629353735,,measured_nonempty
MoE20-R5,core_17,bigbench_repeat_copy_logic,base,6641,9,10,prefill,0,0,8,all_8_ranks_SUM_after_task,57afe467a193bac3c0e909e37cf297d269304f79852603f4c6958b1b3d92cc18,,,,no_positions_no_balance_evidence
MoE20-R5,core_17,bigbench_repeat_copy_logic,base,6641,9,10,decode,0,0,8,all_8_ranks_SUM_after_task,57afe467a193bac3c0e909e37cf297d269304f79852603f4c6958b1b3d92cc18,,,,no_positions_no_balance_evidence
MoE20-R5,core_17,bigbench_repeat_copy_logic,base,6641,9,10,other,14901,29802,8,all_8_ranks_SUM_after_task,57afe467a193bac3c0e909e37cf297d269304f79852603f4c6958b1b3d92cc18,0.5654418731514931,0.051942822629353735,,measured_nonempty
MoE20-R5,core_17,bigbench_repeat_copy_logic,base,6641,11,12,total,14901,29802,8,all_8_ranks_SUM_after_task,57afe467a193bac3c0e909e37cf297d269304f79852603f4c6958b1b3d92cc18,0.5237254027915242,0.048318904771491845,,measured_nonempty
MoE20-R5,core_17,bigbench_repeat_copy_logic,base,6641,11,12,prefill,0,0,8,all_8_ranks_SUM_after_task,57afe467a193bac3c0e909e37cf297d269304f79852603f4c6958b1b3d92cc18,,,,no_positions_no_balance_evidence
MoE20-R5,core_17,bigbench_repeat_copy_logic,base,6641,11,12,decode,0,0,8,all_8_ranks_SUM_after_task,57afe467a193bac3c0e909e37cf297d269304f79852603f4c6958b1b3d92cc18,,,,no_positions_no_balance_evidence
MoE20-R5,core_17,bigbench_repeat_copy_logic,base,6641,11,12,other,14901,29802,8,all_8_ranks_SUM_after_task,57afe467a193bac3c0e909e37cf297d269304f79852603f4c6958b1b3d92cc18,0.5237254027915242,0.048318904771491845,,measured_nonempty
MoE20-R5,core_17,bigbench_repeat_copy_logic,base,6641,13,14,total,14901,29802,8,all_8_ranks_SUM_after_task,57afe467a193bac3c0e909e37cf297d269304f79852603f4c6958b1b3d92cc18,0.3435728072351344,0.085430508019596,,measured_nonempty
MoE20-R5,core_17,bigbench_repeat_copy_logic,base,6641,13,14,prefill,0,0,8,all_8_ranks_SUM_after_task,57afe467a193bac3c0e909e37cf297d269304f79852603f4c6958b1b3d92cc18,,,,no_positions_no_balance_evidence
MoE20-R5,core_17,bigbench_repeat_copy_logic,base,6641,13,14,decode,0,0,8,all_8_ranks_SUM_after_task,57afe467a193bac3c0e909e37cf297d269304f79852603f4c6958b1b3d92cc18,,,,no_positions_no_balance_evidence
MoE20-R5,core_17,bigbench_repeat_copy_logic,base,6641,13,14,other,14901,29802,8,all_8_ranks_SUM_after_task,57afe467a193bac3c0e909e37cf297d269304f79852603f4c6958b1b3d92cc18,0.3435728072351344,0.085430508019596,,measured_nonempty
MoE20-R5,core_17,bigbench_repeat_copy_logic,base,6641,15,16,total,14901,29802,8,all_8_ranks_SUM_after_task,57afe467a193bac3c0e909e37cf297d269304f79852603f4c6958b1b3d92cc18,0.5519673124557405,0.055566740487215625,,measured_nonempty
MoE20-R5,core_17,bigbench_repeat_copy_logic,base,6641,15,16,prefill,0,0,8,all_8_ranks_SUM_after_task,57afe467a193bac3c0e909e37cf297d269304f79852603f4c6958b1b3d92cc18,,,,no_positions_no_balance_evidence
MoE20-R5,core_17,bigbench_repeat_copy_logic,base,6641,15,16,decode,0,0,8,all_8_ranks_SUM_after_task,57afe467a193bac3c0e909e37cf297d269304f79852603f4c6958b1b3d92cc18,,,,no_positions_no_balance_evidence
MoE20-R5,core_17,bigbench_repeat_copy_logic,base,6641,15,16,other,14901,29802,8,all_8_ranks_SUM_after_task,57afe467a193bac3c0e909e37cf297d269304f79852603f4c6958b1b3d92cc18,0.5519673124557405,0.055566740487215625,,measured_nonempty
MoE20-R5,core_17,bigbench_repeat_copy_logic,base,6641,17,18,total,14901,29802,8,all_8_ranks_SUM_after_task,57afe467a193bac3c0e909e37cf297d269304f79852603f4c6958b1b3d92cc18,0.355345063379841,0.07519629555063419,,measured_nonempty
MoE20-R5,core_17,bigbench_repeat_copy_logic,base,6641,17,18,prefill,0,0,8,all_8_ranks_SUM_after_task,57afe467a193bac3c0e909e37cf297d269304f79852603f4c6958b1b3d92cc18,,,,no_positions_no_balance_evidence
MoE20-R5,core_17,bigbench_repeat_copy_logic,base,6641,17,18,decode,0,0,8,all_8_ranks_SUM_after_task,57afe467a193bac3c0e909e37cf297d269304f79852603f4c6958b1b3d92cc18,,,,no_positions_no_balance_evidence
MoE20-R5,core_17,bigbench_repeat_copy_logic,base,6641,17,18,other,14901,29802,8,all_8_ranks_SUM_after_task,57afe467a193bac3c0e909e37cf297d269304f79852603f4c6958b1b3d92cc18,0.355345063379841,0.07519629555063419,,measured_nonempty
MoE20-R5,core_17,bigbench_repeat_copy_logic,base,6641,19,20,total,14901,29802,8,all_8_ranks_SUM_after_task,57afe467a193bac3c0e909e37cf297d269304f79852603f4c6958b1b3d92cc18,0.34651217148173324,0.050533521240185224,,measured_nonempty
MoE20-R5,core_17,bigbench_repeat_copy_logic,base,6641,19,20,prefill,0,0,8,all_8_ranks_SUM_after_task,57afe467a193bac3c0e909e37cf297d269304f79852603f4c6958b1b3d92cc18,,,,no_positions_no_balance_evidence
MoE20-R5,core_17,bigbench_repeat_copy_logic,base,6641,19,20,decode,0,0,8,all_8_ranks_SUM_after_task,57afe467a193bac3c0e909e37cf297d269304f79852603f4c6958b1b3d92cc18,,,,no_positions_no_balance_evidence
MoE20-R5,core_17,bigbench_repeat_copy_logic,base,6641,19,20,other,14901,29802,8,all_8_ranks_SUM_after_task,57afe467a193bac3c0e909e37cf297d269304f79852603f4c6958b1b3d92cc18,0.34651217148173324,0.050533521240185224,,measured_nonempty
MoE20-R5,core_18,squad,base,6641,1,2,total,22918845,45837690,8,all_8_ranks_SUM_after_task,b8b7f934224c5d558843a52e8be628fa1cbfa3f022605f4eb64f2e3033ba187d,0.21906385717547003,0.09465747510400284,,measured_nonempty
MoE20-R5,core_18,squad,base,6641,1,2,prefill,0,0,8,all_8_ranks_SUM_after_task,b8b7f934224c5d558843a52e8be628fa1cbfa3f022605f4eb64f2e3033ba187d,,,,no_positions_no_balance_evidence
MoE20-R5,core_18,squad,base,6641,1,2,decode,0,0,8,all_8_ranks_SUM_after_task,b8b7f934224c5d558843a52e8be628fa1cbfa3f022605f4eb64f2e3033ba187d,,,,no_positions_no_balance_evidence
MoE20-R5,core_18,squad,base,6641,1,2,other,22918845,45837690,8,all_8_ranks_SUM_after_task,b8b7f934224c5d558843a52e8be628fa1cbfa3f022605f4eb64f2e3033ba187d,0.21906385717547003,0.09465747510400284,,measured_nonempty
MoE20-R5,core_18,squad,base,6641,3,4,total,22918845,45837690,8,all_8_ranks_SUM_after_task,b8b7f934224c5d558843a52e8be628fa1cbfa3f022605f4eb64f2e3033ba187d,0.28503656974975233,0.08058894329099045,,measured_nonempty
MoE20-R5,core_18,squad,base,6641,3,4,prefill,0,0,8,all_8_ranks_SUM_after_task,b8b7f934224c5d558843a52e8be628fa1cbfa3f022605f4eb64f2e3033ba187d,,,,no_positions_no_balance_evidence
MoE20-R5,core_18,squad,base,6641,3,4,decode,0,0,8,all_8_ranks_SUM_after_task,b8b7f934224c5d558843a52e8be628fa1cbfa3f022605f4eb64f2e3033ba187d,,,,no_positions_no_balance_evidence
MoE20-R5,core_18,squad,base,6641,3,4,other,22918845,45837690,8,all_8_ranks_SUM_after_task,b8b7f934224c5d558843a52e8be628fa1cbfa3f022605f4eb64f2e3033ba187d,0.28503656974975233,0.08058894329099045,,measured_nonempty
MoE20-R5,core_18,squad,base,6641,5,6,total,22918845,45837690,8,all_8_ranks_SUM_after_task,b8b7f934224c5d558843a52e8be628fa1cbfa3f022605f4eb64f2e3033ba187d,0.2484009779477588,0.09671573763861137,,measured_nonempty
MoE20-R5,core_18,squad,base,6641,5,6,prefill,0,0,8,all_8_ranks_SUM_after_task,b8b7f934224c5d558843a52e8be628fa1cbfa3f022605f4eb64f2e3033ba187d,,,,no_positions_no_balance_evidence
MoE20-R5,core_18,squad,base,6641,5,6,decode,0,0,8,all_8_ranks_SUM_after_task,b8b7f934224c5d558843a52e8be628fa1cbfa3f022605f4eb64f2e3033ba187d,,,,no_positions_no_balance_evidence
MoE20-R5,core_18,squad,base,6641,5,6,other,22918845,45837690,8,all_8_ranks_SUM_after_task,b8b7f934224c5d558843a52e8be628fa1cbfa3f022605f4eb64f2e3033ba187d,0.2484009779477588,0.09671573763861137,,measured_nonempty
MoE20-R5,core_18,squad,base,6641,7,8,total,22918845,45837690,8,all_8_ranks_SUM_after_task,b8b7f934224c5d558843a52e8be628fa1cbfa3f022605f4eb64f2e3033ba187d,0.1406535273386811,0.09887849933100905,,measured_nonempty
MoE20-R5,core_18,squad,base,6641,7,8,prefill,0,0,8,all_8_ranks_SUM_after_task,b8b7f934224c5d558843a52e8be628fa1cbfa3f022605f4eb64f2e3033ba187d,,,,no_positions_no_balance_evidence
MoE20-R5,core_18,squad,base,6641,7,8,decode,0,0,8,all_8_ranks_SUM_after_task,b8b7f934224c5d558843a52e8be628fa1cbfa3f022605f4eb64f2e3033ba187d,,,,no_positions_no_balance_evidence
MoE20-R5,core_18,squad,base,6641,7,8,other,22918845,45837690,8,all_8_ranks_SUM_after_task,b8b7f934224c5d558843a52e8be628fa1cbfa3f022605f4eb64f2e3033ba187d,0.1406535273386811,0.09887849933100905,,measured_nonempty
MoE20-R5,core_18,squad,base,6641,9,10,total,22918845,45837690,8,all_8_ranks_SUM_after_task,b8b7f934224c5d558843a52e8be628fa1cbfa3f022605f4eb64f2e3033ba187d,0.13743693166420726,0.09556404347601286,,measured_nonempty
MoE20-R5,core_18,squad,base,6641,9,10,prefill,0,0,8,all_8_ranks_SUM_after_task,b8b7f934224c5d558843a52e8be628fa1cbfa3f022605f4eb64f2e3033ba187d,,,,no_positions_no_balance_evidence
MoE20-R5,core_18,squad,base,6641,9,10,decode,0,0,8,all_8_ranks_SUM_after_task,b8b7f934224c5d558843a52e8be628fa1cbfa3f022605f4eb64f2e3033ba187d,,,,no_positions_no_balance_evidence
MoE20-R5,core_18,squad,base,6641,9,10,other,22918845,45837690,8,all_8_ranks_SUM_after_task,b8b7f934224c5d558843a52e8be628fa1cbfa3f022605f4eb64f2e3033ba187d,0.13743693166420726,0.09556404347601286,,measured_nonempty
MoE20-R5,core_18,squad,base,6641,11,12,total,22918845,45837690,8,all_8_ranks_SUM_after_task,b8b7f934224c5d558843a52e8be628fa1cbfa3f022605f4eb64f2e3033ba187d,0.19701818747262248,0.08204228878025921,,measured_nonempty
MoE20-R5,core_18,squad,base,6641,11,12,prefill,0,0,8,all_8_ranks_SUM_after_task,b8b7f934224c5d558843a52e8be628fa1cbfa3f022605f4eb64f2e3033ba187d,,,,no_positions_no_balance_evidence
MoE20-R5,core_18,squad,base,6641,11,12,decode,0,0,8,all_8_ranks_SUM_after_task,b8b7f934224c5d558843a52e8be628fa1cbfa3f022605f4eb64f2e3033ba187d,,,,no_positions_no_balance_evidence
MoE20-R5,core_18,squad,base,6641,11,12,other,22918845,45837690,8,all_8_ranks_SUM_after_task,b8b7f934224c5d558843a52e8be628fa1cbfa3f022605f4eb64f2e3033ba187d,0.19701818747262248,0.08204228878025921,,measured_nonempty
MoE20-R5,core_18,squad,base,6641,13,14,total,22918845,45837690,8,all_8_ranks_SUM_after_task,b8b7f934224c5d558843a52e8be628fa1cbfa3f022605f4eb64f2e3033ba187d,0.12778572473656866,0.09574801871560282,,measured_nonempty
MoE20-R5,core_18,squad,base,6641,13,14,prefill,0,0,8,all_8_ranks_SUM_after_task,b8b7f934224c5d558843a52e8be628fa1cbfa3f022605f4eb64f2e3033ba187d,,,,no_positions_no_balance_evidence
MoE20-R5,core_18,squad,base,6641,13,14,decode,0,0,8,all_8_ranks_SUM_after_task,b8b7f934224c5d558843a52e8be628fa1cbfa3f022605f4eb64f2e3033ba187d,,,,no_positions_no_balance_evidence
MoE20-R5,core_18,squad,base,6641,13,14,other,22918845,45837690,8,all_8_ranks_SUM_after_task,b8b7f934224c5d558843a52e8be628fa1cbfa3f022605f4eb64f2e3033ba187d,0.12778572473656866,0.09574801871560282,,measured_nonempty
MoE20-R5,core_18,squad,base,6641,15,16,total,22918845,45837690,8,all_8_ranks_SUM_after_task,b8b7f934224c5d558843a52e8be628fa1cbfa3f022605f4eb64f2e3033ba187d,0.2356035866839231,0.09657345298159659,,measured_nonempty
MoE20-R5,core_18,squad,base,6641,15,16,prefill,0,0,8,all_8_ranks_SUM_after_task,b8b7f934224c5d558843a52e8be628fa1cbfa3f022605f4eb64f2e3033ba187d,,,,no_positions_no_balance_evidence
MoE20-R5,core_18,squad,base,6641,15,16,decode,0,0,8,all_8_ranks_SUM_after_task,b8b7f934224c5d558843a52e8be628fa1cbfa3f022605f4eb64f2e3033ba187d,,,,no_positions_no_balance_evidence
MoE20-R5,core_18,squad,base,6641,15,16,other,22918845,45837690,8,all_8_ranks_SUM_after_task,b8b7f934224c5d558843a52e8be628fa1cbfa3f022605f4eb64f2e3033ba187d,0.2356035866839231,0.09657345298159659,,measured_nonempty
MoE20-R5,core_18,squad,base,6641,17,18,total,22918845,45837690,8,all_8_ranks_SUM_after_task,b8b7f934224c5d558843a52e8be628fa1cbfa3f022605f4eb64f2e3033ba187d,0.30849338101910445,0.04362715485880724,,measured_nonempty
MoE20-R5,core_18,squad,base,6641,17,18,prefill,0,0,8,all_8_ranks_SUM_after_task,b8b7f934224c5d558843a52e8be628fa1cbfa3f022605f4eb64f2e3033ba187d,,,,no_positions_no_balance_evidence
MoE20-R5,core_18,squad,base,6641,17,18,decode,0,0,8,all_8_ranks_SUM_after_task,b8b7f934224c5d558843a52e8be628fa1cbfa3f022605f4eb64f2e3033ba187d,,,,no_positions_no_balance_evidence
MoE20-R5,core_18,squad,base,6641,17,18,other,22918845,45837690,8,all_8_ranks_SUM_after_task,b8b7f934224c5d558843a52e8be628fa1cbfa3f022605f4eb64f2e3033ba187d,0.30849338101910445,0.04362715485880724,,measured_nonempty
MoE20-R5,core_18,squad,base,6641,19,20,total,22918845,45837690,8,all_8_ranks_SUM_after_task,b8b7f934224c5d558843a52e8be628fa1cbfa3f022605f4eb64f2e3033ba187d,0.42848318995109586,0.055534626635853596,,measured_nonempty
MoE20-R5,core_18,squad,base,6641,19,20,prefill,0,0,8,all_8_ranks_SUM_after_task,b8b7f934224c5d558843a52e8be628fa1cbfa3f022605f4eb64f2e3033ba187d,,,,no_positions_no_balance_evidence
MoE20-R5,core_18,squad,base,6641,19,20,decode,0,0,8,all_8_ranks_SUM_after_task,b8b7f934224c5d558843a52e8be628fa1cbfa3f022605f4eb64f2e3033ba187d,,,,no_positions_no_balance_evidence
MoE20-R5,core_18,squad,base,6641,19,20,other,22918845,45837690,8,all_8_ranks_SUM_after_task,b8b7f934224c5d558843a52e8be628fa1cbfa3f022605f4eb64f2e3033ba187d,0.42848318995109586,0.055534626635853596,,measured_nonempty
MoE20-R5,core_19,coqa,base,6641,1,2,total,4232680,8465360,8,all_8_ranks_SUM_after_task,c98c3923b01a35424668376b1cdb655ed2713f5751c740f754e96bd8f7afe3d6,0.15028546726832606,0.09907387281816721,,measured_nonempty
MoE20-R5,core_19,coqa,base,6641,1,2,prefill,0,0,8,all_8_ranks_SUM_after_task,c98c3923b01a35424668376b1cdb655ed2713f5751c740f754e96bd8f7afe3d6,,,,no_positions_no_balance_evidence
MoE20-R5,core_19,coqa,base,6641,1,2,decode,0,0,8,all_8_ranks_SUM_after_task,c98c3923b01a35424668376b1cdb655ed2713f5751c740f754e96bd8f7afe3d6,,,,no_positions_no_balance_evidence
MoE20-R5,core_19,coqa,base,6641,1,2,other,4232680,8465360,8,all_8_ranks_SUM_after_task,c98c3923b01a35424668376b1cdb655ed2713f5751c740f754e96bd8f7afe3d6,0.15028546726832606,0.09907387281816721,,measured_nonempty
MoE20-R5,core_19,coqa,base,6641,3,4,total,4232680,8465360,8,all_8_ranks_SUM_after_task,c98c3923b01a35424668376b1cdb655ed2713f5751c740f754e96bd8f7afe3d6,0.22560431827142233,0.06833235680467221,,measured_nonempty
MoE20-R5,core_19,coqa,base,6641,3,4,prefill,0,0,8,all_8_ranks_SUM_after_task,c98c3923b01a35424668376b1cdb655ed2713f5751c740f754e96bd8f7afe3d6,,,,no_positions_no_balance_evidence
MoE20-R5,core_19,coqa,base,6641,3,4,decode,0,0,8,all_8_ranks_SUM_after_task,c98c3923b01a35424668376b1cdb655ed2713f5751c740f754e96bd8f7afe3d6,,,,no_positions_no_balance_evidence
MoE20-R5,core_19,coqa,base,6641,3,4,other,4232680,8465360,8,all_8_ranks_SUM_after_task,c98c3923b01a35424668376b1cdb655ed2713f5751c740f754e96bd8f7afe3d6,0.22560431827142233,0.06833235680467221,,measured_nonempty
MoE20-R5,core_19,coqa,base,6641,5,6,total,4232680,8465360,8,all_8_ranks_SUM_after_task,c98c3923b01a35424668376b1cdb655ed2713f5751c740f754e96bd8f7afe3d6,0.2531258908197581,0.08147497566553578,,measured_nonempty
MoE20-R5,core_19,coqa,base,6641,5,6,prefill,0,0,8,all_8_ranks_SUM_after_task,c98c3923b01a35424668376b1cdb655ed2713f5751c740f754e96bd8f7afe3d6,,,,no_positions_no_balance_evidence
MoE20-R5,core_19,coqa,base,6641,5,6,decode,0,0,8,all_8_ranks_SUM_after_task,c98c3923b01a35424668376b1cdb655ed2713f5751c740f754e96bd8f7afe3d6,,,,no_positions_no_balance_evidence
MoE20-R5,core_19,coqa,base,6641,5,6,other,4232680,8465360,8,all_8_ranks_SUM_after_task,c98c3923b01a35424668376b1cdb655ed2713f5751c740f754e96bd8f7afe3d6,0.2531258908197581,0.08147497566553578,,measured_nonempty
MoE20-R5,core_19,coqa,base,6641,7,8,total,4232680,8465360,8,all_8_ranks_SUM_after_task,c98c3923b01a35424668376b1cdb655ed2713f5751c740f754e96bd8f7afe3d6,0.19085855052620013,0.08691266526172543,,measured_nonempty
MoE20-R5,core_19,coqa,base,6641,7,8,prefill,0,0,8,all_8_ranks_SUM_after_task,c98c3923b01a35424668376b1cdb655ed2713f5751c740f754e96bd8f7afe3d6,,,,no_positions_no_balance_evidence
MoE20-R5,core_19,coqa,base,6641,7,8,decode,0,0,8,all_8_ranks_SUM_after_task,c98c3923b01a35424668376b1cdb655ed2713f5751c740f754e96bd8f7afe3d6,,,,no_positions_no_balance_evidence
MoE20-R5,core_19,coqa,base,6641,7,8,other,4232680,8465360,8,all_8_ranks_SUM_after_task,c98c3923b01a35424668376b1cdb655ed2713f5751c740f754e96bd8f7afe3d6,0.19085855052620013,0.08691266526172543,,measured_nonempty
MoE20-R5,core_19,coqa,base,6641,9,10,total,4232680,8465360,8,all_8_ranks_SUM_after_task,c98c3923b01a35424668376b1cdb655ed2713f5751c740f754e96bd8f7afe3d6,0.1706106519144182,0.08954066926864303,,measured_nonempty
MoE20-R5,core_19,coqa,base,6641,9,10,prefill,0,0,8,all_8_ranks_SUM_after_task,c98c3923b01a35424668376b1cdb655ed2713f5751c740f754e96bd8f7afe3d6,,,,no_positions_no_balance_evidence
MoE20-R5,core_19,coqa,base,6641,9,10,decode,0,0,8,all_8_ranks_SUM_after_task,c98c3923b01a35424668376b1cdb655ed2713f5751c740f754e96bd8f7afe3d6,,,,no_positions_no_balance_evidence
MoE20-R5,core_19,coqa,base,6641,9,10,other,4232680,8465360,8,all_8_ranks_SUM_after_task,c98c3923b01a35424668376b1cdb655ed2713f5751c740f754e96bd8f7afe3d6,0.1706106519144182,0.08954066926864303,,measured_nonempty
MoE20-R5,core_19,coqa,base,6641,11,12,total,4232680,8465360,8,all_8_ranks_SUM_after_task,c98c3923b01a35424668376b1cdb655ed2713f5751c740f754e96bd8f7afe3d6,0.1290309646556274,0.08915698800759803,,measured_nonempty
MoE20-R5,core_19,coqa,base,6641,11,12,prefill,0,0,8,all_8_ranks_SUM_after_task,c98c3923b01a35424668376b1cdb655ed2713f5751c740f754e96bd8f7afe3d6,,,,no_positions_no_balance_evidence
MoE20-R5,core_19,coqa,base,6641,11,12,decode,0,0,8,all_8_ranks_SUM_after_task,c98c3923b01a35424668376b1cdb655ed2713f5751c740f754e96bd8f7afe3d6,,,,no_positions_no_balance_evidence
MoE20-R5,core_19,coqa,base,6641,11,12,other,4232680,8465360,8,all_8_ranks_SUM_after_task,c98c3923b01a35424668376b1cdb655ed2713f5751c740f754e96bd8f7afe3d6,0.1290309646556274,0.08915698800759803,,measured_nonempty
MoE20-R5,core_19,coqa,base,6641,13,14,total,4232680,8465360,8,all_8_ranks_SUM_after_task,c98c3923b01a35424668376b1cdb655ed2713f5751c740f754e96bd8f7afe3d6,0.1160749536433468,0.10928737820955045,,measured_nonempty
MoE20-R5,core_19,coqa,base,6641,13,14,prefill,0,0,8,all_8_ranks_SUM_after_task,c98c3923b01a35424668376b1cdb655ed2713f5751c740f754e96bd8f7afe3d6,,,,no_positions_no_balance_evidence
MoE20-R5,core_19,coqa,base,6641,13,14,decode,0,0,8,all_8_ranks_SUM_after_task,c98c3923b01a35424668376b1cdb655ed2713f5751c740f754e96bd8f7afe3d6,,,,no_positions_no_balance_evidence
MoE20-R5,core_19,coqa,base,6641,13,14,other,4232680,8465360,8,all_8_ranks_SUM_after_task,c98c3923b01a35424668376b1cdb655ed2713f5751c740f754e96bd8f7afe3d6,0.1160749536433468,0.10928737820955045,,measured_nonempty
MoE20-R5,core_19,coqa,base,6641,15,16,total,4232680,8465360,8,all_8_ranks_SUM_after_task,c98c3923b01a35424668376b1cdb655ed2713f5751c740f754e96bd8f7afe3d6,0.2350330899350199,0.09370481586134553,,measured_nonempty
MoE20-R5,core_19,coqa,base,6641,15,16,prefill,0,0,8,all_8_ranks_SUM_after_task,c98c3923b01a35424668376b1cdb655ed2713f5751c740f754e96bd8f7afe3d6,,,,no_positions_no_balance_evidence
MoE20-R5,core_19,coqa,base,6641,15,16,decode,0,0,8,all_8_ranks_SUM_after_task,c98c3923b01a35424668376b1cdb655ed2713f5751c740f754e96bd8f7afe3d6,,,,no_positions_no_balance_evidence
MoE20-R5,core_19,coqa,base,6641,15,16,other,4232680,8465360,8,all_8_ranks_SUM_after_task,c98c3923b01a35424668376b1cdb655ed2713f5751c740f754e96bd8f7afe3d6,0.2350330899350199,0.09370481586134553,,measured_nonempty
MoE20-R5,core_19,coqa,base,6641,17,18,total,4232680,8465360,8,all_8_ranks_SUM_after_task,c98c3923b01a35424668376b1cdb655ed2713f5751c740f754e96bd8f7afe3d6,0.283615804411434,0.05631987298827221,,measured_nonempty
MoE20-R5,core_19,coqa,base,6641,17,18,prefill,0,0,8,all_8_ranks_SUM_after_task,c98c3923b01a35424668376b1cdb655ed2713f5751c740f754e96bd8f7afe3d6,,,,no_positions_no_balance_evidence
MoE20-R5,core_19,coqa,base,6641,17,18,decode,0,0,8,all_8_ranks_SUM_after_task,c98c3923b01a35424668376b1cdb655ed2713f5751c740f754e96bd8f7afe3d6,,,,no_positions_no_balance_evidence
MoE20-R5,core_19,coqa,base,6641,17,18,other,4232680,8465360,8,all_8_ranks_SUM_after_task,c98c3923b01a35424668376b1cdb655ed2713f5751c740f754e96bd8f7afe3d6,0.283615804411434,0.05631987298827221,,measured_nonempty
MoE20-R5,core_19,coqa,base,6641,19,20,total,4232680,8465360,8,all_8_ranks_SUM_after_task,c98c3923b01a35424668376b1cdb655ed2713f5751c740f754e96bd8f7afe3d6,0.33709698406691624,0.06735661566666981,,measured_nonempty
MoE20-R5,core_19,coqa,base,6641,19,20,prefill,0,0,8,all_8_ranks_SUM_after_task,c98c3923b01a35424668376b1cdb655ed2713f5751c740f754e96bd8f7afe3d6,,,,no_positions_no_balance_evidence
MoE20-R5,core_19,coqa,base,6641,19,20,decode,0,0,8,all_8_ranks_SUM_after_task,c98c3923b01a35424668376b1cdb655ed2713f5751c740f754e96bd8f7afe3d6,,,,no_positions_no_balance_evidence
MoE20-R5,core_19,coqa,base,6641,19,20,other,4232680,8465360,8,all_8_ranks_SUM_after_task,c98c3923b01a35424668376b1cdb655ed2713f5751c740f754e96bd8f7afe3d6,0.33709698406691624,0.06735661566666981,,measured_nonempty
MoE20-R5,core_20,boolq,base,6641,1,2,total,10629396,21258792,8,all_8_ranks_SUM_after_task,53cdb38962369ebfd3069317f15f7fe4468a4baf09b06898686971ce161f1a2b,0.20795708257092263,0.09391972977580287,,measured_nonempty
MoE20-R5,core_20,boolq,base,6641,1,2,prefill,0,0,8,all_8_ranks_SUM_after_task,53cdb38962369ebfd3069317f15f7fe4468a4baf09b06898686971ce161f1a2b,,,,no_positions_no_balance_evidence
MoE20-R5,core_20,boolq,base,6641,1,2,decode,0,0,8,all_8_ranks_SUM_after_task,53cdb38962369ebfd3069317f15f7fe4468a4baf09b06898686971ce161f1a2b,,,,no_positions_no_balance_evidence
MoE20-R5,core_20,boolq,base,6641,1,2,other,10629396,21258792,8,all_8_ranks_SUM_after_task,53cdb38962369ebfd3069317f15f7fe4468a4baf09b06898686971ce161f1a2b,0.20795708257092263,0.09391972977580287,,measured_nonempty
MoE20-R5,core_20,boolq,base,6641,3,4,total,10629396,21258792,8,all_8_ranks_SUM_after_task,53cdb38962369ebfd3069317f15f7fe4468a4baf09b06898686971ce161f1a2b,0.27229648422249686,0.08524153206823794,,measured_nonempty
MoE20-R5,core_20,boolq,base,6641,3,4,prefill,0,0,8,all_8_ranks_SUM_after_task,53cdb38962369ebfd3069317f15f7fe4468a4baf09b06898686971ce161f1a2b,,,,no_positions_no_balance_evidence
MoE20-R5,core_20,boolq,base,6641,3,4,decode,0,0,8,all_8_ranks_SUM_after_task,53cdb38962369ebfd3069317f15f7fe4468a4baf09b06898686971ce161f1a2b,,,,no_positions_no_balance_evidence
MoE20-R5,core_20,boolq,base,6641,3,4,other,10629396,21258792,8,all_8_ranks_SUM_after_task,53cdb38962369ebfd3069317f15f7fe4468a4baf09b06898686971ce161f1a2b,0.27229648422249686,0.08524153206823794,,measured_nonempty
MoE20-R5,core_20,boolq,base,6641,5,6,total,10629396,21258792,8,all_8_ranks_SUM_after_task,53cdb38962369ebfd3069317f15f7fe4468a4baf09b06898686971ce161f1a2b,0.28140328860597486,0.08870409946153102,,measured_nonempty
MoE20-R5,core_20,boolq,base,6641,5,6,prefill,0,0,8,all_8_ranks_SUM_after_task,53cdb38962369ebfd3069317f15f7fe4468a4baf09b06898686971ce161f1a2b,,,,no_positions_no_balance_evidence
MoE20-R5,core_20,boolq,base,6641,5,6,decode,0,0,8,all_8_ranks_SUM_after_task,53cdb38962369ebfd3069317f15f7fe4468a4baf09b06898686971ce161f1a2b,,,,no_positions_no_balance_evidence
MoE20-R5,core_20,boolq,base,6641,5,6,other,10629396,21258792,8,all_8_ranks_SUM_after_task,53cdb38962369ebfd3069317f15f7fe4468a4baf09b06898686971ce161f1a2b,0.28140328860597486,0.08870409946153102,,measured_nonempty
MoE20-R5,core_20,boolq,base,6641,7,8,total,10629396,21258792,8,all_8_ranks_SUM_after_task,53cdb38962369ebfd3069317f15f7fe4468a4baf09b06898686971ce161f1a2b,0.14984598014774847,0.10284718905947243,,measured_nonempty
MoE20-R5,core_20,boolq,base,6641,7,8,prefill,0,0,8,all_8_ranks_SUM_after_task,53cdb38962369ebfd3069317f15f7fe4468a4baf09b06898686971ce161f1a2b,,,,no_positions_no_balance_evidence
MoE20-R5,core_20,boolq,base,6641,7,8,decode,0,0,8,all_8_ranks_SUM_after_task,53cdb38962369ebfd3069317f15f7fe4468a4baf09b06898686971ce161f1a2b,,,,no_positions_no_balance_evidence
MoE20-R5,core_20,boolq,base,6641,7,8,other,10629396,21258792,8,all_8_ranks_SUM_after_task,53cdb38962369ebfd3069317f15f7fe4468a4baf09b06898686971ce161f1a2b,0.14984598014774847,0.10284718905947243,,measured_nonempty
MoE20-R5,core_20,boolq,base,6641,9,10,total,10629396,21258792,8,all_8_ranks_SUM_after_task,53cdb38962369ebfd3069317f15f7fe4468a4baf09b06898686971ce161f1a2b,0.15861876356680846,0.10267845887009949,,measured_nonempty
MoE20-R5,core_20,boolq,base,6641,9,10,prefill,0,0,8,all_8_ranks_SUM_after_task,53cdb38962369ebfd3069317f15f7fe4468a4baf09b06898686971ce161f1a2b,,,,no_positions_no_balance_evidence
MoE20-R5,core_20,boolq,base,6641,9,10,decode,0,0,8,all_8_ranks_SUM_after_task,53cdb38962369ebfd3069317f15f7fe4468a4baf09b06898686971ce161f1a2b,,,,no_positions_no_balance_evidence
MoE20-R5,core_20,boolq,base,6641,9,10,other,10629396,21258792,8,all_8_ranks_SUM_after_task,53cdb38962369ebfd3069317f15f7fe4468a4baf09b06898686971ce161f1a2b,0.15861876356680846,0.10267845887009949,,measured_nonempty
MoE20-R5,core_20,boolq,base,6641,11,12,total,10629396,21258792,8,all_8_ranks_SUM_after_task,53cdb38962369ebfd3069317f15f7fe4468a4baf09b06898686971ce161f1a2b,0.17428018025933525,0.08934806831921588,,measured_nonempty
MoE20-R5,core_20,boolq,base,6641,11,12,prefill,0,0,8,all_8_ranks_SUM_after_task,53cdb38962369ebfd3069317f15f7fe4468a4baf09b06898686971ce161f1a2b,,,,no_positions_no_balance_evidence
MoE20-R5,core_20,boolq,base,6641,11,12,decode,0,0,8,all_8_ranks_SUM_after_task,53cdb38962369ebfd3069317f15f7fe4468a4baf09b06898686971ce161f1a2b,,,,no_positions_no_balance_evidence
MoE20-R5,core_20,boolq,base,6641,11,12,other,10629396,21258792,8,all_8_ranks_SUM_after_task,53cdb38962369ebfd3069317f15f7fe4468a4baf09b06898686971ce161f1a2b,0.17428018025933525,0.08934806831921588,,measured_nonempty
MoE20-R5,core_20,boolq,base,6641,13,14,total,10629396,21258792,8,all_8_ranks_SUM_after_task,53cdb38962369ebfd3069317f15f7fe4468a4baf09b06898686971ce161f1a2b,0.11838168994232648,0.101396071799376,,measured_nonempty
MoE20-R5,core_20,boolq,base,6641,13,14,prefill,0,0,8,all_8_ranks_SUM_after_task,53cdb38962369ebfd3069317f15f7fe4468a4baf09b06898686971ce161f1a2b,,,,no_positions_no_balance_evidence
MoE20-R5,core_20,boolq,base,6641,13,14,decode,0,0,8,all_8_ranks_SUM_after_task,53cdb38962369ebfd3069317f15f7fe4468a4baf09b06898686971ce161f1a2b,,,,no_positions_no_balance_evidence
MoE20-R5,core_20,boolq,base,6641,13,14,other,10629396,21258792,8,all_8_ranks_SUM_after_task,53cdb38962369ebfd3069317f15f7fe4468a4baf09b06898686971ce161f1a2b,0.11838168994232648,0.101396071799376,,measured_nonempty
MoE20-R5,core_20,boolq,base,6641,15,16,total,10629396,21258792,8,all_8_ranks_SUM_after_task,53cdb38962369ebfd3069317f15f7fe4468a4baf09b06898686971ce161f1a2b,0.22688328255924214,0.08997359774722853,,measured_nonempty
MoE20-R5,core_20,boolq,base,6641,15,16,prefill,0,0,8,all_8_ranks_SUM_after_task,53cdb38962369ebfd3069317f15f7fe4468a4baf09b06898686971ce161f1a2b,,,,no_positions_no_balance_evidence
MoE20-R5,core_20,boolq,base,6641,15,16,decode,0,0,8,all_8_ranks_SUM_after_task,53cdb38962369ebfd3069317f15f7fe4468a4baf09b06898686971ce161f1a2b,,,,no_positions_no_balance_evidence
MoE20-R5,core_20,boolq,base,6641,15,16,other,10629396,21258792,8,all_8_ranks_SUM_after_task,53cdb38962369ebfd3069317f15f7fe4468a4baf09b06898686971ce161f1a2b,0.22688328255924214,0.08997359774722853,,measured_nonempty
MoE20-R5,core_20,boolq,base,6641,17,18,total,10629396,21258792,8,all_8_ranks_SUM_after_task,53cdb38962369ebfd3069317f15f7fe4468a4baf09b06898686971ce161f1a2b,0.2543224907932033,0.05924466451339286,,measured_nonempty
MoE20-R5,core_20,boolq,base,6641,17,18,prefill,0,0,8,all_8_ranks_SUM_after_task,53cdb38962369ebfd3069317f15f7fe4468a4baf09b06898686971ce161f1a2b,,,,no_positions_no_balance_evidence
MoE20-R5,core_20,boolq,base,6641,17,18,decode,0,0,8,all_8_ranks_SUM_after_task,53cdb38962369ebfd3069317f15f7fe4468a4baf09b06898686971ce161f1a2b,,,,no_positions_no_balance_evidence
MoE20-R5,core_20,boolq,base,6641,17,18,other,10629396,21258792,8,all_8_ranks_SUM_after_task,53cdb38962369ebfd3069317f15f7fe4468a4baf09b06898686971ce161f1a2b,0.2543224907932033,0.05924466451339286,,measured_nonempty
MoE20-R5,core_20,boolq,base,6641,19,20,total,10629396,21258792,8,all_8_ranks_SUM_after_task,53cdb38962369ebfd3069317f15f7fe4468a4baf09b06898686971ce161f1a2b,0.34657453452196485,0.0660855988430575,,measured_nonempty
MoE20-R5,core_20,boolq,base,6641,19,20,prefill,0,0,8,all_8_ranks_SUM_after_task,53cdb38962369ebfd3069317f15f7fe4468a4baf09b06898686971ce161f1a2b,,,,no_positions_no_balance_evidence
MoE20-R5,core_20,boolq,base,6641,19,20,decode,0,0,8,all_8_ranks_SUM_after_task,53cdb38962369ebfd3069317f15f7fe4468a4baf09b06898686971ce161f1a2b,,,,no_positions_no_balance_evidence
MoE20-R5,core_20,boolq,base,6641,19,20,other,10629396,21258792,8,all_8_ranks_SUM_after_task,53cdb38962369ebfd3069317f15f7fe4468a4baf09b06898686971ce161f1a2b,0.34657453452196485,0.0660855988430575,,measured_nonempty
MoE20-R5,core_21,bigbench_language_identification,base,6641,1,2,total,70002636,140005272,8,all_8_ranks_SUM_after_task,858be98b18a6295366ae904ce589c528e533ab7a8955ebb34c410f1b6a6dd893,1.0490854218814376,0.007543515932742876,,measured_nonempty
MoE20-R5,core_21,bigbench_language_identification,base,6641,1,2,prefill,0,0,8,all_8_ranks_SUM_after_task,858be98b18a6295366ae904ce589c528e533ab7a8955ebb34c410f1b6a6dd893,,,,no_positions_no_balance_evidence
MoE20-R5,core_21,bigbench_language_identification,base,6641,1,2,decode,0,0,8,all_8_ranks_SUM_after_task,858be98b18a6295366ae904ce589c528e533ab7a8955ebb34c410f1b6a6dd893,,,,no_positions_no_balance_evidence
MoE20-R5,core_21,bigbench_language_identification,base,6641,1,2,other,70002636,140005272,8,all_8_ranks_SUM_after_task,858be98b18a6295366ae904ce589c528e533ab7a8955ebb34c410f1b6a6dd893,1.0490854218814376,0.007543515932742876,,measured_nonempty
MoE20-R5,core_21,bigbench_language_identification,base,6641,3,4,total,70002636,140005272,8,all_8_ranks_SUM_after_task,858be98b18a6295366ae904ce589c528e533ab7a8955ebb34c410f1b6a6dd893,1.0159835517462936,0.03126162277660516,,measured_nonempty
MoE20-R5,core_21,bigbench_language_identification,base,6641,3,4,prefill,0,0,8,all_8_ranks_SUM_after_task,858be98b18a6295366ae904ce589c528e533ab7a8955ebb34c410f1b6a6dd893,,,,no_positions_no_balance_evidence
MoE20-R5,core_21,bigbench_language_identification,base,6641,3,4,decode,0,0,8,all_8_ranks_SUM_after_task,858be98b18a6295366ae904ce589c528e533ab7a8955ebb34c410f1b6a6dd893,,,,no_positions_no_balance_evidence
MoE20-R5,core_21,bigbench_language_identification,base,6641,3,4,other,70002636,140005272,8,all_8_ranks_SUM_after_task,858be98b18a6295366ae904ce589c528e533ab7a8955ebb34c410f1b6a6dd893,1.0159835517462936,0.03126162277660516,,measured_nonempty
MoE20-R5,core_21,bigbench_language_identification,base,6641,5,6,total,70002636,140005272,8,all_8_ranks_SUM_after_task,858be98b18a6295366ae904ce589c528e533ab7a8955ebb34c410f1b6a6dd893,1.0966206251366255,0.005738212486741214,,measured_nonempty
MoE20-R5,core_21,bigbench_language_identification,base,6641,5,6,prefill,0,0,8,all_8_ranks_SUM_after_task,858be98b18a6295366ae904ce589c528e533ab7a8955ebb34c410f1b6a6dd893,,,,no_positions_no_balance_evidence
MoE20-R5,core_21,bigbench_language_identification,base,6641,5,6,decode,0,0,8,all_8_ranks_SUM_after_task,858be98b18a6295366ae904ce589c528e533ab7a8955ebb34c410f1b6a6dd893,,,,no_positions_no_balance_evidence
MoE20-R5,core_21,bigbench_language_identification,base,6641,5,6,other,70002636,140005272,8,all_8_ranks_SUM_after_task,858be98b18a6295366ae904ce589c528e533ab7a8955ebb34c410f1b6a6dd893,1.0966206251366255,0.005738212486741214,,measured_nonempty
MoE20-R5,core_21,bigbench_language_identification,base,6641,7,8,total,70002636,140005272,8,all_8_ranks_SUM_after_task,858be98b18a6295366ae904ce589c528e533ab7a8955ebb34c410f1b6a6dd893,0.9984689676793256,0.031314892199202325,,measured_nonempty
MoE20-R5,core_21,bigbench_language_identification,base,6641,7,8,prefill,0,0,8,all_8_ranks_SUM_after_task,858be98b18a6295366ae904ce589c528e533ab7a8955ebb34c410f1b6a6dd893,,,,no_positions_no_balance_evidence
MoE20-R5,core_21,bigbench_language_identification,base,6641,7,8,decode,0,0,8,all_8_ranks_SUM_after_task,858be98b18a6295366ae904ce589c528e533ab7a8955ebb34c410f1b6a6dd893,,,,no_positions_no_balance_evidence
MoE20-R5,core_21,bigbench_language_identification,base,6641,7,8,other,70002636,140005272,8,all_8_ranks_SUM_after_task,858be98b18a6295366ae904ce589c528e533ab7a8955ebb34c410f1b6a6dd893,0.9984689676793256,0.031314892199202325,,measured_nonempty
MoE20-R5,core_21,bigbench_language_identification,base,6641,9,10,total,70002636,140005272,8,all_8_ranks_SUM_after_task,858be98b18a6295366ae904ce589c528e533ab7a8955ebb34c410f1b6a6dd893,1.1668749125655211,0.0028028658806505515,,measured_nonempty
MoE20-R5,core_21,bigbench_language_identification,base,6641,9,10,prefill,0,0,8,all_8_ranks_SUM_after_task,858be98b18a6295366ae904ce589c528e533ab7a8955ebb34c410f1b6a6dd893,,,,no_positions_no_balance_evidence
MoE20-R5,core_21,bigbench_language_identification,base,6641,9,10,decode,0,0,8,all_8_ranks_SUM_after_task,858be98b18a6295366ae904ce589c528e533ab7a8955ebb34c410f1b6a6dd893,,,,no_positions_no_balance_evidence
MoE20-R5,core_21,bigbench_language_identification,base,6641,9,10,other,70002636,140005272,8,all_8_ranks_SUM_after_task,858be98b18a6295366ae904ce589c528e533ab7a8955ebb34c410f1b6a6dd893,1.1668749125655211,0.0028028658806505515,,measured_nonempty
MoE20-R5,core_21,bigbench_language_identification,base,6641,11,12,total,70002636,140005272,8,all_8_ranks_SUM_after_task,858be98b18a6295366ae904ce589c528e533ab7a8955ebb34c410f1b6a6dd893,0.7062966422624997,0.007149530769098467,,measured_nonempty
MoE20-R5,core_21,bigbench_language_identification,base,6641,11,12,prefill,0,0,8,all_8_ranks_SUM_after_task,858be98b18a6295366ae904ce589c528e533ab7a8955ebb34c410f1b6a6dd893,,,,no_positions_no_balance_evidence
MoE20-R5,core_21,bigbench_language_identification,base,6641,11,12,decode,0,0,8,all_8_ranks_SUM_after_task,858be98b18a6295366ae904ce589c528e533ab7a8955ebb34c410f1b6a6dd893,,,,no_positions_no_balance_evidence
MoE20-R5,core_21,bigbench_language_identification,base,6641,11,12,other,70002636,140005272,8,all_8_ranks_SUM_after_task,858be98b18a6295366ae904ce589c528e533ab7a8955ebb34c410f1b6a6dd893,0.7062966422624997,0.007149530769098467,,measured_nonempty
MoE20-R5,core_21,bigbench_language_identification,base,6641,13,14,total,70002636,140005272,8,all_8_ranks_SUM_after_task,858be98b18a6295366ae904ce589c528e533ab7a8955ebb34c410f1b6a6dd893,1.1600754204209984,0.01485115503364759,,measured_nonempty
MoE20-R5,core_21,bigbench_language_identification,base,6641,13,14,prefill,0,0,8,all_8_ranks_SUM_after_task,858be98b18a6295366ae904ce589c528e533ab7a8955ebb34c410f1b6a6dd893,,,,no_positions_no_balance_evidence
MoE20-R5,core_21,bigbench_language_identification,base,6641,13,14,decode,0,0,8,all_8_ranks_SUM_after_task,858be98b18a6295366ae904ce589c528e533ab7a8955ebb34c410f1b6a6dd893,,,,no_positions_no_balance_evidence
MoE20-R5,core_21,bigbench_language_identification,base,6641,13,14,other,70002636,140005272,8,all_8_ranks_SUM_after_task,858be98b18a6295366ae904ce589c528e533ab7a8955ebb34c410f1b6a6dd893,1.1600754204209984,0.01485115503364759,,measured_nonempty
MoE20-R5,core_21,bigbench_language_identification,base,6641,15,16,total,70002636,140005272,8,all_8_ranks_SUM_after_task,858be98b18a6295366ae904ce589c528e533ab7a8955ebb34c410f1b6a6dd893,1.2949490424607981,0.008325486485966043,,measured_nonempty
MoE20-R5,core_21,bigbench_language_identification,base,6641,15,16,prefill,0,0,8,all_8_ranks_SUM_after_task,858be98b18a6295366ae904ce589c528e533ab7a8955ebb34c410f1b6a6dd893,,,,no_positions_no_balance_evidence
MoE20-R5,core_21,bigbench_language_identification,base,6641,15,16,decode,0,0,8,all_8_ranks_SUM_after_task,858be98b18a6295366ae904ce589c528e533ab7a8955ebb34c410f1b6a6dd893,,,,no_positions_no_balance_evidence
MoE20-R5,core_21,bigbench_language_identification,base,6641,15,16,other,70002636,140005272,8,all_8_ranks_SUM_after_task,858be98b18a6295366ae904ce589c528e533ab7a8955ebb34c410f1b6a6dd893,1.2949490424607981,0.008325486485966043,,measured_nonempty
MoE20-R5,core_21,bigbench_language_identification,base,6641,17,18,total,70002636,140005272,8,all_8_ranks_SUM_after_task,858be98b18a6295366ae904ce589c528e533ab7a8955ebb34c410f1b6a6dd893,0.7815061904136738,0.011978034655723536,,measured_nonempty
MoE20-R5,core_21,bigbench_language_identification,base,6641,17,18,prefill,0,0,8,all_8_ranks_SUM_after_task,858be98b18a6295366ae904ce589c528e533ab7a8955ebb34c410f1b6a6dd893,,,,no_positions_no_balance_evidence
MoE20-R5,core_21,bigbench_language_identification,base,6641,17,18,decode,0,0,8,all_8_ranks_SUM_after_task,858be98b18a6295366ae904ce589c528e533ab7a8955ebb34c410f1b6a6dd893,,,,no_positions_no_balance_evidence
MoE20-R5,core_21,bigbench_language_identification,base,6641,17,18,other,70002636,140005272,8,all_8_ranks_SUM_after_task,858be98b18a6295366ae904ce589c528e533ab7a8955ebb34c410f1b6a6dd893,0.7815061904136738,0.011978034655723536,,measured_nonempty
MoE20-R5,core_21,bigbench_language_identification,base,6641,19,20,total,70002636,140005272,8,all_8_ranks_SUM_after_task,858be98b18a6295366ae904ce589c528e533ab7a8955ebb34c410f1b6a6dd893,1.1364348172256362,0.0174331720879768,,measured_nonempty
MoE20-R5,core_21,bigbench_language_identification,base,6641,19,20,prefill,0,0,8,all_8_ranks_SUM_after_task,858be98b18a6295366ae904ce589c528e533ab7a8955ebb34c410f1b6a6dd893,,,,no_positions_no_balance_evidence
MoE20-R5,core_21,bigbench_language_identification,base,6641,19,20,decode,0,0,8,all_8_ranks_SUM_after_task,858be98b18a6295366ae904ce589c528e533ab7a8955ebb34c410f1b6a6dd893,,,,no_positions_no_balance_evidence
MoE20-R5,core_21,bigbench_language_identification,base,6641,19,20,other,70002636,140005272,8,all_8_ranks_SUM_after_task,858be98b18a6295366ae904ce589c528e533ab7a8955ebb34c410f1b6a6dd893,1.1364348172256362,0.0174331720879768,,measured_nonempty
MoE20-R5,chat_ARC-Easy,ARC-Easy,sft,932,1,2,total,178062,356124,8,all_8_ranks_SUM_after_task,3333b141cee227a94e0e3cb5802c6857d9ea1065644557844ff3d1d44dfc5ead,0.26281117108468893,0.07965764733632105,,measured_nonempty
MoE20-R5,chat_ARC-Easy,ARC-Easy,sft,932,1,2,prefill,0,0,8,all_8_ranks_SUM_after_task,3333b141cee227a94e0e3cb5802c6857d9ea1065644557844ff3d1d44dfc5ead,,,,no_positions_no_balance_evidence
MoE20-R5,chat_ARC-Easy,ARC-Easy,sft,932,1,2,decode,0,0,8,all_8_ranks_SUM_after_task,3333b141cee227a94e0e3cb5802c6857d9ea1065644557844ff3d1d44dfc5ead,,,,no_positions_no_balance_evidence
MoE20-R5,chat_ARC-Easy,ARC-Easy,sft,932,1,2,other,178062,356124,8,all_8_ranks_SUM_after_task,3333b141cee227a94e0e3cb5802c6857d9ea1065644557844ff3d1d44dfc5ead,0.26281117108468893,0.07965764733632105,,measured_nonempty
MoE20-R5,chat_ARC-Easy,ARC-Easy,sft,932,3,4,total,178062,356124,8,all_8_ranks_SUM_after_task,3333b141cee227a94e0e3cb5802c6857d9ea1065644557844ff3d1d44dfc5ead,0.2994137241493088,0.05979939571609889,,measured_nonempty
MoE20-R5,chat_ARC-Easy,ARC-Easy,sft,932,3,4,prefill,0,0,8,all_8_ranks_SUM_after_task,3333b141cee227a94e0e3cb5802c6857d9ea1065644557844ff3d1d44dfc5ead,,,,no_positions_no_balance_evidence
MoE20-R5,chat_ARC-Easy,ARC-Easy,sft,932,3,4,decode,0,0,8,all_8_ranks_SUM_after_task,3333b141cee227a94e0e3cb5802c6857d9ea1065644557844ff3d1d44dfc5ead,,,,no_positions_no_balance_evidence
MoE20-R5,chat_ARC-Easy,ARC-Easy,sft,932,3,4,other,178062,356124,8,all_8_ranks_SUM_after_task,3333b141cee227a94e0e3cb5802c6857d9ea1065644557844ff3d1d44dfc5ead,0.2994137241493088,0.05979939571609889,,measured_nonempty
MoE20-R5,chat_ARC-Easy,ARC-Easy,sft,932,5,6,total,178062,356124,8,all_8_ranks_SUM_after_task,3333b141cee227a94e0e3cb5802c6857d9ea1065644557844ff3d1d44dfc5ead,0.5910500648559285,0.045644213813166204,,measured_nonempty
MoE20-R5,chat_ARC-Easy,ARC-Easy,sft,932,5,6,prefill,0,0,8,all_8_ranks_SUM_after_task,3333b141cee227a94e0e3cb5802c6857d9ea1065644557844ff3d1d44dfc5ead,,,,no_positions_no_balance_evidence
MoE20-R5,chat_ARC-Easy,ARC-Easy,sft,932,5,6,decode,0,0,8,all_8_ranks_SUM_after_task,3333b141cee227a94e0e3cb5802c6857d9ea1065644557844ff3d1d44dfc5ead,,,,no_positions_no_balance_evidence
MoE20-R5,chat_ARC-Easy,ARC-Easy,sft,932,5,6,other,178062,356124,8,all_8_ranks_SUM_after_task,3333b141cee227a94e0e3cb5802c6857d9ea1065644557844ff3d1d44dfc5ead,0.5910500648559285,0.045644213813166204,,measured_nonempty
MoE20-R5,chat_ARC-Easy,ARC-Easy,sft,932,7,8,total,178062,356124,8,all_8_ranks_SUM_after_task,3333b141cee227a94e0e3cb5802c6857d9ea1065644557844ff3d1d44dfc5ead,0.3065995752030998,0.07098931832732419,,measured_nonempty
MoE20-R5,chat_ARC-Easy,ARC-Easy,sft,932,7,8,prefill,0,0,8,all_8_ranks_SUM_after_task,3333b141cee227a94e0e3cb5802c6857d9ea1065644557844ff3d1d44dfc5ead,,,,no_positions_no_balance_evidence
MoE20-R5,chat_ARC-Easy,ARC-Easy,sft,932,7,8,decode,0,0,8,all_8_ranks_SUM_after_task,3333b141cee227a94e0e3cb5802c6857d9ea1065644557844ff3d1d44dfc5ead,,,,no_positions_no_balance_evidence
MoE20-R5,chat_ARC-Easy,ARC-Easy,sft,932,7,8,other,178062,356124,8,all_8_ranks_SUM_after_task,3333b141cee227a94e0e3cb5802c6857d9ea1065644557844ff3d1d44dfc5ead,0.3065995752030998,0.07098931832732419,,measured_nonempty
MoE20-R5,chat_ARC-Easy,ARC-Easy,sft,932,9,10,total,178062,356124,8,all_8_ranks_SUM_after_task,3333b141cee227a94e0e3cb5802c6857d9ea1065644557844ff3d1d44dfc5ead,0.5888474425484505,0.04768844559760083,,measured_nonempty
MoE20-R5,chat_ARC-Easy,ARC-Easy,sft,932,9,10,prefill,0,0,8,all_8_ranks_SUM_after_task,3333b141cee227a94e0e3cb5802c6857d9ea1065644557844ff3d1d44dfc5ead,,,,no_positions_no_balance_evidence
MoE20-R5,chat_ARC-Easy,ARC-Easy,sft,932,9,10,decode,0,0,8,all_8_ranks_SUM_after_task,3333b141cee227a94e0e3cb5802c6857d9ea1065644557844ff3d1d44dfc5ead,,,,no_positions_no_balance_evidence
MoE20-R5,chat_ARC-Easy,ARC-Easy,sft,932,9,10,other,178062,356124,8,all_8_ranks_SUM_after_task,3333b141cee227a94e0e3cb5802c6857d9ea1065644557844ff3d1d44dfc5ead,0.5888474425484505,0.04768844559760083,,measured_nonempty
MoE20-R5,chat_ARC-Easy,ARC-Easy,sft,932,11,12,total,178062,356124,8,all_8_ranks_SUM_after_task,3333b141cee227a94e0e3cb5802c6857d9ea1065644557844ff3d1d44dfc5ead,0.27614343123853796,0.07738596668576114,,measured_nonempty
MoE20-R5,chat_ARC-Easy,ARC-Easy,sft,932,11,12,prefill,0,0,8,all_8_ranks_SUM_after_task,3333b141cee227a94e0e3cb5802c6857d9ea1065644557844ff3d1d44dfc5ead,,,,no_positions_no_balance_evidence
MoE20-R5,chat_ARC-Easy,ARC-Easy,sft,932,11,12,decode,0,0,8,all_8_ranks_SUM_after_task,3333b141cee227a94e0e3cb5802c6857d9ea1065644557844ff3d1d44dfc5ead,,,,no_positions_no_balance_evidence
MoE20-R5,chat_ARC-Easy,ARC-Easy,sft,932,11,12,other,178062,356124,8,all_8_ranks_SUM_after_task,3333b141cee227a94e0e3cb5802c6857d9ea1065644557844ff3d1d44dfc5ead,0.27614343123853796,0.07738596668576114,,measured_nonempty
MoE20-R5,chat_ARC-Easy,ARC-Easy,sft,932,13,14,total,178062,356124,8,all_8_ranks_SUM_after_task,3333b141cee227a94e0e3cb5802c6857d9ea1065644557844ff3d1d44dfc5ead,0.3929633673018171,0.06669586997787287,,measured_nonempty
MoE20-R5,chat_ARC-Easy,ARC-Easy,sft,932,13,14,prefill,0,0,8,all_8_ranks_SUM_after_task,3333b141cee227a94e0e3cb5802c6857d9ea1065644557844ff3d1d44dfc5ead,,,,no_positions_no_balance_evidence
MoE20-R5,chat_ARC-Easy,ARC-Easy,sft,932,13,14,decode,0,0,8,all_8_ranks_SUM_after_task,3333b141cee227a94e0e3cb5802c6857d9ea1065644557844ff3d1d44dfc5ead,,,,no_positions_no_balance_evidence
MoE20-R5,chat_ARC-Easy,ARC-Easy,sft,932,13,14,other,178062,356124,8,all_8_ranks_SUM_after_task,3333b141cee227a94e0e3cb5802c6857d9ea1065644557844ff3d1d44dfc5ead,0.3929633673018171,0.06669586997787287,,measured_nonempty
MoE20-R5,chat_ARC-Easy,ARC-Easy,sft,932,15,16,total,178062,356124,8,all_8_ranks_SUM_after_task,3333b141cee227a94e0e3cb5802c6857d9ea1065644557844ff3d1d44dfc5ead,0.47559159138294593,0.06692331884399816,,measured_nonempty
MoE20-R5,chat_ARC-Easy,ARC-Easy,sft,932,15,16,prefill,0,0,8,all_8_ranks_SUM_after_task,3333b141cee227a94e0e3cb5802c6857d9ea1065644557844ff3d1d44dfc5ead,,,,no_positions_no_balance_evidence
MoE20-R5,chat_ARC-Easy,ARC-Easy,sft,932,15,16,decode,0,0,8,all_8_ranks_SUM_after_task,3333b141cee227a94e0e3cb5802c6857d9ea1065644557844ff3d1d44dfc5ead,,,,no_positions_no_balance_evidence
MoE20-R5,chat_ARC-Easy,ARC-Easy,sft,932,15,16,other,178062,356124,8,all_8_ranks_SUM_after_task,3333b141cee227a94e0e3cb5802c6857d9ea1065644557844ff3d1d44dfc5ead,0.47559159138294593,0.06692331884399816,,measured_nonempty
MoE20-R5,chat_ARC-Easy,ARC-Easy,sft,932,17,18,total,178062,356124,8,all_8_ranks_SUM_after_task,3333b141cee227a94e0e3cb5802c6857d9ea1065644557844ff3d1d44dfc5ead,0.5400489480877295,0.01977681931012793,,measured_nonempty
MoE20-R5,chat_ARC-Easy,ARC-Easy,sft,932,17,18,prefill,0,0,8,all_8_ranks_SUM_after_task,3333b141cee227a94e0e3cb5802c6857d9ea1065644557844ff3d1d44dfc5ead,,,,no_positions_no_balance_evidence
MoE20-R5,chat_ARC-Easy,ARC-Easy,sft,932,17,18,decode,0,0,8,all_8_ranks_SUM_after_task,3333b141cee227a94e0e3cb5802c6857d9ea1065644557844ff3d1d44dfc5ead,,,,no_positions_no_balance_evidence
MoE20-R5,chat_ARC-Easy,ARC-Easy,sft,932,17,18,other,178062,356124,8,all_8_ranks_SUM_after_task,3333b141cee227a94e0e3cb5802c6857d9ea1065644557844ff3d1d44dfc5ead,0.5400489480877295,0.01977681931012793,,measured_nonempty
MoE20-R5,chat_ARC-Easy,ARC-Easy,sft,932,19,20,total,178062,356124,8,all_8_ranks_SUM_after_task,3333b141cee227a94e0e3cb5802c6857d9ea1065644557844ff3d1d44dfc5ead,0.6379889414379527,0.010886657456391594,,measured_nonempty
MoE20-R5,chat_ARC-Easy,ARC-Easy,sft,932,19,20,prefill,0,0,8,all_8_ranks_SUM_after_task,3333b141cee227a94e0e3cb5802c6857d9ea1065644557844ff3d1d44dfc5ead,,,,no_positions_no_balance_evidence
MoE20-R5,chat_ARC-Easy,ARC-Easy,sft,932,19,20,decode,0,0,8,all_8_ranks_SUM_after_task,3333b141cee227a94e0e3cb5802c6857d9ea1065644557844ff3d1d44dfc5ead,,,,no_positions_no_balance_evidence
MoE20-R5,chat_ARC-Easy,ARC-Easy,sft,932,19,20,other,178062,356124,8,all_8_ranks_SUM_after_task,3333b141cee227a94e0e3cb5802c6857d9ea1065644557844ff3d1d44dfc5ead,0.6379889414379527,0.010886657456391594,,measured_nonempty
MoE20-R5,chat_ARC-Challenge,ARC-Challenge,sft,932,1,2,total,99425,198850,8,all_8_ranks_SUM_after_task,69a79459080635ca6598c9b1cb0ec138a4c2d5d267245a5cf4533d424863887b,0.237061088309003,0.07757103344229319,,measured_nonempty
MoE20-R5,chat_ARC-Challenge,ARC-Challenge,sft,932,1,2,prefill,0,0,8,all_8_ranks_SUM_after_task,69a79459080635ca6598c9b1cb0ec138a4c2d5d267245a5cf4533d424863887b,,,,no_positions_no_balance_evidence
MoE20-R5,chat_ARC-Challenge,ARC-Challenge,sft,932,1,2,decode,0,0,8,all_8_ranks_SUM_after_task,69a79459080635ca6598c9b1cb0ec138a4c2d5d267245a5cf4533d424863887b,,,,no_positions_no_balance_evidence
MoE20-R5,chat_ARC-Challenge,ARC-Challenge,sft,932,1,2,other,99425,198850,8,all_8_ranks_SUM_after_task,69a79459080635ca6598c9b1cb0ec138a4c2d5d267245a5cf4533d424863887b,0.237061088309003,0.07757103344229319,,measured_nonempty
MoE20-R5,chat_ARC-Challenge,ARC-Challenge,sft,932,3,4,total,99425,198850,8,all_8_ranks_SUM_after_task,69a79459080635ca6598c9b1cb0ec138a4c2d5d267245a5cf4533d424863887b,0.26753063014808104,0.06588886095046517,,measured_nonempty
MoE20-R5,chat_ARC-Challenge,ARC-Challenge,sft,932,3,4,prefill,0,0,8,all_8_ranks_SUM_after_task,69a79459080635ca6598c9b1cb0ec138a4c2d5d267245a5cf4533d424863887b,,,,no_positions_no_balance_evidence
MoE20-R5,chat_ARC-Challenge,ARC-Challenge,sft,932,3,4,decode,0,0,8,all_8_ranks_SUM_after_task,69a79459080635ca6598c9b1cb0ec138a4c2d5d267245a5cf4533d424863887b,,,,no_positions_no_balance_evidence
MoE20-R5,chat_ARC-Challenge,ARC-Challenge,sft,932,3,4,other,99425,198850,8,all_8_ranks_SUM_after_task,69a79459080635ca6598c9b1cb0ec138a4c2d5d267245a5cf4533d424863887b,0.26753063014808104,0.06588886095046517,,measured_nonempty
MoE20-R5,chat_ARC-Challenge,ARC-Challenge,sft,932,5,6,total,99425,198850,8,all_8_ranks_SUM_after_task,69a79459080635ca6598c9b1cb0ec138a4c2d5d267245a5cf4533d424863887b,0.522280858635069,0.05661051043500126,,measured_nonempty
MoE20-R5,chat_ARC-Challenge,ARC-Challenge,sft,932,5,6,prefill,0,0,8,all_8_ranks_SUM_after_task,69a79459080635ca6598c9b1cb0ec138a4c2d5d267245a5cf4533d424863887b,,,,no_positions_no_balance_evidence
MoE20-R5,chat_ARC-Challenge,ARC-Challenge,sft,932,5,6,decode,0,0,8,all_8_ranks_SUM_after_task,69a79459080635ca6598c9b1cb0ec138a4c2d5d267245a5cf4533d424863887b,,,,no_positions_no_balance_evidence
MoE20-R5,chat_ARC-Challenge,ARC-Challenge,sft,932,5,6,other,99425,198850,8,all_8_ranks_SUM_after_task,69a79459080635ca6598c9b1cb0ec138a4c2d5d267245a5cf4533d424863887b,0.522280858635069,0.05661051043500126,,measured_nonempty
MoE20-R5,chat_ARC-Challenge,ARC-Challenge,sft,932,7,8,total,99425,198850,8,all_8_ranks_SUM_after_task,69a79459080635ca6598c9b1cb0ec138a4c2d5d267245a5cf4533d424863887b,0.27033896328777285,0.07761126477244154,,measured_nonempty
MoE20-R5,chat_ARC-Challenge,ARC-Challenge,sft,932,7,8,prefill,0,0,8,all_8_ranks_SUM_after_task,69a79459080635ca6598c9b1cb0ec138a4c2d5d267245a5cf4533d424863887b,,,,no_positions_no_balance_evidence
MoE20-R5,chat_ARC-Challenge,ARC-Challenge,sft,932,7,8,decode,0,0,8,all_8_ranks_SUM_after_task,69a79459080635ca6598c9b1cb0ec138a4c2d5d267245a5cf4533d424863887b,,,,no_positions_no_balance_evidence
MoE20-R5,chat_ARC-Challenge,ARC-Challenge,sft,932,7,8,other,99425,198850,8,all_8_ranks_SUM_after_task,69a79459080635ca6598c9b1cb0ec138a4c2d5d267245a5cf4533d424863887b,0.27033896328777285,0.07761126477244154,,measured_nonempty
MoE20-R5,chat_ARC-Challenge,ARC-Challenge,sft,932,9,10,total,99425,198850,8,all_8_ranks_SUM_after_task,69a79459080635ca6598c9b1cb0ec138a4c2d5d267245a5cf4533d424863887b,0.5134358818168974,0.053789288408348,,measured_nonempty
MoE20-R5,chat_ARC-Challenge,ARC-Challenge,sft,932,9,10,prefill,0,0,8,all_8_ranks_SUM_after_task,69a79459080635ca6598c9b1cb0ec138a4c2d5d267245a5cf4533d424863887b,,,,no_positions_no_balance_evidence
MoE20-R5,chat_ARC-Challenge,ARC-Challenge,sft,932,9,10,decode,0,0,8,all_8_ranks_SUM_after_task,69a79459080635ca6598c9b1cb0ec138a4c2d5d267245a5cf4533d424863887b,,,,no_positions_no_balance_evidence
MoE20-R5,chat_ARC-Challenge,ARC-Challenge,sft,932,9,10,other,99425,198850,8,all_8_ranks_SUM_after_task,69a79459080635ca6598c9b1cb0ec138a4c2d5d267245a5cf4533d424863887b,0.5134358818168974,0.053789288408348,,measured_nonempty
MoE20-R5,chat_ARC-Challenge,ARC-Challenge,sft,932,11,12,total,99425,198850,8,all_8_ranks_SUM_after_task,69a79459080635ca6598c9b1cb0ec138a4c2d5d267245a5cf4533d424863887b,0.23385273631913336,0.08209202916771435,,measured_nonempty
MoE20-R5,chat_ARC-Challenge,ARC-Challenge,sft,932,11,12,prefill,0,0,8,all_8_ranks_SUM_after_task,69a79459080635ca6598c9b1cb0ec138a4c2d5d267245a5cf4533d424863887b,,,,no_positions_no_balance_evidence
MoE20-R5,chat_ARC-Challenge,ARC-Challenge,sft,932,11,12,decode,0,0,8,all_8_ranks_SUM_after_task,69a79459080635ca6598c9b1cb0ec138a4c2d5d267245a5cf4533d424863887b,,,,no_positions_no_balance_evidence
MoE20-R5,chat_ARC-Challenge,ARC-Challenge,sft,932,11,12,other,99425,198850,8,all_8_ranks_SUM_after_task,69a79459080635ca6598c9b1cb0ec138a4c2d5d267245a5cf4533d424863887b,0.23385273631913336,0.08209202916771435,,measured_nonempty
MoE20-R5,chat_ARC-Challenge,ARC-Challenge,sft,932,13,14,total,99425,198850,8,all_8_ranks_SUM_after_task,69a79459080635ca6598c9b1cb0ec138a4c2d5d267245a5cf4533d424863887b,0.33817366910461133,0.07492582348503897,,measured_nonempty
MoE20-R5,chat_ARC-Challenge,ARC-Challenge,sft,932,13,14,prefill,0,0,8,all_8_ranks_SUM_after_task,69a79459080635ca6598c9b1cb0ec138a4c2d5d267245a5cf4533d424863887b,,,,no_positions_no_balance_evidence
MoE20-R5,chat_ARC-Challenge,ARC-Challenge,sft,932,13,14,decode,0,0,8,all_8_ranks_SUM_after_task,69a79459080635ca6598c9b1cb0ec138a4c2d5d267245a5cf4533d424863887b,,,,no_positions_no_balance_evidence
MoE20-R5,chat_ARC-Challenge,ARC-Challenge,sft,932,13,14,other,99425,198850,8,all_8_ranks_SUM_after_task,69a79459080635ca6598c9b1cb0ec138a4c2d5d267245a5cf4533d424863887b,0.33817366910461133,0.07492582348503897,,measured_nonempty
MoE20-R5,chat_ARC-Challenge,ARC-Challenge,sft,932,15,16,total,99425,198850,8,all_8_ranks_SUM_after_task,69a79459080635ca6598c9b1cb0ec138a4c2d5d267245a5cf4533d424863887b,0.41802027251326923,0.06974603972843853,,measured_nonempty
MoE20-R5,chat_ARC-Challenge,ARC-Challenge,sft,932,15,16,prefill,0,0,8,all_8_ranks_SUM_after_task,69a79459080635ca6598c9b1cb0ec138a4c2d5d267245a5cf4533d424863887b,,,,no_positions_no_balance_evidence
MoE20-R5,chat_ARC-Challenge,ARC-Challenge,sft,932,15,16,decode,0,0,8,all_8_ranks_SUM_after_task,69a79459080635ca6598c9b1cb0ec138a4c2d5d267245a5cf4533d424863887b,,,,no_positions_no_balance_evidence
MoE20-R5,chat_ARC-Challenge,ARC-Challenge,sft,932,15,16,other,99425,198850,8,all_8_ranks_SUM_after_task,69a79459080635ca6598c9b1cb0ec138a4c2d5d267245a5cf4533d424863887b,0.41802027251326923,0.06974603972843853,,measured_nonempty
MoE20-R5,chat_ARC-Challenge,ARC-Challenge,sft,932,17,18,total,99425,198850,8,all_8_ranks_SUM_after_task,69a79459080635ca6598c9b1cb0ec138a4c2d5d267245a5cf4533d424863887b,0.5255734337122,0.024133769172743274,,measured_nonempty
MoE20-R5,chat_ARC-Challenge,ARC-Challenge,sft,932,17,18,prefill,0,0,8,all_8_ranks_SUM_after_task,69a79459080635ca6598c9b1cb0ec138a4c2d5d267245a5cf4533d424863887b,,,,no_positions_no_balance_evidence
MoE20-R5,chat_ARC-Challenge,ARC-Challenge,sft,932,17,18,decode,0,0,8,all_8_ranks_SUM_after_task,69a79459080635ca6598c9b1cb0ec138a4c2d5d267245a5cf4533d424863887b,,,,no_positions_no_balance_evidence
MoE20-R5,chat_ARC-Challenge,ARC-Challenge,sft,932,17,18,other,99425,198850,8,all_8_ranks_SUM_after_task,69a79459080635ca6598c9b1cb0ec138a4c2d5d267245a5cf4533d424863887b,0.5255734337122,0.024133769172743274,,measured_nonempty
MoE20-R5,chat_ARC-Challenge,ARC-Challenge,sft,932,19,20,total,99425,198850,8,all_8_ranks_SUM_after_task,69a79459080635ca6598c9b1cb0ec138a4c2d5d267245a5cf4533d424863887b,0.6162865735834623,0.012969575056575307,,measured_nonempty
MoE20-R5,chat_ARC-Challenge,ARC-Challenge,sft,932,19,20,prefill,0,0,8,all_8_ranks_SUM_after_task,69a79459080635ca6598c9b1cb0ec138a4c2d5d267245a5cf4533d424863887b,,,,no_positions_no_balance_evidence
MoE20-R5,chat_ARC-Challenge,ARC-Challenge,sft,932,19,20,decode,0,0,8,all_8_ranks_SUM_after_task,69a79459080635ca6598c9b1cb0ec138a4c2d5d267245a5cf4533d424863887b,,,,no_positions_no_balance_evidence
MoE20-R5,chat_ARC-Challenge,ARC-Challenge,sft,932,19,20,other,99425,198850,8,all_8_ranks_SUM_after_task,69a79459080635ca6598c9b1cb0ec138a4c2d5d267245a5cf4533d424863887b,0.6162865735834623,0.012969575056575307,,measured_nonempty
MoE20-R5,chat_MMLU,MMLU,sft,932,1,2,total,1848092,3696184,8,all_8_ranks_SUM_after_task,9333c02598fb3e9de0297d6251a9d0904571cfbd413d0c915a8075276492e8c7,0.20931993924932013,0.07942434683987594,,measured_nonempty
MoE20-R5,chat_MMLU,MMLU,sft,932,1,2,prefill,0,0,8,all_8_ranks_SUM_after_task,9333c02598fb3e9de0297d6251a9d0904571cfbd413d0c915a8075276492e8c7,,,,no_positions_no_balance_evidence
MoE20-R5,chat_MMLU,MMLU,sft,932,1,2,decode,0,0,8,all_8_ranks_SUM_after_task,9333c02598fb3e9de0297d6251a9d0904571cfbd413d0c915a8075276492e8c7,,,,no_positions_no_balance_evidence
MoE20-R5,chat_MMLU,MMLU,sft,932,1,2,other,1848092,3696184,8,all_8_ranks_SUM_after_task,9333c02598fb3e9de0297d6251a9d0904571cfbd413d0c915a8075276492e8c7,0.20931993924932013,0.07942434683987594,,measured_nonempty
MoE20-R5,chat_MMLU,MMLU,sft,932,3,4,total,1848092,3696184,8,all_8_ranks_SUM_after_task,9333c02598fb3e9de0297d6251a9d0904571cfbd413d0c915a8075276492e8c7,0.2387724270130609,0.0726565560588975,,measured_nonempty
MoE20-R5,chat_MMLU,MMLU,sft,932,3,4,prefill,0,0,8,all_8_ranks_SUM_after_task,9333c02598fb3e9de0297d6251a9d0904571cfbd413d0c915a8075276492e8c7,,,,no_positions_no_balance_evidence
MoE20-R5,chat_MMLU,MMLU,sft,932,3,4,decode,0,0,8,all_8_ranks_SUM_after_task,9333c02598fb3e9de0297d6251a9d0904571cfbd413d0c915a8075276492e8c7,,,,no_positions_no_balance_evidence
MoE20-R5,chat_MMLU,MMLU,sft,932,3,4,other,1848092,3696184,8,all_8_ranks_SUM_after_task,9333c02598fb3e9de0297d6251a9d0904571cfbd413d0c915a8075276492e8c7,0.2387724270130609,0.0726565560588975,,measured_nonempty
MoE20-R5,chat_MMLU,MMLU,sft,932,5,6,total,1848092,3696184,8,all_8_ranks_SUM_after_task,9333c02598fb3e9de0297d6251a9d0904571cfbd413d0c915a8075276492e8c7,0.4216136166939365,0.07330722712938534,,measured_nonempty
MoE20-R5,chat_MMLU,MMLU,sft,932,5,6,prefill,0,0,8,all_8_ranks_SUM_after_task,9333c02598fb3e9de0297d6251a9d0904571cfbd413d0c915a8075276492e8c7,,,,no_positions_no_balance_evidence
MoE20-R5,chat_MMLU,MMLU,sft,932,5,6,decode,0,0,8,all_8_ranks_SUM_after_task,9333c02598fb3e9de0297d6251a9d0904571cfbd413d0c915a8075276492e8c7,,,,no_positions_no_balance_evidence
MoE20-R5,chat_MMLU,MMLU,sft,932,5,6,other,1848092,3696184,8,all_8_ranks_SUM_after_task,9333c02598fb3e9de0297d6251a9d0904571cfbd413d0c915a8075276492e8c7,0.4216136166939365,0.07330722712938534,,measured_nonempty
MoE20-R5,chat_MMLU,MMLU,sft,932,7,8,total,1848092,3696184,8,all_8_ranks_SUM_after_task,9333c02598fb3e9de0297d6251a9d0904571cfbd413d0c915a8075276492e8c7,0.26038473080718394,0.08971928886657157,,measured_nonempty
MoE20-R5,chat_MMLU,MMLU,sft,932,7,8,prefill,0,0,8,all_8_ranks_SUM_after_task,9333c02598fb3e9de0297d6251a9d0904571cfbd413d0c915a8075276492e8c7,,,,no_positions_no_balance_evidence
MoE20-R5,chat_MMLU,MMLU,sft,932,7,8,decode,0,0,8,all_8_ranks_SUM_after_task,9333c02598fb3e9de0297d6251a9d0904571cfbd413d0c915a8075276492e8c7,,,,no_positions_no_balance_evidence
MoE20-R5,chat_MMLU,MMLU,sft,932,7,8,other,1848092,3696184,8,all_8_ranks_SUM_after_task,9333c02598fb3e9de0297d6251a9d0904571cfbd413d0c915a8075276492e8c7,0.26038473080718394,0.08971928886657157,,measured_nonempty
MoE20-R5,chat_MMLU,MMLU,sft,932,9,10,total,1848092,3696184,8,all_8_ranks_SUM_after_task,9333c02598fb3e9de0297d6251a9d0904571cfbd413d0c915a8075276492e8c7,0.4330536622004581,0.07415648138729024,,measured_nonempty
MoE20-R5,chat_MMLU,MMLU,sft,932,9,10,prefill,0,0,8,all_8_ranks_SUM_after_task,9333c02598fb3e9de0297d6251a9d0904571cfbd413d0c915a8075276492e8c7,,,,no_positions_no_balance_evidence
MoE20-R5,chat_MMLU,MMLU,sft,932,9,10,decode,0,0,8,all_8_ranks_SUM_after_task,9333c02598fb3e9de0297d6251a9d0904571cfbd413d0c915a8075276492e8c7,,,,no_positions_no_balance_evidence
MoE20-R5,chat_MMLU,MMLU,sft,932,9,10,other,1848092,3696184,8,all_8_ranks_SUM_after_task,9333c02598fb3e9de0297d6251a9d0904571cfbd413d0c915a8075276492e8c7,0.4330536622004581,0.07415648138729024,,measured_nonempty
MoE20-R5,chat_MMLU,MMLU,sft,932,11,12,total,1848092,3696184,8,all_8_ranks_SUM_after_task,9333c02598fb3e9de0297d6251a9d0904571cfbd413d0c915a8075276492e8c7,0.16347471513884435,0.08919117662973489,,measured_nonempty
MoE20-R5,chat_MMLU,MMLU,sft,932,11,12,prefill,0,0,8,all_8_ranks_SUM_after_task,9333c02598fb3e9de0297d6251a9d0904571cfbd413d0c915a8075276492e8c7,,,,no_positions_no_balance_evidence
MoE20-R5,chat_MMLU,MMLU,sft,932,11,12,decode,0,0,8,all_8_ranks_SUM_after_task,9333c02598fb3e9de0297d6251a9d0904571cfbd413d0c915a8075276492e8c7,,,,no_positions_no_balance_evidence
MoE20-R5,chat_MMLU,MMLU,sft,932,11,12,other,1848092,3696184,8,all_8_ranks_SUM_after_task,9333c02598fb3e9de0297d6251a9d0904571cfbd413d0c915a8075276492e8c7,0.16347471513884435,0.08919117662973489,,measured_nonempty
MoE20-R5,chat_MMLU,MMLU,sft,932,13,14,total,1848092,3696184,8,all_8_ranks_SUM_after_task,9333c02598fb3e9de0297d6251a9d0904571cfbd413d0c915a8075276492e8c7,0.23715589514401705,0.09099087058436485,,measured_nonempty
MoE20-R5,chat_MMLU,MMLU,sft,932,13,14,prefill,0,0,8,all_8_ranks_SUM_after_task,9333c02598fb3e9de0297d6251a9d0904571cfbd413d0c915a8075276492e8c7,,,,no_positions_no_balance_evidence
MoE20-R5,chat_MMLU,MMLU,sft,932,13,14,decode,0,0,8,all_8_ranks_SUM_after_task,9333c02598fb3e9de0297d6251a9d0904571cfbd413d0c915a8075276492e8c7,,,,no_positions_no_balance_evidence
MoE20-R5,chat_MMLU,MMLU,sft,932,13,14,other,1848092,3696184,8,all_8_ranks_SUM_after_task,9333c02598fb3e9de0297d6251a9d0904571cfbd413d0c915a8075276492e8c7,0.23715589514401705,0.09099087058436485,,measured_nonempty
MoE20-R5,chat_MMLU,MMLU,sft,932,15,16,total,1848092,3696184,8,all_8_ranks_SUM_after_task,9333c02598fb3e9de0297d6251a9d0904571cfbd413d0c915a8075276492e8c7,0.3890805626357749,0.08256812972514356,,measured_nonempty
MoE20-R5,chat_MMLU,MMLU,sft,932,15,16,prefill,0,0,8,all_8_ranks_SUM_after_task,9333c02598fb3e9de0297d6251a9d0904571cfbd413d0c915a8075276492e8c7,,,,no_positions_no_balance_evidence
MoE20-R5,chat_MMLU,MMLU,sft,932,15,16,decode,0,0,8,all_8_ranks_SUM_after_task,9333c02598fb3e9de0297d6251a9d0904571cfbd413d0c915a8075276492e8c7,,,,no_positions_no_balance_evidence
MoE20-R5,chat_MMLU,MMLU,sft,932,15,16,other,1848092,3696184,8,all_8_ranks_SUM_after_task,9333c02598fb3e9de0297d6251a9d0904571cfbd413d0c915a8075276492e8c7,0.3890805626357749,0.08256812972514356,,measured_nonempty
MoE20-R5,chat_MMLU,MMLU,sft,932,17,18,total,1848092,3696184,8,all_8_ranks_SUM_after_task,9333c02598fb3e9de0297d6251a9d0904571cfbd413d0c915a8075276492e8c7,0.27478535801875215,0.08853293017880062,,measured_nonempty
MoE20-R5,chat_MMLU,MMLU,sft,932,17,18,prefill,0,0,8,all_8_ranks_SUM_after_task,9333c02598fb3e9de0297d6251a9d0904571cfbd413d0c915a8075276492e8c7,,,,no_positions_no_balance_evidence
MoE20-R5,chat_MMLU,MMLU,sft,932,17,18,decode,0,0,8,all_8_ranks_SUM_after_task,9333c02598fb3e9de0297d6251a9d0904571cfbd413d0c915a8075276492e8c7,,,,no_positions_no_balance_evidence
MoE20-R5,chat_MMLU,MMLU,sft,932,17,18,other,1848092,3696184,8,all_8_ranks_SUM_after_task,9333c02598fb3e9de0297d6251a9d0904571cfbd413d0c915a8075276492e8c7,0.27478535801875215,0.08853293017880062,,measured_nonempty
MoE20-R5,chat_MMLU,MMLU,sft,932,19,20,total,1848092,3696184,8,all_8_ranks_SUM_after_task,9333c02598fb3e9de0297d6251a9d0904571cfbd413d0c915a8075276492e8c7,0.7425952261329785,0.015903699599370595,,measured_nonempty
MoE20-R5,chat_MMLU,MMLU,sft,932,19,20,prefill,0,0,8,all_8_ranks_SUM_after_task,9333c02598fb3e9de0297d6251a9d0904571cfbd413d0c915a8075276492e8c7,,,,no_positions_no_balance_evidence
MoE20-R5,chat_MMLU,MMLU,sft,932,19,20,decode,0,0,8,all_8_ranks_SUM_after_task,9333c02598fb3e9de0297d6251a9d0904571cfbd413d0c915a8075276492e8c7,,,,no_positions_no_balance_evidence
MoE20-R5,chat_MMLU,MMLU,sft,932,19,20,other,1848092,3696184,8,all_8_ranks_SUM_after_task,9333c02598fb3e9de0297d6251a9d0904571cfbd413d0c915a8075276492e8c7,0.7425952261329785,0.015903699599370595,,measured_nonempty
MoE20-R5,chat_GSM8K,GSM8K,sft,932,1,2,total,313857,627714,8,all_8_ranks_SUM_after_task,0b0eb11954c6150ab5c9fb1cb99ec9e58c0e264af54c9cd7580b18fc2e0eb2f8,0.29072187741295363,0.07449093058303623,,measured_nonempty
MoE20-R5,chat_GSM8K,GSM8K,sft,932,1,2,prefill,85005,170010,8,all_8_ranks_SUM_after_task,0b0eb11954c6150ab5c9fb1cb99ec9e58c0e264af54c9cd7580b18fc2e0eb2f8,0.27636915339916934,0.07588377154285042,,measured_nonempty
MoE20-R5,chat_GSM8K,GSM8K,sft,932,1,2,decode,228852,457704,8,all_8_ranks_SUM_after_task,0b0eb11954c6150ab5c9fb1cb99ec9e58c0e264af54c9cd7580b18fc2e0eb2f8,0.31516336427922986,0.0739735724398301,,measured_nonempty
MoE20-R5,chat_GSM8K,GSM8K,sft,932,1,2,other,0,0,8,all_8_ranks_SUM_after_task,0b0eb11954c6150ab5c9fb1cb99ec9e58c0e264af54c9cd7580b18fc2e0eb2f8,,,,no_positions_no_balance_evidence
MoE20-R5,chat_GSM8K,GSM8K,sft,932,3,4,total,313857,627714,8,all_8_ranks_SUM_after_task,0b0eb11954c6150ab5c9fb1cb99ec9e58c0e264af54c9cd7580b18fc2e0eb2f8,0.3310536018375362,0.08575402173601354,,measured_nonempty
MoE20-R5,chat_GSM8K,GSM8K,sft,932,3,4,prefill,85005,170010,8,all_8_ranks_SUM_after_task,0b0eb11954c6150ab5c9fb1cb99ec9e58c0e264af54c9cd7580b18fc2e0eb2f8,0.2715195412429737,0.08755955532027528,,measured_nonempty
MoE20-R5,chat_GSM8K,GSM8K,sft,932,3,4,decode,228852,457704,8,all_8_ranks_SUM_after_task,0b0eb11954c6150ab5c9fb1cb99ec9e58c0e264af54c9cd7580b18fc2e0eb2f8,0.38815599920648775,0.07308872109485606,,measured_nonempty
MoE20-R5,chat_GSM8K,GSM8K,sft,932,3,4,other,0,0,8,all_8_ranks_SUM_after_task,0b0eb11954c6150ab5c9fb1cb99ec9e58c0e264af54c9cd7580b18fc2e0eb2f8,,,,no_positions_no_balance_evidence
MoE20-R5,chat_GSM8K,GSM8K,sft,932,5,6,total,313857,627714,8,all_8_ranks_SUM_after_task,0b0eb11954c6150ab5c9fb1cb99ec9e58c0e264af54c9cd7580b18fc2e0eb2f8,0.3698656175391068,0.0722478708456399,,measured_nonempty
MoE20-R5,chat_GSM8K,GSM8K,sft,932,5,6,prefill,85005,170010,8,all_8_ranks_SUM_after_task,0b0eb11954c6150ab5c9fb1cb99ec9e58c0e264af54c9cd7580b18fc2e0eb2f8,0.31116091913314037,0.08742426916063761,,measured_nonempty
MoE20-R5,chat_GSM8K,GSM8K,sft,932,5,6,decode,228852,457704,8,all_8_ranks_SUM_after_task,0b0eb11954c6150ab5c9fb1cb99ec9e58c0e264af54c9cd7580b18fc2e0eb2f8,0.4134465009515293,0.06661073532239177,,measured_nonempty
MoE20-R5,chat_GSM8K,GSM8K,sft,932,5,6,other,0,0,8,all_8_ranks_SUM_after_task,0b0eb11954c6150ab5c9fb1cb99ec9e58c0e264af54c9cd7580b18fc2e0eb2f8,,,,no_positions_no_balance_evidence
MoE20-R5,chat_GSM8K,GSM8K,sft,932,7,8,total,313857,627714,8,all_8_ranks_SUM_after_task,0b0eb11954c6150ab5c9fb1cb99ec9e58c0e264af54c9cd7580b18fc2e0eb2f8,0.31853479562949705,0.09373058431068926,,measured_nonempty
MoE20-R5,chat_GSM8K,GSM8K,sft,932,7,8,prefill,85005,170010,8,all_8_ranks_SUM_after_task,0b0eb11954c6150ab5c9fb1cb99ec9e58c0e264af54c9cd7580b18fc2e0eb2f8,0.16961777165023814,0.1006646667843068,,measured_nonempty
MoE20-R5,chat_GSM8K,GSM8K,sft,932,7,8,decode,228852,457704,8,all_8_ranks_SUM_after_task,0b0eb11954c6150ab5c9fb1cb99ec9e58c0e264af54c9cd7580b18fc2e0eb2f8,0.39728756078007393,0.08630905563420901,,measured_nonempty
MoE20-R5,chat_GSM8K,GSM8K,sft,932,7,8,other,0,0,8,all_8_ranks_SUM_after_task,0b0eb11954c6150ab5c9fb1cb99ec9e58c0e264af54c9cd7580b18fc2e0eb2f8,,,,no_positions_no_balance_evidence
MoE20-R5,chat_GSM8K,GSM8K,sft,932,9,10,total,313857,627714,8,all_8_ranks_SUM_after_task,0b0eb11954c6150ab5c9fb1cb99ec9e58c0e264af54c9cd7580b18fc2e0eb2f8,0.33342873482691826,0.0796222483487703,,measured_nonempty
MoE20-R5,chat_GSM8K,GSM8K,sft,932,9,10,prefill,85005,170010,8,all_8_ranks_SUM_after_task,0b0eb11954c6150ab5c9fb1cb99ec9e58c0e264af54c9cd7580b18fc2e0eb2f8,0.21860066813595969,0.09441209340627021,,measured_nonempty
MoE20-R5,chat_GSM8K,GSM8K,sft,932,9,10,decode,228852,457704,8,all_8_ranks_SUM_after_task,0b0eb11954c6150ab5c9fb1cb99ec9e58c0e264af54c9cd7580b18fc2e0eb2f8,0.3808361639152269,0.07412869452746754,,measured_nonempty
MoE20-R5,chat_GSM8K,GSM8K,sft,932,9,10,other,0,0,8,all_8_ranks_SUM_after_task,0b0eb11954c6150ab5c9fb1cb99ec9e58c0e264af54c9cd7580b18fc2e0eb2f8,,,,no_positions_no_balance_evidence
MoE20-R5,chat_GSM8K,GSM8K,sft,932,11,12,total,313857,627714,8,all_8_ranks_SUM_after_task,0b0eb11954c6150ab5c9fb1cb99ec9e58c0e264af54c9cd7580b18fc2e0eb2f8,0.3167922594414874,0.07751619368056153,,measured_nonempty
MoE20-R5,chat_GSM8K,GSM8K,sft,932,11,12,prefill,85005,170010,8,all_8_ranks_SUM_after_task,0b0eb11954c6150ab5c9fb1cb99ec9e58c0e264af54c9cd7580b18fc2e0eb2f8,0.24345137801531672,0.07770719369448856,,measured_nonempty
MoE20-R5,chat_GSM8K,GSM8K,sft,932,11,12,decode,228852,457704,8,all_8_ranks_SUM_after_task,0b0eb11954c6150ab5c9fb1cb99ec9e58c0e264af54c9cd7580b18fc2e0eb2f8,0.3642372928229445,0.06938545435477951,,measured_nonempty
MoE20-R5,chat_GSM8K,GSM8K,sft,932,11,12,other,0,0,8,all_8_ranks_SUM_after_task,0b0eb11954c6150ab5c9fb1cb99ec9e58c0e264af54c9cd7580b18fc2e0eb2f8,,,,no_positions_no_balance_evidence
MoE20-R5,chat_GSM8K,GSM8K,sft,932,13,14,total,313857,627714,8,all_8_ranks_SUM_after_task,0b0eb11954c6150ab5c9fb1cb99ec9e58c0e264af54c9cd7580b18fc2e0eb2f8,0.2700841158210766,0.08395065268577728,,measured_nonempty
MoE20-R5,chat_GSM8K,GSM8K,sft,932,13,14,prefill,85005,170010,8,all_8_ranks_SUM_after_task,0b0eb11954c6150ab5c9fb1cb99ec9e58c0e264af54c9cd7580b18fc2e0eb2f8,0.15861536221251973,0.07704252691018175,,measured_nonempty
MoE20-R5,chat_GSM8K,GSM8K,sft,932,13,14,decode,228852,457704,8,all_8_ranks_SUM_after_task,0b0eb11954c6150ab5c9fb1cb99ec9e58c0e264af54c9cd7580b18fc2e0eb2f8,0.33855429088939937,0.0850615244787024,,measured_nonempty
MoE20-R5,chat_GSM8K,GSM8K,sft,932,13,14,other,0,0,8,all_8_ranks_SUM_after_task,0b0eb11954c6150ab5c9fb1cb99ec9e58c0e264af54c9cd7580b18fc2e0eb2f8,,,,no_positions_no_balance_evidence
MoE20-R5,chat_GSM8K,GSM8K,sft,932,15,16,total,313857,627714,8,all_8_ranks_SUM_after_task,0b0eb11954c6150ab5c9fb1cb99ec9e58c0e264af54c9cd7580b18fc2e0eb2f8,0.3033103676419001,0.06920030459731662,,measured_nonempty
MoE20-R5,chat_GSM8K,GSM8K,sft,932,15,16,prefill,85005,170010,8,all_8_ranks_SUM_after_task,0b0eb11954c6150ab5c9fb1cb99ec9e58c0e264af54c9cd7580b18fc2e0eb2f8,0.2503925614002305,0.07090171166401976,,measured_nonempty
MoE20-R5,chat_GSM8K,GSM8K,sft,932,15,16,decode,228852,457704,8,all_8_ranks_SUM_after_task,0b0eb11954c6150ab5c9fb1cb99ec9e58c0e264af54c9cd7580b18fc2e0eb2f8,0.3439165541861443,0.06856833237201336,,measured_nonempty
MoE20-R5,chat_GSM8K,GSM8K,sft,932,15,16,other,0,0,8,all_8_ranks_SUM_after_task,0b0eb11954c6150ab5c9fb1cb99ec9e58c0e264af54c9cd7580b18fc2e0eb2f8,,,,no_positions_no_balance_evidence
MoE20-R5,chat_GSM8K,GSM8K,sft,932,17,18,total,313857,627714,8,all_8_ranks_SUM_after_task,0b0eb11954c6150ab5c9fb1cb99ec9e58c0e264af54c9cd7580b18fc2e0eb2f8,0.33920622326054295,0.08208196726534696,,measured_nonempty
MoE20-R5,chat_GSM8K,GSM8K,sft,932,17,18,prefill,85005,170010,8,all_8_ranks_SUM_after_task,0b0eb11954c6150ab5c9fb1cb99ec9e58c0e264af54c9cd7580b18fc2e0eb2f8,0.24656259726759744,0.081730486441974,,measured_nonempty
MoE20-R5,chat_GSM8K,GSM8K,sft,932,17,18,decode,228852,457704,8,all_8_ranks_SUM_after_task,0b0eb11954c6150ab5c9fb1cb99ec9e58c0e264af54c9cd7580b18fc2e0eb2f8,0.3981160598309481,0.07528009368500166,,measured_nonempty
MoE20-R5,chat_GSM8K,GSM8K,sft,932,17,18,other,0,0,8,all_8_ranks_SUM_after_task,0b0eb11954c6150ab5c9fb1cb99ec9e58c0e264af54c9cd7580b18fc2e0eb2f8,,,,no_positions_no_balance_evidence
MoE20-R5,chat_GSM8K,GSM8K,sft,932,19,20,total,313857,627714,8,all_8_ranks_SUM_after_task,0b0eb11954c6150ab5c9fb1cb99ec9e58c0e264af54c9cd7580b18fc2e0eb2f8,0.46960269797967086,0.050908534778577506,,measured_nonempty
MoE20-R5,chat_GSM8K,GSM8K,sft,932,19,20,prefill,85005,170010,8,all_8_ranks_SUM_after_task,0b0eb11954c6150ab5c9fb1cb99ec9e58c0e264af54c9cd7580b18fc2e0eb2f8,0.7426127641286724,0.0070584083289218285,,measured_nonempty
MoE20-R5,chat_GSM8K,GSM8K,sft,932,19,20,decode,228852,457704,8,all_8_ranks_SUM_after_task,0b0eb11954c6150ab5c9fb1cb99ec9e58c0e264af54c9cd7580b18fc2e0eb2f8,0.42580641242287637,0.06303200321605229,,measured_nonempty
MoE20-R5,chat_GSM8K,GSM8K,sft,932,19,20,other,0,0,8,all_8_ranks_SUM_after_task,0b0eb11954c6150ab5c9fb1cb99ec9e58c0e264af54c9cd7580b18fc2e0eb2f8,,,,no_positions_no_balance_evidence
MoE20-R5,chat_HumanEval,HumanEval,sft,932,1,2,total,75870,151740,8,all_8_ranks_SUM_after_task,f2170a3460bba69ebf9f49cdba1158deb9eed08f37bfe7ff0cdfb149bf83396e,0.4859341136091081,0.06780018452616317,,measured_nonempty
MoE20-R5,chat_HumanEval,HumanEval,sft,932,1,2,prefill,25471,50942,8,all_8_ranks_SUM_after_task,f2170a3460bba69ebf9f49cdba1158deb9eed08f37bfe7ff0cdfb149bf83396e,0.5798839490934515,0.049625063798044836,,measured_nonempty
MoE20-R5,chat_HumanEval,HumanEval,sft,932,1,2,decode,50399,100798,8,all_8_ranks_SUM_after_task,f2170a3460bba69ebf9f49cdba1158deb9eed08f37bfe7ff0cdfb149bf83396e,0.4407325110053995,0.07698565447727138,,measured_nonempty
MoE20-R5,chat_HumanEval,HumanEval,sft,932,1,2,other,0,0,8,all_8_ranks_SUM_after_task,f2170a3460bba69ebf9f49cdba1158deb9eed08f37bfe7ff0cdfb149bf83396e,,,,no_positions_no_balance_evidence
MoE20-R5,chat_HumanEval,HumanEval,sft,932,3,4,total,75870,151740,8,all_8_ranks_SUM_after_task,f2170a3460bba69ebf9f49cdba1158deb9eed08f37bfe7ff0cdfb149bf83396e,0.3787631237998187,0.07418610781600106,,measured_nonempty
MoE20-R5,chat_HumanEval,HumanEval,sft,932,3,4,prefill,25471,50942,8,all_8_ranks_SUM_after_task,f2170a3460bba69ebf9f49cdba1158deb9eed08f37bfe7ff0cdfb149bf83396e,0.47452570208914,0.06947116328373444,,measured_nonempty
MoE20-R5,chat_HumanEval,HumanEval,sft,932,3,4,decode,50399,100798,8,all_8_ranks_SUM_after_task,f2170a3460bba69ebf9f49cdba1158deb9eed08f37bfe7ff0cdfb149bf83396e,0.33452413377002416,0.0765689795432449,,measured_nonempty
MoE20-R5,chat_HumanEval,HumanEval,sft,932,3,4,other,0,0,8,all_8_ranks_SUM_after_task,f2170a3460bba69ebf9f49cdba1158deb9eed08f37bfe7ff0cdfb149bf83396e,,,,no_positions_no_balance_evidence
MoE20-R5,chat_HumanEval,HumanEval,sft,932,5,6,total,75870,151740,8,all_8_ranks_SUM_after_task,f2170a3460bba69ebf9f49cdba1158deb9eed08f37bfe7ff0cdfb149bf83396e,0.6717494096643336,0.041379992091735866,,measured_nonempty
MoE20-R5,chat_HumanEval,HumanEval,sft,932,5,6,prefill,25471,50942,8,all_8_ranks_SUM_after_task,f2170a3460bba69ebf9f49cdba1158deb9eed08f37bfe7ff0cdfb149bf83396e,0.7893991713004979,0.037768442542499316,,measured_nonempty
MoE20-R5,chat_HumanEval,HumanEval,sft,932,5,6,decode,50399,100798,8,all_8_ranks_SUM_after_task,f2170a3460bba69ebf9f49cdba1158deb9eed08f37bfe7ff0cdfb149bf83396e,0.6140582406608146,0.0432052223258398,,measured_nonempty
MoE20-R5,chat_HumanEval,HumanEval,sft,932,5,6,other,0,0,8,all_8_ranks_SUM_after_task,f2170a3460bba69ebf9f49cdba1158deb9eed08f37bfe7ff0cdfb149bf83396e,,,,no_positions_no_balance_evidence
MoE20-R5,chat_HumanEval,HumanEval,sft,932,7,8,total,75870,151740,8,all_8_ranks_SUM_after_task,f2170a3460bba69ebf9f49cdba1158deb9eed08f37bfe7ff0cdfb149bf83396e,0.4897736332520774,0.07783708975879794,,measured_nonempty
MoE20-R5,chat_HumanEval,HumanEval,sft,932,7,8,prefill,25471,50942,8,all_8_ranks_SUM_after_task,f2170a3460bba69ebf9f49cdba1158deb9eed08f37bfe7ff0cdfb149bf83396e,0.4925531426752968,0.08397785717090024,,measured_nonempty
MoE20-R5,chat_HumanEval,HumanEval,sft,932,7,8,decode,50399,100798,8,all_8_ranks_SUM_after_task,f2170a3460bba69ebf9f49cdba1158deb9eed08f37bfe7ff0cdfb149bf83396e,0.4936374681975995,0.07141014702672673,,measured_nonempty
MoE20-R5,chat_HumanEval,HumanEval,sft,932,7,8,other,0,0,8,all_8_ranks_SUM_after_task,f2170a3460bba69ebf9f49cdba1158deb9eed08f37bfe7ff0cdfb149bf83396e,,,,no_positions_no_balance_evidence
MoE20-R5,chat_HumanEval,HumanEval,sft,932,9,10,total,75870,151740,8,all_8_ranks_SUM_after_task,f2170a3460bba69ebf9f49cdba1158deb9eed08f37bfe7ff0cdfb149bf83396e,0.6298128025509396,0.05068538289178859,,measured_nonempty
MoE20-R5,chat_HumanEval,HumanEval,sft,932,9,10,prefill,25471,50942,8,all_8_ranks_SUM_after_task,f2170a3460bba69ebf9f49cdba1158deb9eed08f37bfe7ff0cdfb149bf83396e,0.7841190918744367,0.042322641435357855,,measured_nonempty
MoE20-R5,chat_HumanEval,HumanEval,sft,932,9,10,decode,50399,100798,8,all_8_ranks_SUM_after_task,f2170a3460bba69ebf9f49cdba1158deb9eed08f37bfe7ff0cdfb149bf83396e,0.5539702937025459,0.054911803805631064,,measured_nonempty
MoE20-R5,chat_HumanEval,HumanEval,sft,932,9,10,other,0,0,8,all_8_ranks_SUM_after_task,f2170a3460bba69ebf9f49cdba1158deb9eed08f37bfe7ff0cdfb149bf83396e,,,,no_positions_no_balance_evidence
MoE20-R5,chat_HumanEval,HumanEval,sft,932,11,12,total,75870,151740,8,all_8_ranks_SUM_after_task,f2170a3460bba69ebf9f49cdba1158deb9eed08f37bfe7ff0cdfb149bf83396e,0.39528634668110735,0.051897983392645314,,measured_nonempty
MoE20-R5,chat_HumanEval,HumanEval,sft,932,11,12,prefill,25471,50942,8,all_8_ranks_SUM_after_task,f2170a3460bba69ebf9f49cdba1158deb9eed08f37bfe7ff0cdfb149bf83396e,0.43395913056437085,0.05162734089749126,,measured_nonempty
MoE20-R5,chat_HumanEval,HumanEval,sft,932,11,12,decode,50399,100798,8,all_8_ranks_SUM_after_task,f2170a3460bba69ebf9f49cdba1158deb9eed08f37bfe7ff0cdfb149bf83396e,0.38550746634506633,0.05203476259449592,,measured_nonempty
MoE20-R5,chat_HumanEval,HumanEval,sft,932,11,12,other,0,0,8,all_8_ranks_SUM_after_task,f2170a3460bba69ebf9f49cdba1158deb9eed08f37bfe7ff0cdfb149bf83396e,,,,no_positions_no_balance_evidence
MoE20-R5,chat_HumanEval,HumanEval,sft,932,13,14,total,75870,151740,8,all_8_ranks_SUM_after_task,f2170a3460bba69ebf9f49cdba1158deb9eed08f37bfe7ff0cdfb149bf83396e,0.6201533333322247,0.04809542638724133,,measured_nonempty
MoE20-R5,chat_HumanEval,HumanEval,sft,932,13,14,prefill,25471,50942,8,all_8_ranks_SUM_after_task,f2170a3460bba69ebf9f49cdba1158deb9eed08f37bfe7ff0cdfb149bf83396e,0.5234906195254314,0.047936869380864514,,measured_nonempty
MoE20-R5,chat_HumanEval,HumanEval,sft,932,13,14,decode,50399,100798,8,all_8_ranks_SUM_after_task,f2170a3460bba69ebf9f49cdba1158deb9eed08f37bfe7ff0cdfb149bf83396e,0.6729454814922072,0.04817555903886982,,measured_nonempty
MoE20-R5,chat_HumanEval,HumanEval,sft,932,13,14,other,0,0,8,all_8_ranks_SUM_after_task,f2170a3460bba69ebf9f49cdba1158deb9eed08f37bfe7ff0cdfb149bf83396e,,,,no_positions_no_balance_evidence
MoE20-R5,chat_HumanEval,HumanEval,sft,932,15,16,total,75870,151740,8,all_8_ranks_SUM_after_task,f2170a3460bba69ebf9f49cdba1158deb9eed08f37bfe7ff0cdfb149bf83396e,0.6160087394051724,0.05518650322920786,,measured_nonempty
MoE20-R5,chat_HumanEval,HumanEval,sft,932,15,16,prefill,25471,50942,8,all_8_ranks_SUM_after_task,f2170a3460bba69ebf9f49cdba1158deb9eed08f37bfe7ff0cdfb149bf83396e,0.6605358828781746,0.05783047387224687,,measured_nonempty
MoE20-R5,chat_HumanEval,HumanEval,sft,932,15,16,decode,50399,100798,8,all_8_ranks_SUM_after_task,f2170a3460bba69ebf9f49cdba1158deb9eed08f37bfe7ff0cdfb149bf83396e,0.5947717912256778,0.05385027480703982,,measured_nonempty
MoE20-R5,chat_HumanEval,HumanEval,sft,932,15,16,other,0,0,8,all_8_ranks_SUM_after_task,f2170a3460bba69ebf9f49cdba1158deb9eed08f37bfe7ff0cdfb149bf83396e,,,,no_positions_no_balance_evidence
MoE20-R5,chat_HumanEval,HumanEval,sft,932,17,18,total,75870,151740,8,all_8_ranks_SUM_after_task,f2170a3460bba69ebf9f49cdba1158deb9eed08f37bfe7ff0cdfb149bf83396e,0.544848967693087,0.01652827204428628,,measured_nonempty
MoE20-R5,chat_HumanEval,HumanEval,sft,932,17,18,prefill,25471,50942,8,all_8_ranks_SUM_after_task,f2170a3460bba69ebf9f49cdba1158deb9eed08f37bfe7ff0cdfb149bf83396e,0.5678334156948204,0.01631266931019591,,measured_nonempty
MoE20-R5,chat_HumanEval,HumanEval,sft,932,17,18,decode,50399,100798,8,all_8_ranks_SUM_after_task,f2170a3460bba69ebf9f49cdba1158deb9eed08f37bfe7ff0cdfb149bf83396e,0.551660205248749,0.016637234865771146,,measured_nonempty
MoE20-R5,chat_HumanEval,HumanEval,sft,932,17,18,other,0,0,8,all_8_ranks_SUM_after_task,f2170a3460bba69ebf9f49cdba1158deb9eed08f37bfe7ff0cdfb149bf83396e,,,,no_positions_no_balance_evidence
MoE20-R5,chat_HumanEval,HumanEval,sft,932,19,20,total,75870,151740,8,all_8_ranks_SUM_after_task,f2170a3460bba69ebf9f49cdba1158deb9eed08f37bfe7ff0cdfb149bf83396e,0.49649378508595504,0.04683010412547779,,measured_nonempty
MoE20-R5,chat_HumanEval,HumanEval,sft,932,19,20,prefill,25471,50942,8,all_8_ranks_SUM_after_task,f2170a3460bba69ebf9f49cdba1158deb9eed08f37bfe7ff0cdfb149bf83396e,0.7288079129971554,0.012406265949511209,,measured_nonempty
MoE20-R5,chat_HumanEval,HumanEval,sft,932,19,20,decode,50399,100798,8,all_8_ranks_SUM_after_task,f2170a3460bba69ebf9f49cdba1158deb9eed08f37bfe7ff0cdfb149bf83396e,0.44505417562260136,0.05152880017460664,,measured_nonempty
MoE20-R5,chat_HumanEval,HumanEval,sft,932,19,20,other,0,0,8,all_8_ranks_SUM_after_task,f2170a3460bba69ebf9f49cdba1158deb9eed08f37bfe7ff0cdfb149bf83396e,,,,no_positions_no_balance_evidence
MoE20-R5,inference,turn_1,sft,932,1,2,total,100,200,1,single_rank,4244be3f0d3fae30c37b23d3b1a36d7e0162f82f20985ade31c25dd16795aae5,0.28913664589601923,0.06,,measured_nonempty
MoE20-R5,inference,turn_1,sft,932,1,2,prefill,14,28,1,single_rank,4244be3f0d3fae30c37b23d3b1a36d7e0162f82f20985ade31c25dd16795aae5,0.42857142857142855,0.07142857142857142,,measured_nonempty
MoE20-R5,inference,turn_1,sft,932,1,2,decode,86,172,1,single_rank,4244be3f0d3fae30c37b23d3b1a36d7e0162f82f20985ade31c25dd16795aae5,0.3728190591135209,0.040697674418604654,,measured_nonempty
MoE20-R5,inference,turn_1,sft,932,1,2,other,0,0,1,single_rank,4244be3f0d3fae30c37b23d3b1a36d7e0162f82f20985ade31c25dd16795aae5,,,,no_positions_no_balance_evidence
MoE20-R5,inference,turn_1,sft,932,3,4,total,100,200,1,single_rank,4244be3f0d3fae30c37b23d3b1a36d7e0162f82f20985ade31c25dd16795aae5,0.3243454948045371,0.095,,measured_nonempty
MoE20-R5,inference,turn_1,sft,932,3,4,prefill,14,28,1,single_rank,4244be3f0d3fae30c37b23d3b1a36d7e0162f82f20985ade31c25dd16795aae5,0.45175395145262565,0.03571428571428571,,measured_nonempty
MoE20-R5,inference,turn_1,sft,932,3,4,decode,86,172,1,single_rank,4244be3f0d3fae30c37b23d3b1a36d7e0162f82f20985ade31c25dd16795aae5,0.36917460154389636,0.0755813953488372,,measured_nonempty
MoE20-R5,inference,turn_1,sft,932,3,4,other,0,0,1,single_rank,4244be3f0d3fae30c37b23d3b1a36d7e0162f82f20985ade31c25dd16795aae5,,,,no_positions_no_balance_evidence
MoE20-R5,inference,turn_1,sft,932,5,6,total,100,200,1,single_rank,4244be3f0d3fae30c37b23d3b1a36d7e0162f82f20985ade31c25dd16795aae5,0.3231098884280702,0.045,,measured_nonempty
MoE20-R5,inference,turn_1,sft,932,5,6,prefill,14,28,1,single_rank,4244be3f0d3fae30c37b23d3b1a36d7e0162f82f20985ade31c25dd16795aae5,0.5890150893739515,0.03571428571428571,,measured_nonempty
MoE20-R5,inference,turn_1,sft,932,5,6,decode,86,172,1,single_rank,4244be3f0d3fae30c37b23d3b1a36d7e0162f82f20985ade31c25dd16795aae5,0.38000313112484163,0.046511627906976744,,measured_nonempty
MoE20-R5,inference,turn_1,sft,932,5,6,other,0,0,1,single_rank,4244be3f0d3fae30c37b23d3b1a36d7e0162f82f20985ade31c25dd16795aae5,,,,no_positions_no_balance_evidence
MoE20-R5,inference,turn_1,sft,932,7,8,total,100,200,1,single_rank,4244be3f0d3fae30c37b23d3b1a36d7e0162f82f20985ade31c25dd16795aae5,0.22090722034374521,0.09,,measured_nonempty
MoE20-R5,inference,turn_1,sft,932,7,8,prefill,14,28,1,single_rank,4244be3f0d3fae30c37b23d3b1a36d7e0162f82f20985ade31c25dd16795aae5,0.47380354147934284,0.03571428571428571,,measured_nonempty
MoE20-R5,inference,turn_1,sft,932,7,8,decode,86,172,1,single_rank,4244be3f0d3fae30c37b23d3b1a36d7e0162f82f20985ade31c25dd16795aae5,0.23371803770048583,0.08139534883720931,,measured_nonempty
MoE20-R5,inference,turn_1,sft,932,7,8,other,0,0,1,single_rank,4244be3f0d3fae30c37b23d3b1a36d7e0162f82f20985ade31c25dd16795aae5,,,,no_positions_no_balance_evidence
MoE20-R5,inference,turn_1,sft,932,9,10,total,100,200,1,single_rank,4244be3f0d3fae30c37b23d3b1a36d7e0162f82f20985ade31c25dd16795aae5,0.23323807579381203,0.07,,measured_nonempty
MoE20-R5,inference,turn_1,sft,932,9,10,prefill,14,28,1,single_rank,4244be3f0d3fae30c37b23d3b1a36d7e0162f82f20985ade31c25dd16795aae5,0.6226998490772392,0.03571428571428571,,measured_nonempty
MoE20-R5,inference,turn_1,sft,932,9,10,decode,86,172,1,single_rank,4244be3f0d3fae30c37b23d3b1a36d7e0162f82f20985ade31c25dd16795aae5,0.27906976744186046,0.040697674418604654,,measured_nonempty
MoE20-R5,inference,turn_1,sft,932,9,10,other,0,0,1,single_rank,4244be3f0d3fae30c37b23d3b1a36d7e0162f82f20985ade31c25dd16795aae5,,,,no_positions_no_balance_evidence
MoE20-R5,inference,turn_1,sft,932,11,12,total,100,200,1,single_rank,4244be3f0d3fae30c37b23d3b1a36d7e0162f82f20985ade31c25dd16795aae5,0.260768096208106,0.08,,measured_nonempty
MoE20-R5,inference,turn_1,sft,932,11,12,prefill,14,28,1,single_rank,4244be3f0d3fae30c37b23d3b1a36d7e0162f82f20985ade31c25dd16795aae5,0.31943828249996997,0.07142857142857142,,measured_nonempty
MoE20-R5,inference,turn_1,sft,932,11,12,decode,86,172,1,single_rank,4244be3f0d3fae30c37b23d3b1a36d7e0162f82f20985ade31c25dd16795aae5,0.33215946179269074,0.0755813953488372,,measured_nonempty
MoE20-R5,inference,turn_1,sft,932,11,12,other,0,0,1,single_rank,4244be3f0d3fae30c37b23d3b1a36d7e0162f82f20985ade31c25dd16795aae5,,,,no_positions_no_balance_evidence
MoE20-R5,inference,turn_1,sft,932,13,14,total,100,200,1,single_rank,4244be3f0d3fae30c37b23d3b1a36d7e0162f82f20985ade31c25dd16795aae5,0.35777087639996635,0.04,,measured_nonempty
MoE20-R5,inference,turn_1,sft,932,13,14,prefill,14,28,1,single_rank,4244be3f0d3fae30c37b23d3b1a36d7e0162f82f20985ade31c25dd16795aae5,0.5532833351724882,0.07142857142857142,,measured_nonempty
MoE20-R5,inference,turn_1,sft,932,13,14,decode,86,172,1,single_rank,4244be3f0d3fae30c37b23d3b1a36d7e0162f82f20985ade31c25dd16795aae5,0.4799945916407045,0.01744186046511628,,measured_nonempty
MoE20-R5,inference,turn_1,sft,932,13,14,other,0,0,1,single_rank,4244be3f0d3fae30c37b23d3b1a36d7e0162f82f20985ade31c25dd16795aae5,,,,no_positions_no_balance_evidence
MoE20-R5,inference,turn_1,sft,932,15,16,total,100,200,1,single_rank,4244be3f0d3fae30c37b23d3b1a36d7e0162f82f20985ade31c25dd16795aae5,0.35156791662493897,0.065,,measured_nonempty
MoE20-R5,inference,turn_1,sft,932,15,16,prefill,14,28,1,single_rank,4244be3f0d3fae30c37b23d3b1a36d7e0162f82f20985ade31c25dd16795aae5,0.5345224838248488,0.03571428571428571,,measured_nonempty
MoE20-R5,inference,turn_1,sft,932,15,16,decode,86,172,1,single_rank,4244be3f0d3fae30c37b23d3b1a36d7e0162f82f20985ade31c25dd16795aae5,0.44733451306212424,0.040697674418604654,,measured_nonempty
MoE20-R5,inference,turn_1,sft,932,15,16,other,0,0,1,single_rank,4244be3f0d3fae30c37b23d3b1a36d7e0162f82f20985ade31c25dd16795aae5,,,,no_positions_no_balance_evidence
MoE20-R5,inference,turn_1,sft,932,17,18,total,100,200,1,single_rank,4244be3f0d3fae30c37b23d3b1a36d7e0162f82f20985ade31c25dd16795aae5,0.867179335547152,0.025,,measured_nonempty
MoE20-R5,inference,turn_1,sft,932,17,18,prefill,14,28,1,single_rank,4244be3f0d3fae30c37b23d3b1a36d7e0162f82f20985ade31c25dd16795aae5,0.37796447300922725,0.07142857142857142,,measured_nonempty
MoE20-R5,inference,turn_1,sft,932,17,18,decode,86,172,1,single_rank,4244be3f0d3fae30c37b23d3b1a36d7e0162f82f20985ade31c25dd16795aae5,0.9989177486006757,0.01744186046511628,,measured_nonempty
MoE20-R5,inference,turn_1,sft,932,17,18,other,0,0,1,single_rank,4244be3f0d3fae30c37b23d3b1a36d7e0162f82f20985ade31c25dd16795aae5,,,,no_positions_no_balance_evidence
MoE20-R5,inference,turn_1,sft,932,19,20,total,100,200,1,single_rank,4244be3f0d3fae30c37b23d3b1a36d7e0162f82f20985ade31c25dd16795aae5,0.4915282290977803,0.02,,measured_nonempty
MoE20-R5,inference,turn_1,sft,932,19,20,prefill,14,28,1,single_rank,4244be3f0d3fae30c37b23d3b1a36d7e0162f82f20985ade31c25dd16795aae5,0.9367769320431429,0,4;5,measured_nonempty
MoE20-R5,inference,turn_1,sft,932,19,20,decode,86,172,1,single_rank,4244be3f0d3fae30c37b23d3b1a36d7e0162f82f20985ade31c25dd16795aae5,0.5663160772970196,0.023255813953488372,,measured_nonempty
MoE20-R5,inference,turn_1,sft,932,19,20,other,0,0,1,single_rank,4244be3f0d3fae30c37b23d3b1a36d7e0162f82f20985ade31c25dd16795aae5,,,,no_positions_no_balance_evidence
